,Name,GRID_kWh,GRID_v_kWh,PV_roofs_top_E_kWh,PV_roofs_top_m2,Enet,PV_Power_W,PV_Investment_€,E_PV_gen_kWh
2011-01-01 00:00:00,B3820,0.119,0.0,0.0,36.33,0.119,5812.799999999999,6394.08,0.0
2011-01-01 01:00:00,B3820,0.119,0.0,0.0,36.33,0.119,5812.799999999999,6394.08,0.0
2011-01-01 02:00:00,B3820,0.119,0.0,0.0,36.33,0.119,5812.799999999999,6394.08,0.0
2011-01-01 03:00:00,B3820,0.119,0.0,0.0,36.33,0.119,5812.799999999999,6394.08,0.0
2011-01-01 04:00:00,B3820,0.119,0.0,0.0,36.33,0.119,5812.799999999999,6394.08,0.0
2011-01-01 05:00:00,B3820,0.214,0.0,0.0,36.33,0.214,5812.799999999999,6394.08,0.0
2011-01-01 06:00:00,B3820,0.787,0.0,0.0,36.33,0.787,5812.799999999999,6394.08,0.0
2011-01-01 07:00:00,B3820,0.215,0.0,0.0,36.33,0.215,5812.799999999999,6394.08,0.0
2011-01-01 08:00:00,B3820,2.52,2.4,0.0,36.33,2.52,5812.799999999999,6394.08,0.0
2011-01-01 09:00:00,B3820,2.52,2.4,0.36,36.33,2.13,5812.799999999999,6394.08,0.39
2011-01-01 10:00:00,B3820,2.52,2.4,0.5,36.33,2.0,5812.799999999999,6394.08,0.52
2011-01-01 11:00:00,B3820,2.52,2.4,0.49,36.33,2.02,5812.799999999999,6394.08,0.5
2011-01-01 12:00:00,B3820,3.187,2.4,0.51,36.33,2.667,5812.799999999999,6394.08,0.52
2011-01-01 13:00:00,B3820,0.215,0.0,0.48,36.33,-0.275,5812.799999999999,6394.08,0.49
2011-01-01 14:00:00,B3820,0.12,0.0,0.38,36.33,-0.26,5812.799999999999,6394.08,0.38
2011-01-01 15:00:00,B3820,0.12,0.0,0.3,36.33,-0.18,5812.799999999999,6394.08,0.3
2011-01-01 16:00:00,B3820,0.12,0.0,0.0,36.33,0.12,5812.799999999999,6394.08,0.0
2011-01-01 17:00:00,B3820,0.215,0.0,0.0,36.33,0.215,5812.799999999999,6394.08,0.0
2011-01-01 18:00:00,B3820,0.787,0.0,0.0,36.33,0.787,5812.799999999999,6394.08,0.0
2011-01-01 19:00:00,B3820,0.977,0.0,0.0,36.33,0.977,5812.799999999999,6394.08,0.0
2011-01-01 20:00:00,B3820,0.215,0.0,0.0,36.33,0.215,5812.799999999999,6394.08,0.0
2011-01-01 21:00:00,B3820,0.214,0.0,0.0,36.33,0.214,5812.799999999999,6394.08,0.0
2011-01-01 22:00:00,B3820,0.214,0.0,0.0,36.33,0.214,5812.799999999999,6394.08,0.0
2011-01-01 23:00:00,B3820,0.119,0.0,0.0,36.33,0.119,5812.799999999999,6394.08,0.0
2011-01-02 00:00:00,B3820,0.119,0.0,0.0,36.33,0.119,5812.799999999999,6394.08,0.0
2011-01-02 01:00:00,B3820,0.119,0.0,0.0,36.33,0.119,5812.799999999999,6394.08,0.0
2011-01-02 02:00:00,B3820,0.119,0.0,0.0,36.33,0.119,5812.799999999999,6394.08,0.0
2011-01-02 03:00:00,B3820,0.119,0.0,0.0,36.33,0.119,5812.799999999999,6394.08,0.0
2011-01-02 04:00:00,B3820,0.119,0.0,0.0,36.33,0.119,5812.799999999999,6394.08,0.0
2011-01-02 05:00:00,B3820,0.214,0.0,0.0,36.33,0.214,5812.799999999999,6394.08,0.0
2011-01-02 06:00:00,B3820,0.787,0.0,0.0,36.33,0.787,5812.799999999999,6394.08,0.0
2011-01-02 07:00:00,B3820,0.215,0.0,0.0,36.33,0.215,5812.799999999999,6394.08,0.0
2011-01-02 08:00:00,B3820,2.52,2.4,0.0,36.33,2.52,5812.799999999999,6394.08,0.0
2011-01-02 09:00:00,B3820,2.52,2.4,0.47,36.33,2.02,5812.799999999999,6394.08,0.5
2011-01-02 10:00:00,B3820,2.52,2.4,0.7,36.33,1.79,5812.799999999999,6394.08,0.73
2011-01-02 11:00:00,B3820,2.52,2.4,0.85,36.33,1.65,5812.799999999999,6394.08,0.87
2011-01-02 12:00:00,B3820,3.187,2.4,0.72,36.33,2.457,5812.799999999999,6394.08,0.73
2011-01-02 13:00:00,B3820,0.215,0.0,0.52,36.33,-0.31500000000000006,5812.799999999999,6394.08,0.53
2011-01-02 14:00:00,B3820,0.12,0.0,0.45,36.33,-0.33,5812.799999999999,6394.08,0.45
2011-01-02 15:00:00,B3820,0.12,0.0,0.29,36.33,-0.16999999999999998,5812.799999999999,6394.08,0.29
2011-01-02 16:00:00,B3820,0.12,0.0,0.0,36.33,0.12,5812.799999999999,6394.08,0.0
2011-01-02 17:00:00,B3820,0.215,0.0,0.0,36.33,0.215,5812.799999999999,6394.08,0.0
2011-01-02 18:00:00,B3820,0.787,0.0,0.0,36.33,0.787,5812.799999999999,6394.08,0.0
2011-01-02 19:00:00,B3820,0.977,0.0,0.0,36.33,0.977,5812.799999999999,6394.08,0.0
2011-01-02 20:00:00,B3820,0.215,0.0,0.0,36.33,0.215,5812.799999999999,6394.08,0.0
2011-01-02 21:00:00,B3820,0.214,0.0,0.0,36.33,0.214,5812.799999999999,6394.08,0.0
2011-01-02 22:00:00,B3820,0.214,0.0,0.0,36.33,0.214,5812.799999999999,6394.08,0.0
2011-01-02 23:00:00,B3820,0.119,0.0,0.0,36.33,0.119,5812.799999999999,6394.08,0.0
2011-01-03 00:00:00,B3820,2.519,2.4,0.0,36.33,2.519,5812.799999999999,6394.08,0.0
2011-01-03 01:00:00,B3820,2.519,2.4,0.0,36.33,2.519,5812.799999999999,6394.08,0.0
2011-01-03 02:00:00,B3820,2.519,2.4,0.0,36.33,2.519,5812.799999999999,6394.08,0.0
2011-01-03 03:00:00,B3820,2.519,2.4,0.0,36.33,2.519,5812.799999999999,6394.08,0.0
2011-01-03 04:00:00,B3820,2.519,2.4,0.0,36.33,2.519,5812.799999999999,6394.08,0.0
2011-01-03 05:00:00,B3820,0.214,0.0,0.0,36.33,0.214,5812.799999999999,6394.08,0.0
2011-01-03 06:00:00,B3820,0.787,0.0,0.0,36.33,0.787,5812.799999999999,6394.08,0.0
2011-01-03 07:00:00,B3820,0.215,0.0,0.0,36.33,0.215,5812.799999999999,6394.08,0.0
2011-01-03 08:00:00,B3820,0.12,0.0,0.0,36.33,0.12,5812.799999999999,6394.08,0.0
2011-01-03 09:00:00,B3820,0.12,0.0,0.4,36.33,-0.31,5812.799999999999,6394.08,0.43
2011-01-03 10:00:00,B3820,0.12,0.0,0.59,36.33,-0.49,5812.799999999999,6394.08,0.61
2011-01-03 11:00:00,B3820,0.12,0.0,0.73,36.33,-0.63,5812.799999999999,6394.08,0.75
2011-01-03 12:00:00,B3820,0.787,0.0,0.8,36.33,-0.03299999999999992,5812.799999999999,6394.08,0.82
2011-01-03 13:00:00,B3820,0.215,0.0,0.73,36.33,-0.525,5812.799999999999,6394.08,0.74
2011-01-03 14:00:00,B3820,0.12,0.0,0.58,36.33,-0.47,5812.799999999999,6394.08,0.59
2011-01-03 15:00:00,B3820,0.12,0.0,0.37,36.33,-0.25,5812.799999999999,6394.08,0.37
2011-01-03 16:00:00,B3820,0.12,0.0,0.0,36.33,0.12,5812.799999999999,6394.08,0.0
2011-01-03 17:00:00,B3820,0.215,0.0,0.0,36.33,0.215,5812.799999999999,6394.08,0.0
2011-01-03 18:00:00,B3820,0.787,0.0,0.0,36.33,0.787,5812.799999999999,6394.08,0.0
2011-01-03 19:00:00,B3820,0.977,0.0,0.0,36.33,0.977,5812.799999999999,6394.08,0.0
2011-01-03 20:00:00,B3820,0.215,0.0,0.0,36.33,0.215,5812.799999999999,6394.08,0.0
2011-01-03 21:00:00,B3820,0.214,0.0,0.0,36.33,0.214,5812.799999999999,6394.08,0.0
2011-01-03 22:00:00,B3820,0.214,0.0,0.0,36.33,0.214,5812.799999999999,6394.08,0.0
2011-01-03 23:00:00,B3820,0.119,0.0,0.0,36.33,0.119,5812.799999999999,6394.08,0.0
2011-01-04 00:00:00,B3820,2.519,2.4,0.0,36.33,2.519,5812.799999999999,6394.08,0.0
2011-01-04 01:00:00,B3820,2.519,2.4,0.0,36.33,2.519,5812.799999999999,6394.08,0.0
2011-01-04 02:00:00,B3820,2.519,2.4,0.0,36.33,2.519,5812.799999999999,6394.08,0.0
2011-01-04 03:00:00,B3820,2.519,2.4,0.0,36.33,2.519,5812.799999999999,6394.08,0.0
2011-01-04 04:00:00,B3820,2.519,2.4,0.0,36.33,2.519,5812.799999999999,6394.08,0.0
2011-01-04 05:00:00,B3820,0.214,0.0,0.0,36.33,0.214,5812.799999999999,6394.08,0.0
2011-01-04 06:00:00,B3820,0.787,0.0,0.0,36.33,0.787,5812.799999999999,6394.08,0.0
2011-01-04 07:00:00,B3820,0.215,0.0,0.0,36.33,0.215,5812.799999999999,6394.08,0.0
2011-01-04 08:00:00,B3820,0.12,0.0,0.0,36.33,0.12,5812.799999999999,6394.08,0.0
2011-01-04 09:00:00,B3820,0.12,0.0,0.35,36.33,-0.26,5812.799999999999,6394.08,0.38
2011-01-04 10:00:00,B3820,0.12,0.0,0.47,36.33,-0.37,5812.799999999999,6394.08,0.49
2011-01-04 11:00:00,B3820,0.12,0.0,0.63,36.33,-0.52,5812.799999999999,6394.08,0.64
2011-01-04 12:00:00,B3820,0.786,0.0,0.69,36.33,0.07600000000000007,5812.799999999999,6394.08,0.71
2011-01-04 13:00:00,B3820,0.215,0.0,0.58,36.33,-0.375,5812.799999999999,6394.08,0.59
2011-01-04 14:00:00,B3820,0.12,0.0,0.49,36.33,-0.37,5812.799999999999,6394.08,0.49
2011-01-04 15:00:00,B3820,0.12,0.0,0.36,36.33,-0.24,5812.799999999999,6394.08,0.36
2011-01-04 16:00:00,B3820,0.12,0.0,0.0,36.33,0.12,5812.799999999999,6394.08,0.0
2011-01-04 17:00:00,B3820,0.215,0.0,0.0,36.33,0.215,5812.799999999999,6394.08,0.0
2011-01-04 18:00:00,B3820,0.786,0.0,0.0,36.33,0.786,5812.799999999999,6394.08,0.0
2011-01-04 19:00:00,B3820,0.977,0.0,0.0,36.33,0.977,5812.799999999999,6394.08,0.0
2011-01-04 20:00:00,B3820,0.215,0.0,0.0,36.33,0.215,5812.799999999999,6394.08,0.0
2011-01-04 21:00:00,B3820,0.214,0.0,0.0,36.33,0.214,5812.799999999999,6394.08,0.0
2011-01-04 22:00:00,B3820,0.214,0.0,0.0,36.33,0.214,5812.799999999999,6394.08,0.0
2011-01-04 23:00:00,B3820,0.119,0.0,0.0,36.33,0.119,5812.799999999999,6394.08,0.0
2011-01-05 00:00:00,B3820,2.519,2.4,0.0,36.33,2.519,5812.799999999999,6394.08,0.0
2011-01-05 01:00:00,B3820,2.519,2.4,0.0,36.33,2.519,5812.799999999999,6394.08,0.0
2011-01-05 02:00:00,B3820,2.519,2.4,0.0,36.33,2.519,5812.799999999999,6394.08,0.0
2011-01-05 03:00:00,B3820,2.519,2.4,0.0,36.33,2.519,5812.799999999999,6394.08,0.0
2011-01-05 04:00:00,B3820,2.519,2.4,0.0,36.33,2.519,5812.799999999999,6394.08,0.0
2011-01-05 05:00:00,B3820,0.214,0.0,0.0,36.33,0.214,5812.799999999999,6394.08,0.0
2011-01-05 06:00:00,B3820,0.786,0.0,0.0,36.33,0.786,5812.799999999999,6394.08,0.0
2011-01-05 07:00:00,B3820,0.215,0.0,0.0,36.33,0.215,5812.799999999999,6394.08,0.0
2011-01-05 08:00:00,B3820,0.12,0.0,0.0,36.33,0.12,5812.799999999999,6394.08,0.0
2011-01-05 09:00:00,B3820,0.12,0.0,0.35,36.33,-0.25,5812.799999999999,6394.08,0.37
2011-01-05 10:00:00,B3820,0.12,0.0,0.43,36.33,-0.33,5812.799999999999,6394.08,0.45
2011-01-05 11:00:00,B3820,0.12,0.0,0.42,36.33,-0.31,5812.799999999999,6394.08,0.43
2011-01-05 12:00:00,B3820,0.786,0.0,0.45,36.33,0.336,5812.799999999999,6394.08,0.45
2011-01-05 13:00:00,B3820,0.215,0.0,0.43,36.33,-0.215,5812.799999999999,6394.08,0.43
2011-01-05 14:00:00,B3820,0.12,0.0,0.33,36.33,-0.21000000000000002,5812.799999999999,6394.08,0.33
2011-01-05 15:00:00,B3820,0.12,0.0,0.22,36.33,-0.1,5812.799999999999,6394.08,0.22
2011-01-05 16:00:00,B3820,0.12,0.0,0.0,36.33,0.12,5812.799999999999,6394.08,0.0
2011-01-05 17:00:00,B3820,0.215,0.0,0.0,36.33,0.215,5812.799999999999,6394.08,0.0
2011-01-05 18:00:00,B3820,0.786,0.0,0.0,36.33,0.786,5812.799999999999,6394.08,0.0
2011-01-05 19:00:00,B3820,0.977,0.0,0.0,36.33,0.977,5812.799999999999,6394.08,0.0
2011-01-05 20:00:00,B3820,0.215,0.0,0.0,36.33,0.215,5812.799999999999,6394.08,0.0
2011-01-05 21:00:00,B3820,0.214,0.0,0.0,36.33,0.214,5812.799999999999,6394.08,0.0
2011-01-05 22:00:00,B3820,0.214,0.0,0.0,36.33,0.214,5812.799999999999,6394.08,0.0
2011-01-05 23:00:00,B3820,0.119,0.0,0.0,36.33,0.119,5812.799999999999,6394.08,0.0
2011-01-06 00:00:00,B3820,2.519,2.4,0.0,36.33,2.519,5812.799999999999,6394.08,0.0
2011-01-06 01:00:00,B3820,2.519,2.4,0.0,36.33,2.519,5812.799999999999,6394.08,0.0
2011-01-06 02:00:00,B3820,2.519,2.4,0.0,36.33,2.519,5812.799999999999,6394.08,0.0
2011-01-06 03:00:00,B3820,2.519,2.4,0.0,36.33,2.519,5812.799999999999,6394.08,0.0
2011-01-06 04:00:00,B3820,2.519,2.4,0.0,36.33,2.519,5812.799999999999,6394.08,0.0
2011-01-06 05:00:00,B3820,0.214,0.0,0.0,36.33,0.214,5812.799999999999,6394.08,0.0
2011-01-06 06:00:00,B3820,0.786,0.0,0.0,36.33,0.786,5812.799999999999,6394.08,0.0
2011-01-06 07:00:00,B3820,0.215,0.0,0.0,36.33,0.215,5812.799999999999,6394.08,0.0
2011-01-06 08:00:00,B3820,0.12,0.0,0.0,36.33,0.12,5812.799999999999,6394.08,0.0
2011-01-06 09:00:00,B3820,0.12,0.0,0.39,36.33,-0.29,5812.799999999999,6394.08,0.41
2011-01-06 10:00:00,B3820,0.12,0.0,0.57,36.33,-0.48,5812.799999999999,6394.08,0.6
2011-01-06 11:00:00,B3820,0.12,0.0,0.71,36.33,-0.61,5812.799999999999,6394.08,0.73
2011-01-06 12:00:00,B3820,0.786,0.0,0.67,36.33,0.10599999999999998,5812.799999999999,6394.08,0.68
2011-01-06 13:00:00,B3820,0.214,0.0,0.52,36.33,-0.32600000000000007,5812.799999999999,6394.08,0.54
2011-01-06 14:00:00,B3820,0.12,0.0,0.36,36.33,-0.24,5812.799999999999,6394.08,0.36
2011-01-06 15:00:00,B3820,0.12,0.0,0.0,36.33,0.12,5812.799999999999,6394.08,0.0
2011-01-06 16:00:00,B3820,0.12,0.0,0.0,36.33,0.12,5812.799999999999,6394.08,0.0
2011-01-06 17:00:00,B3820,0.215,0.0,0.0,36.33,0.215,5812.799999999999,6394.08,0.0
2011-01-06 18:00:00,B3820,0.786,0.0,0.0,36.33,0.786,5812.799999999999,6394.08,0.0
2011-01-06 19:00:00,B3820,0.977,0.0,0.0,36.33,0.977,5812.799999999999,6394.08,0.0
2011-01-06 20:00:00,B3820,0.215,0.0,0.0,36.33,0.215,5812.799999999999,6394.08,0.0
2011-01-06 21:00:00,B3820,0.214,0.0,0.0,36.33,0.214,5812.799999999999,6394.08,0.0
2011-01-06 22:00:00,B3820,0.214,0.0,0.0,36.33,0.214,5812.799999999999,6394.08,0.0
2011-01-06 23:00:00,B3820,0.119,0.0,0.0,36.33,0.119,5812.799999999999,6394.08,0.0
2011-01-07 00:00:00,B3820,2.519,2.4,0.0,36.33,2.519,5812.799999999999,6394.08,0.0
2011-01-07 01:00:00,B3820,2.519,2.4,0.0,36.33,2.519,5812.799999999999,6394.08,0.0
2011-01-07 02:00:00,B3820,2.519,2.4,0.0,36.33,2.519,5812.799999999999,6394.08,0.0
2011-01-07 03:00:00,B3820,2.519,2.4,0.0,36.33,2.519,5812.799999999999,6394.08,0.0
2011-01-07 04:00:00,B3820,2.519,2.4,0.0,36.33,2.519,5812.799999999999,6394.08,0.0
2011-01-07 05:00:00,B3820,0.214,0.0,0.0,36.33,0.214,5812.799999999999,6394.08,0.0
2011-01-07 06:00:00,B3820,0.786,0.0,0.0,36.33,0.786,5812.799999999999,6394.08,0.0
2011-01-07 07:00:00,B3820,0.215,0.0,0.0,36.33,0.215,5812.799999999999,6394.08,0.0
2011-01-07 08:00:00,B3820,0.12,0.0,0.0,36.33,0.12,5812.799999999999,6394.08,0.0
2011-01-07 09:00:00,B3820,0.12,0.0,0.27,36.33,-0.18,5812.799999999999,6394.08,0.3
2011-01-07 10:00:00,B3820,0.12,0.0,0.34,36.33,-0.24,5812.799999999999,6394.08,0.36
2011-01-07 11:00:00,B3820,0.12,0.0,0.43,36.33,-0.32,5812.799999999999,6394.08,0.44
2011-01-07 12:00:00,B3820,0.786,0.0,0.56,36.33,0.21600000000000008,5812.799999999999,6394.08,0.57
2011-01-07 13:00:00,B3820,0.214,0.0,0.54,36.33,-0.3360000000000001,5812.799999999999,6394.08,0.55
2011-01-07 14:00:00,B3820,0.12,0.0,0.42,36.33,-0.3,5812.799999999999,6394.08,0.42
2011-01-07 15:00:00,B3820,0.12,0.0,0.31,36.33,-0.19,5812.799999999999,6394.08,0.31
2011-01-07 16:00:00,B3820,0.12,0.0,0.0,36.33,0.12,5812.799999999999,6394.08,0.0
2011-01-07 17:00:00,B3820,0.215,0.0,0.0,36.33,0.215,5812.799999999999,6394.08,0.0
2011-01-07 18:00:00,B3820,0.786,0.0,0.0,36.33,0.786,5812.799999999999,6394.08,0.0
2011-01-07 19:00:00,B3820,0.977,0.0,0.0,36.33,0.977,5812.799999999999,6394.08,0.0
2011-01-07 20:00:00,B3820,0.215,0.0,0.0,36.33,0.215,5812.799999999999,6394.08,0.0
2011-01-07 21:00:00,B3820,0.214,0.0,0.0,36.33,0.214,5812.799999999999,6394.08,0.0
2011-01-07 22:00:00,B3820,0.214,0.0,0.0,36.33,0.214,5812.799999999999,6394.08,0.0
2011-01-07 23:00:00,B3820,0.119,0.0,0.0,36.33,0.119,5812.799999999999,6394.08,0.0
2011-01-08 00:00:00,B3820,0.119,0.0,0.0,36.33,0.119,5812.799999999999,6394.08,0.0
2011-01-08 01:00:00,B3820,0.119,0.0,0.0,36.33,0.119,5812.799999999999,6394.08,0.0
2011-01-08 02:00:00,B3820,0.119,0.0,0.0,36.33,0.119,5812.799999999999,6394.08,0.0
2011-01-08 03:00:00,B3820,0.119,0.0,0.0,36.33,0.119,5812.799999999999,6394.08,0.0
2011-01-08 04:00:00,B3820,0.119,0.0,0.0,36.33,0.119,5812.799999999999,6394.08,0.0
2011-01-08 05:00:00,B3820,0.214,0.0,0.0,36.33,0.214,5812.799999999999,6394.08,0.0
2011-01-08 06:00:00,B3820,0.786,0.0,0.0,36.33,0.786,5812.799999999999,6394.08,0.0
2011-01-08 07:00:00,B3820,0.215,0.0,0.0,36.33,0.215,5812.799999999999,6394.08,0.0
2011-01-08 08:00:00,B3820,2.52,2.4,0.0,36.33,2.52,5812.799999999999,6394.08,0.0
2011-01-08 09:00:00,B3820,2.52,2.4,0.31,36.33,2.19,5812.799999999999,6394.08,0.33
2011-01-08 10:00:00,B3820,2.52,2.4,0.52,36.33,1.98,5812.799999999999,6394.08,0.54
2011-01-08 11:00:00,B3820,2.52,2.4,0.65,36.33,1.8599999999999999,5812.799999999999,6394.08,0.66
2011-01-08 12:00:00,B3820,3.186,2.4,0.74,36.33,2.436,5812.799999999999,6394.08,0.75
2011-01-08 13:00:00,B3820,0.215,0.0,0.75,36.33,-0.545,5812.799999999999,6394.08,0.76
2011-01-08 14:00:00,B3820,0.12,0.0,0.61,36.33,-0.5,5812.799999999999,6394.08,0.62
2011-01-08 15:00:00,B3820,0.12,0.0,0.4,36.33,-0.28,5812.799999999999,6394.08,0.4
2011-01-08 16:00:00,B3820,0.12,0.0,0.0,36.33,0.12,5812.799999999999,6394.08,0.0
2011-01-08 17:00:00,B3820,0.215,0.0,0.0,36.33,0.215,5812.799999999999,6394.08,0.0
2011-01-08 18:00:00,B3820,0.786,0.0,0.0,36.33,0.786,5812.799999999999,6394.08,0.0
2011-01-08 19:00:00,B3820,0.977,0.0,0.0,36.33,0.977,5812.799999999999,6394.08,0.0
2011-01-08 20:00:00,B3820,0.215,0.0,0.0,36.33,0.215,5812.799999999999,6394.08,0.0
2011-01-08 21:00:00,B3820,0.214,0.0,0.0,36.33,0.214,5812.799999999999,6394.08,0.0
2011-01-08 22:00:00,B3820,0.214,0.0,0.0,36.33,0.214,5812.799999999999,6394.08,0.0
2011-01-08 23:00:00,B3820,0.119,0.0,0.0,36.33,0.119,5812.799999999999,6394.08,0.0
2011-01-09 00:00:00,B3820,0.119,0.0,0.0,36.33,0.119,5812.799999999999,6394.08,0.0
2011-01-09 01:00:00,B3820,0.119,0.0,0.0,36.33,0.119,5812.799999999999,6394.08,0.0
2011-01-09 02:00:00,B3820,0.119,0.0,0.0,36.33,0.119,5812.799999999999,6394.08,0.0
2011-01-09 03:00:00,B3820,0.119,0.0,0.0,36.33,0.119,5812.799999999999,6394.08,0.0
2011-01-09 04:00:00,B3820,0.119,0.0,0.0,36.33,0.119,5812.799999999999,6394.08,0.0
2011-01-09 05:00:00,B3820,0.214,0.0,0.0,36.33,0.214,5812.799999999999,6394.08,0.0
2011-01-09 06:00:00,B3820,0.787,0.0,0.0,36.33,0.787,5812.799999999999,6394.08,0.0
2011-01-09 07:00:00,B3820,0.215,0.0,0.0,36.33,0.215,5812.799999999999,6394.08,0.0
2011-01-09 08:00:00,B3820,2.52,2.4,0.0,36.33,2.52,5812.799999999999,6394.08,0.0
2011-01-09 09:00:00,B3820,2.52,2.4,0.5,36.33,1.98,5812.799999999999,6394.08,0.54
2011-01-09 10:00:00,B3820,2.52,2.4,0.72,36.33,1.77,5812.799999999999,6394.08,0.75
2011-01-09 11:00:00,B3820,2.52,2.4,0.82,36.33,1.6800000000000002,5812.799999999999,6394.08,0.84
2011-01-09 12:00:00,B3820,3.186,2.4,0.77,36.33,2.4059999999999997,5812.799999999999,6394.08,0.78
2011-01-09 13:00:00,B3820,0.215,0.0,0.65,36.33,-0.44500000000000006,5812.799999999999,6394.08,0.66
2011-01-09 14:00:00,B3820,0.12,0.0,0.51,36.33,-0.39,5812.799999999999,6394.08,0.51
2011-01-09 15:00:00,B3820,0.12,0.0,0.32,36.33,-0.2,5812.799999999999,6394.08,0.32
2011-01-09 16:00:00,B3820,0.12,0.0,0.1,36.33,0.01999999999999999,5812.799999999999,6394.08,0.1
2011-01-09 17:00:00,B3820,0.215,0.0,0.0,36.33,0.215,5812.799999999999,6394.08,0.0
2011-01-09 18:00:00,B3820,0.787,0.0,0.0,36.33,0.787,5812.799999999999,6394.08,0.0
2011-01-09 19:00:00,B3820,0.977,0.0,0.0,36.33,0.977,5812.799999999999,6394.08,0.0
2011-01-09 20:00:00,B3820,0.215,0.0,0.0,36.33,0.215,5812.799999999999,6394.08,0.0
2011-01-09 21:00:00,B3820,0.214,0.0,0.0,36.33,0.214,5812.799999999999,6394.08,0.0
2011-01-09 22:00:00,B3820,0.214,0.0,0.0,36.33,0.214,5812.799999999999,6394.08,0.0
2011-01-09 23:00:00,B3820,0.119,0.0,0.0,36.33,0.119,5812.799999999999,6394.08,0.0
2011-01-10 00:00:00,B3820,2.519,2.4,0.0,36.33,2.519,5812.799999999999,6394.08,0.0
2011-01-10 01:00:00,B3820,2.519,2.4,0.0,36.33,2.519,5812.799999999999,6394.08,0.0
2011-01-10 02:00:00,B3820,2.519,2.4,0.0,36.33,2.519,5812.799999999999,6394.08,0.0
2011-01-10 03:00:00,B3820,2.519,2.4,0.0,36.33,2.519,5812.799999999999,6394.08,0.0
2011-01-10 04:00:00,B3820,2.519,2.4,0.0,36.33,2.519,5812.799999999999,6394.08,0.0
2011-01-10 05:00:00,B3820,0.214,0.0,0.0,36.33,0.214,5812.799999999999,6394.08,0.0
2011-01-10 06:00:00,B3820,0.787,0.0,0.0,36.33,0.787,5812.799999999999,6394.08,0.0
2011-01-10 07:00:00,B3820,0.215,0.0,0.0,36.33,0.215,5812.799999999999,6394.08,0.0
2011-01-10 08:00:00,B3820,0.12,0.0,0.0,36.33,0.12,5812.799999999999,6394.08,0.0
2011-01-10 09:00:00,B3820,0.12,0.0,0.35,36.33,-0.26,5812.799999999999,6394.08,0.38
2011-01-10 10:00:00,B3820,0.12,0.0,0.55,36.33,-0.44999999999999996,5812.799999999999,6394.08,0.57
2011-01-10 11:00:00,B3820,0.12,0.0,0.62,36.33,-0.51,5812.799999999999,6394.08,0.63
2011-01-10 12:00:00,B3820,0.787,0.0,0.58,36.33,0.19700000000000006,5812.799999999999,6394.08,0.59
2011-01-10 13:00:00,B3820,0.215,0.0,0.52,36.33,-0.31500000000000006,5812.799999999999,6394.08,0.53
2011-01-10 14:00:00,B3820,0.12,0.0,0.45,36.33,-0.33,5812.799999999999,6394.08,0.45
2011-01-10 15:00:00,B3820,0.12,0.0,0.31,36.33,-0.19,5812.799999999999,6394.08,0.31
2011-01-10 16:00:00,B3820,0.12,0.0,0.0,36.33,0.12,5812.799999999999,6394.08,0.0
2011-01-10 17:00:00,B3820,0.215,0.0,0.0,36.33,0.215,5812.799999999999,6394.08,0.0
2011-01-10 18:00:00,B3820,0.786,0.0,0.0,36.33,0.786,5812.799999999999,6394.08,0.0
2011-01-10 19:00:00,B3820,0.977,0.0,0.0,36.33,0.977,5812.799999999999,6394.08,0.0
2011-01-10 20:00:00,B3820,0.215,0.0,0.0,36.33,0.215,5812.799999999999,6394.08,0.0
2011-01-10 21:00:00,B3820,0.214,0.0,0.0,36.33,0.214,5812.799999999999,6394.08,0.0
2011-01-10 22:00:00,B3820,0.214,0.0,0.0,36.33,0.214,5812.799999999999,6394.08,0.0
2011-01-10 23:00:00,B3820,0.119,0.0,0.0,36.33,0.119,5812.799999999999,6394.08,0.0
2011-01-11 00:00:00,B3820,2.519,2.4,0.0,36.33,2.519,5812.799999999999,6394.08,0.0
2011-01-11 01:00:00,B3820,2.519,2.4,0.0,36.33,2.519,5812.799999999999,6394.08,0.0
2011-01-11 02:00:00,B3820,2.519,2.4,0.0,36.33,2.519,5812.799999999999,6394.08,0.0
2011-01-11 03:00:00,B3820,2.519,2.4,0.0,36.33,2.519,5812.799999999999,6394.08,0.0
2011-01-11 04:00:00,B3820,2.519,2.4,0.0,36.33,2.519,5812.799999999999,6394.08,0.0
2011-01-11 05:00:00,B3820,0.214,0.0,0.0,36.33,0.214,5812.799999999999,6394.08,0.0
2011-01-11 06:00:00,B3820,0.787,0.0,0.0,36.33,0.787,5812.799999999999,6394.08,0.0
2011-01-11 07:00:00,B3820,0.215,0.0,0.0,36.33,0.215,5812.799999999999,6394.08,0.0
2011-01-11 08:00:00,B3820,0.12,0.0,0.0,36.33,0.12,5812.799999999999,6394.08,0.0
2011-01-11 09:00:00,B3820,0.12,0.0,0.42,36.33,-0.33,5812.799999999999,6394.08,0.45
2011-01-11 10:00:00,B3820,0.12,0.0,0.54,36.33,-0.44000000000000006,5812.799999999999,6394.08,0.56
2011-01-11 11:00:00,B3820,0.12,0.0,0.58,36.33,-0.47,5812.799999999999,6394.08,0.59
2011-01-11 12:00:00,B3820,0.786,0.0,0.6,36.33,0.17600000000000005,5812.799999999999,6394.08,0.61
2011-01-11 13:00:00,B3820,0.215,0.0,0.58,36.33,-0.375,5812.799999999999,6394.08,0.59
2011-01-11 14:00:00,B3820,0.12,0.0,0.49,36.33,-0.38,5812.799999999999,6394.08,0.5
2011-01-11 15:00:00,B3820,0.12,0.0,0.34,36.33,-0.22000000000000003,5812.799999999999,6394.08,0.34
2011-01-11 16:00:00,B3820,0.12,0.0,0.12,36.33,0.0,5812.799999999999,6394.08,0.12
2011-01-11 17:00:00,B3820,0.215,0.0,0.0,36.33,0.215,5812.799999999999,6394.08,0.0
2011-01-11 18:00:00,B3820,0.786,0.0,0.0,36.33,0.786,5812.799999999999,6394.08,0.0
2011-01-11 19:00:00,B3820,0.977,0.0,0.0,36.33,0.977,5812.799999999999,6394.08,0.0
2011-01-11 20:00:00,B3820,0.215,0.0,0.0,36.33,0.215,5812.799999999999,6394.08,0.0
2011-01-11 21:00:00,B3820,0.214,0.0,0.0,36.33,0.214,5812.799999999999,6394.08,0.0
2011-01-11 22:00:00,B3820,0.214,0.0,0.0,36.33,0.214,5812.799999999999,6394.08,0.0
2011-01-11 23:00:00,B3820,0.119,0.0,0.0,36.33,0.119,5812.799999999999,6394.08,0.0
2011-01-12 00:00:00,B3820,2.519,2.4,0.0,36.33,2.519,5812.799999999999,6394.08,0.0
2011-01-12 01:00:00,B3820,2.519,2.4,0.0,36.33,2.519,5812.799999999999,6394.08,0.0
2011-01-12 02:00:00,B3820,2.519,2.4,0.0,36.33,2.519,5812.799999999999,6394.08,0.0
2011-01-12 03:00:00,B3820,2.519,2.4,0.0,36.33,2.519,5812.799999999999,6394.08,0.0
2011-01-12 04:00:00,B3820,2.519,2.4,0.0,36.33,2.519,5812.799999999999,6394.08,0.0
2011-01-12 05:00:00,B3820,0.214,0.0,0.0,36.33,0.214,5812.799999999999,6394.08,0.0
2011-01-12 06:00:00,B3820,0.787,0.0,0.0,36.33,0.787,5812.799999999999,6394.08,0.0
2011-01-12 07:00:00,B3820,0.215,0.0,0.0,36.33,0.215,5812.799999999999,6394.08,0.0
2011-01-12 08:00:00,B3820,0.12,0.0,0.0,36.33,0.12,5812.799999999999,6394.08,0.0
2011-01-12 09:00:00,B3820,0.12,0.0,0.52,36.33,-0.44000000000000006,5812.799999999999,6394.08,0.56
2011-01-12 10:00:00,B3820,0.12,0.0,0.73,36.33,-0.64,5812.799999999999,6394.08,0.76
2011-01-12 11:00:00,B3820,0.12,0.0,0.81,36.33,-0.71,5812.799999999999,6394.08,0.83
2011-01-12 12:00:00,B3820,0.786,0.0,0.72,36.33,0.05600000000000005,5812.799999999999,6394.08,0.73
2011-01-12 13:00:00,B3820,0.215,0.0,0.67,36.33,-0.4650000000000001,5812.799999999999,6394.08,0.68
2011-01-12 14:00:00,B3820,0.12,0.0,0.64,36.33,-0.53,5812.799999999999,6394.08,0.65
2011-01-12 15:00:00,B3820,0.12,0.0,0.41,36.33,-0.29,5812.799999999999,6394.08,0.41
2011-01-12 16:00:00,B3820,0.12,0.0,0.0,36.33,0.12,5812.799999999999,6394.08,0.0
2011-01-12 17:00:00,B3820,0.215,0.0,0.0,36.33,0.215,5812.799999999999,6394.08,0.0
2011-01-12 18:00:00,B3820,0.786,0.0,0.0,36.33,0.786,5812.799999999999,6394.08,0.0
2011-01-12 19:00:00,B3820,0.977,0.0,0.0,36.33,0.977,5812.799999999999,6394.08,0.0
2011-01-12 20:00:00,B3820,0.215,0.0,0.0,36.33,0.215,5812.799999999999,6394.08,0.0
2011-01-12 21:00:00,B3820,0.214,0.0,0.0,36.33,0.214,5812.799999999999,6394.08,0.0
2011-01-12 22:00:00,B3820,0.214,0.0,0.0,36.33,0.214,5812.799999999999,6394.08,0.0
2011-01-12 23:00:00,B3820,0.119,0.0,0.0,36.33,0.119,5812.799999999999,6394.08,0.0
2011-01-13 00:00:00,B3820,2.519,2.4,0.0,36.33,2.519,5812.799999999999,6394.08,0.0
2011-01-13 01:00:00,B3820,2.519,2.4,0.0,36.33,2.519,5812.799999999999,6394.08,0.0
2011-01-13 02:00:00,B3820,2.519,2.4,0.0,36.33,2.519,5812.799999999999,6394.08,0.0
2011-01-13 03:00:00,B3820,2.519,2.4,0.0,36.33,2.519,5812.799999999999,6394.08,0.0
2011-01-13 04:00:00,B3820,2.519,2.4,0.0,36.33,2.519,5812.799999999999,6394.08,0.0
2011-01-13 05:00:00,B3820,0.214,0.0,0.0,36.33,0.214,5812.799999999999,6394.08,0.0
2011-01-13 06:00:00,B3820,0.787,0.0,0.0,36.33,0.787,5812.799999999999,6394.08,0.0
2011-01-13 07:00:00,B3820,0.215,0.0,0.0,36.33,0.215,5812.799999999999,6394.08,0.0
2011-01-13 08:00:00,B3820,0.12,0.0,0.0,36.33,0.12,5812.799999999999,6394.08,0.0
2011-01-13 09:00:00,B3820,0.12,0.0,0.55,36.33,-0.45999999999999996,5812.799999999999,6394.08,0.58
2011-01-13 10:00:00,B3820,0.12,0.0,0.74,36.33,-0.64,5812.799999999999,6394.08,0.76
2011-01-13 11:00:00,B3820,0.12,0.0,0.77,36.33,-0.67,5812.799999999999,6394.08,0.79
2011-01-13 12:00:00,B3820,0.786,0.0,0.66,36.33,0.11599999999999999,5812.799999999999,6394.08,0.67
2011-01-13 13:00:00,B3820,0.215,0.0,0.57,36.33,-0.365,5812.799999999999,6394.08,0.58
2011-01-13 14:00:00,B3820,0.12,0.0,0.48,36.33,-0.37,5812.799999999999,6394.08,0.49
2011-01-13 15:00:00,B3820,0.12,0.0,0.34,36.33,-0.22000000000000003,5812.799999999999,6394.08,0.34
2011-01-13 16:00:00,B3820,0.12,0.0,0.12,36.33,0.0,5812.799999999999,6394.08,0.12
2011-01-13 17:00:00,B3820,0.215,0.0,0.0,36.33,0.215,5812.799999999999,6394.08,0.0
2011-01-13 18:00:00,B3820,0.787,0.0,0.0,36.33,0.787,5812.799999999999,6394.08,0.0
2011-01-13 19:00:00,B3820,0.978,0.0,0.0,36.33,0.978,5812.799999999999,6394.08,0.0
2011-01-13 20:00:00,B3820,0.215,0.0,0.0,36.33,0.215,5812.799999999999,6394.08,0.0
2011-01-13 21:00:00,B3820,0.214,0.0,0.0,36.33,0.214,5812.799999999999,6394.08,0.0
2011-01-13 22:00:00,B3820,0.214,0.0,0.0,36.33,0.214,5812.799999999999,6394.08,0.0
2011-01-13 23:00:00,B3820,0.119,0.0,0.0,36.33,0.119,5812.799999999999,6394.08,0.0
2011-01-14 00:00:00,B3820,2.519,2.4,0.0,36.33,2.519,5812.799999999999,6394.08,0.0
2011-01-14 01:00:00,B3820,2.519,2.4,0.0,36.33,2.519,5812.799999999999,6394.08,0.0
2011-01-14 02:00:00,B3820,2.519,2.4,0.0,36.33,2.519,5812.799999999999,6394.08,0.0
2011-01-14 03:00:00,B3820,2.519,2.4,0.0,36.33,2.519,5812.799999999999,6394.08,0.0
2011-01-14 04:00:00,B3820,2.519,2.4,0.0,36.33,2.519,5812.799999999999,6394.08,0.0
2011-01-14 05:00:00,B3820,0.214,0.0,0.0,36.33,0.214,5812.799999999999,6394.08,0.0
2011-01-14 06:00:00,B3820,0.787,0.0,0.0,36.33,0.787,5812.799999999999,6394.08,0.0
2011-01-14 07:00:00,B3820,0.215,0.0,0.0,36.33,0.215,5812.799999999999,6394.08,0.0
2011-01-14 08:00:00,B3820,0.12,0.0,0.0,36.33,0.12,5812.799999999999,6394.08,0.0
2011-01-14 09:00:00,B3820,0.12,0.0,0.54,36.33,-0.44999999999999996,5812.799999999999,6394.08,0.57
2011-01-14 10:00:00,B3820,0.12,0.0,0.78,36.33,-0.6900000000000001,5812.799999999999,6394.08,0.81
2011-01-14 11:00:00,B3820,0.12,0.0,0.84,36.33,-0.74,5812.799999999999,6394.08,0.86
2011-01-14 12:00:00,B3820,0.787,0.0,0.78,36.33,-0.0030000000000000027,5812.799999999999,6394.08,0.79
2011-01-14 13:00:00,B3820,0.215,0.0,0.63,36.33,-0.42500000000000004,5812.799999999999,6394.08,0.64
2011-01-14 14:00:00,B3820,0.12,0.0,0.53,36.33,-0.42000000000000004,5812.799999999999,6394.08,0.54
2011-01-14 15:00:00,B3820,0.12,0.0,0.39,36.33,-0.27,5812.799999999999,6394.08,0.39
2011-01-14 16:00:00,B3820,0.12,0.0,0.14,36.33,-0.020000000000000018,5812.799999999999,6394.08,0.14
2011-01-14 17:00:00,B3820,0.215,0.0,0.0,36.33,0.215,5812.799999999999,6394.08,0.0
2011-01-14 18:00:00,B3820,0.787,0.0,0.0,36.33,0.787,5812.799999999999,6394.08,0.0
2011-01-14 19:00:00,B3820,0.978,0.0,0.0,36.33,0.978,5812.799999999999,6394.08,0.0
2011-01-14 20:00:00,B3820,0.215,0.0,0.0,36.33,0.215,5812.799999999999,6394.08,0.0
2011-01-14 21:00:00,B3820,0.214,0.0,0.0,36.33,0.214,5812.799999999999,6394.08,0.0
2011-01-14 22:00:00,B3820,0.214,0.0,0.0,36.33,0.214,5812.799999999999,6394.08,0.0
2011-01-14 23:00:00,B3820,0.119,0.0,0.0,36.33,0.119,5812.799999999999,6394.08,0.0
2011-01-15 00:00:00,B3820,0.119,0.0,0.0,36.33,0.119,5812.799999999999,6394.08,0.0
2011-01-15 01:00:00,B3820,0.119,0.0,0.0,36.33,0.119,5812.799999999999,6394.08,0.0
2011-01-15 02:00:00,B3820,0.119,0.0,0.0,36.33,0.119,5812.799999999999,6394.08,0.0
2011-01-15 03:00:00,B3820,0.119,0.0,0.0,36.33,0.119,5812.799999999999,6394.08,0.0
2011-01-15 04:00:00,B3820,0.119,0.0,0.0,36.33,0.119,5812.799999999999,6394.08,0.0
2011-01-15 05:00:00,B3820,0.214,0.0,0.0,36.33,0.214,5812.799999999999,6394.08,0.0
2011-01-15 06:00:00,B3820,0.787,0.0,0.0,36.33,0.787,5812.799999999999,6394.08,0.0
2011-01-15 07:00:00,B3820,0.215,0.0,0.0,36.33,0.215,5812.799999999999,6394.08,0.0
2011-01-15 08:00:00,B3820,2.52,2.4,0.0,36.33,2.52,5812.799999999999,6394.08,0.0
2011-01-15 09:00:00,B3820,2.52,2.4,0.52,36.33,1.96,5812.799999999999,6394.08,0.56
2011-01-15 10:00:00,B3820,2.52,2.4,0.76,36.33,1.73,5812.799999999999,6394.08,0.79
2011-01-15 11:00:00,B3820,2.52,2.4,0.74,36.33,1.76,5812.799999999999,6394.08,0.76
2011-01-15 12:00:00,B3820,3.187,2.4,0.64,36.33,2.537,5812.799999999999,6394.08,0.65
2011-01-15 13:00:00,B3820,0.215,0.0,0.6,36.33,-0.395,5812.799999999999,6394.08,0.61
2011-01-15 14:00:00,B3820,0.12,0.0,0.5,36.33,-0.39,5812.799999999999,6394.08,0.51
2011-01-15 15:00:00,B3820,0.12,0.0,0.37,36.33,-0.25,5812.799999999999,6394.08,0.37
2011-01-15 16:00:00,B3820,0.12,0.0,0.13,36.33,-0.010000000000000009,5812.799999999999,6394.08,0.13
2011-01-15 17:00:00,B3820,0.215,0.0,0.0,36.33,0.215,5812.799999999999,6394.08,0.0
2011-01-15 18:00:00,B3820,0.787,0.0,0.0,36.33,0.787,5812.799999999999,6394.08,0.0
2011-01-15 19:00:00,B3820,0.978,0.0,0.0,36.33,0.978,5812.799999999999,6394.08,0.0
2011-01-15 20:00:00,B3820,0.215,0.0,0.0,36.33,0.215,5812.799999999999,6394.08,0.0
2011-01-15 21:00:00,B3820,0.214,0.0,0.0,36.33,0.214,5812.799999999999,6394.08,0.0
2011-01-15 22:00:00,B3820,0.214,0.0,0.0,36.33,0.214,5812.799999999999,6394.08,0.0
2011-01-15 23:00:00,B3820,0.119,0.0,0.0,36.33,0.119,5812.799999999999,6394.08,0.0
2011-01-16 00:00:00,B3820,0.119,0.0,0.0,36.33,0.119,5812.799999999999,6394.08,0.0
2011-01-16 01:00:00,B3820,0.119,0.0,0.0,36.33,0.119,5812.799999999999,6394.08,0.0
2011-01-16 02:00:00,B3820,0.119,0.0,0.0,36.33,0.119,5812.799999999999,6394.08,0.0
2011-01-16 03:00:00,B3820,0.119,0.0,0.0,36.33,0.119,5812.799999999999,6394.08,0.0
2011-01-16 04:00:00,B3820,0.119,0.0,0.0,36.33,0.119,5812.799999999999,6394.08,0.0
2011-01-16 05:00:00,B3820,0.214,0.0,0.0,36.33,0.214,5812.799999999999,6394.08,0.0
2011-01-16 06:00:00,B3820,0.787,0.0,0.0,36.33,0.787,5812.799999999999,6394.08,0.0
2011-01-16 07:00:00,B3820,0.215,0.0,0.0,36.33,0.215,5812.799999999999,6394.08,0.0
2011-01-16 08:00:00,B3820,2.52,2.4,0.0,36.33,2.52,5812.799999999999,6394.08,0.0
2011-01-16 09:00:00,B3820,2.52,2.4,0.6,36.33,1.88,5812.799999999999,6394.08,0.64
2011-01-16 10:00:00,B3820,2.52,2.4,0.83,36.33,1.65,5812.799999999999,6394.08,0.87
2011-01-16 11:00:00,B3820,2.52,2.4,0.86,36.33,1.6400000000000001,5812.799999999999,6394.08,0.88
2011-01-16 12:00:00,B3820,3.187,2.4,0.77,36.33,2.407,5812.799999999999,6394.08,0.78
2011-01-16 13:00:00,B3820,0.215,0.0,0.74,36.33,-0.535,5812.799999999999,6394.08,0.75
2011-01-16 14:00:00,B3820,0.12,0.0,0.71,36.33,-0.61,5812.799999999999,6394.08,0.73
2011-01-16 15:00:00,B3820,0.12,0.0,0.5,36.33,-0.38,5812.799999999999,6394.08,0.5
2011-01-16 16:00:00,B3820,0.12,0.0,0.0,36.33,0.12,5812.799999999999,6394.08,0.0
2011-01-16 17:00:00,B3820,0.215,0.0,0.0,36.33,0.215,5812.799999999999,6394.08,0.0
2011-01-16 18:00:00,B3820,0.787,0.0,0.0,36.33,0.787,5812.799999999999,6394.08,0.0
2011-01-16 19:00:00,B3820,0.977,0.0,0.0,36.33,0.977,5812.799999999999,6394.08,0.0
2011-01-16 20:00:00,B3820,0.215,0.0,0.0,36.33,0.215,5812.799999999999,6394.08,0.0
2011-01-16 21:00:00,B3820,0.214,0.0,0.0,36.33,0.214,5812.799999999999,6394.08,0.0
2011-01-16 22:00:00,B3820,0.214,0.0,0.0,36.33,0.214,5812.799999999999,6394.08,0.0
2011-01-16 23:00:00,B3820,0.119,0.0,0.0,36.33,0.119,5812.799999999999,6394.08,0.0
2011-01-17 00:00:00,B3820,2.519,2.4,0.0,36.33,2.519,5812.799999999999,6394.08,0.0
2011-01-17 01:00:00,B3820,2.519,2.4,0.0,36.33,2.519,5812.799999999999,6394.08,0.0
2011-01-17 02:00:00,B3820,2.519,2.4,0.0,36.33,2.519,5812.799999999999,6394.08,0.0
2011-01-17 03:00:00,B3820,2.519,2.4,0.0,36.33,2.519,5812.799999999999,6394.08,0.0
2011-01-17 04:00:00,B3820,2.519,2.4,0.0,36.33,2.519,5812.799999999999,6394.08,0.0
2011-01-17 05:00:00,B3820,0.214,0.0,0.0,36.33,0.214,5812.799999999999,6394.08,0.0
2011-01-17 06:00:00,B3820,0.787,0.0,0.0,36.33,0.787,5812.799999999999,6394.08,0.0
2011-01-17 07:00:00,B3820,0.215,0.0,0.0,36.33,0.215,5812.799999999999,6394.08,0.0
2011-01-17 08:00:00,B3820,0.12,0.0,0.0,36.33,0.12,5812.799999999999,6394.08,0.0
2011-01-17 09:00:00,B3820,0.12,0.0,0.46,36.33,-0.37,5812.799999999999,6394.08,0.49
2011-01-17 10:00:00,B3820,0.12,0.0,0.7,36.33,-0.61,5812.799999999999,6394.08,0.73
2011-01-17 11:00:00,B3820,0.12,0.0,0.82,36.33,-0.72,5812.799999999999,6394.08,0.84
2011-01-17 12:00:00,B3820,0.786,0.0,0.8,36.33,-0.03399999999999992,5812.799999999999,6394.08,0.82
2011-01-17 13:00:00,B3820,0.215,0.0,0.75,36.33,-0.545,5812.799999999999,6394.08,0.76
2011-01-17 14:00:00,B3820,0.12,0.0,0.74,36.33,-0.63,5812.799999999999,6394.08,0.75
2011-01-17 15:00:00,B3820,0.12,0.0,0.54,36.33,-0.42000000000000004,5812.799999999999,6394.08,0.54
2011-01-17 16:00:00,B3820,0.12,0.0,0.0,36.33,0.12,5812.799999999999,6394.08,0.0
2011-01-17 17:00:00,B3820,0.215,0.0,0.0,36.33,0.215,5812.799999999999,6394.08,0.0
2011-01-17 18:00:00,B3820,0.787,0.0,0.0,36.33,0.787,5812.799999999999,6394.08,0.0
2011-01-17 19:00:00,B3820,0.977,0.0,0.0,36.33,0.977,5812.799999999999,6394.08,0.0
2011-01-17 20:00:00,B3820,0.215,0.0,0.0,36.33,0.215,5812.799999999999,6394.08,0.0
2011-01-17 21:00:00,B3820,0.214,0.0,0.0,36.33,0.214,5812.799999999999,6394.08,0.0
2011-01-17 22:00:00,B3820,0.214,0.0,0.0,36.33,0.214,5812.799999999999,6394.08,0.0
2011-01-17 23:00:00,B3820,0.119,0.0,0.0,36.33,0.119,5812.799999999999,6394.08,0.0
2011-01-18 00:00:00,B3820,2.519,2.4,0.0,36.33,2.519,5812.799999999999,6394.08,0.0
2011-01-18 01:00:00,B3820,2.519,2.4,0.0,36.33,2.519,5812.799999999999,6394.08,0.0
2011-01-18 02:00:00,B3820,2.519,2.4,0.0,36.33,2.519,5812.799999999999,6394.08,0.0
2011-01-18 03:00:00,B3820,2.519,2.4,0.0,36.33,2.519,5812.799999999999,6394.08,0.0
2011-01-18 04:00:00,B3820,2.519,2.4,0.0,36.33,2.519,5812.799999999999,6394.08,0.0
2011-01-18 05:00:00,B3820,0.214,0.0,0.0,36.33,0.214,5812.799999999999,6394.08,0.0
2011-01-18 06:00:00,B3820,0.787,0.0,0.0,36.33,0.787,5812.799999999999,6394.08,0.0
2011-01-18 07:00:00,B3820,0.215,0.0,0.0,36.33,0.215,5812.799999999999,6394.08,0.0
2011-01-18 08:00:00,B3820,0.12,0.0,0.0,36.33,0.12,5812.799999999999,6394.08,0.0
2011-01-18 09:00:00,B3820,0.12,0.0,0.6,36.33,-0.52,5812.799999999999,6394.08,0.64
2011-01-18 10:00:00,B3820,0.12,0.0,0.85,36.33,-0.76,5812.799999999999,6394.08,0.88
2011-01-18 11:00:00,B3820,0.12,0.0,0.91,36.33,-0.81,5812.799999999999,6394.08,0.93
2011-01-18 12:00:00,B3820,0.787,0.0,0.76,36.33,0.017000000000000015,5812.799999999999,6394.08,0.77
2011-01-18 13:00:00,B3820,0.215,0.0,0.64,36.33,-0.43500000000000005,5812.799999999999,6394.08,0.65
2011-01-18 14:00:00,B3820,0.12,0.0,0.6,36.33,-0.49,5812.799999999999,6394.08,0.61
2011-01-18 15:00:00,B3820,0.12,0.0,0.48,36.33,-0.36,5812.799999999999,6394.08,0.48
2011-01-18 16:00:00,B3820,0.12,0.0,0.19,36.33,-0.07,5812.799999999999,6394.08,0.19
2011-01-18 17:00:00,B3820,0.215,0.0,0.0,36.33,0.215,5812.799999999999,6394.08,0.0
2011-01-18 18:00:00,B3820,0.787,0.0,0.0,36.33,0.787,5812.799999999999,6394.08,0.0
2011-01-18 19:00:00,B3820,0.977,0.0,0.0,36.33,0.977,5812.799999999999,6394.08,0.0
2011-01-18 20:00:00,B3820,0.215,0.0,0.0,36.33,0.215,5812.799999999999,6394.08,0.0
2011-01-18 21:00:00,B3820,0.214,0.0,0.0,36.33,0.214,5812.799999999999,6394.08,0.0
2011-01-18 22:00:00,B3820,0.214,0.0,0.0,36.33,0.214,5812.799999999999,6394.08,0.0
2011-01-18 23:00:00,B3820,0.119,0.0,0.0,36.33,0.119,5812.799999999999,6394.08,0.0
2011-01-19 00:00:00,B3820,2.519,2.4,0.0,36.33,2.519,5812.799999999999,6394.08,0.0
2011-01-19 01:00:00,B3820,2.519,2.4,0.0,36.33,2.519,5812.799999999999,6394.08,0.0
2011-01-19 02:00:00,B3820,2.519,2.4,0.0,36.33,2.519,5812.799999999999,6394.08,0.0
2011-01-19 03:00:00,B3820,2.519,2.4,0.0,36.33,2.519,5812.799999999999,6394.08,0.0
2011-01-19 04:00:00,B3820,2.519,2.4,0.0,36.33,2.519,5812.799999999999,6394.08,0.0
2011-01-19 05:00:00,B3820,0.214,0.0,0.0,36.33,0.214,5812.799999999999,6394.08,0.0
2011-01-19 06:00:00,B3820,0.787,0.0,0.0,36.33,0.787,5812.799999999999,6394.08,0.0
2011-01-19 07:00:00,B3820,0.215,0.0,0.0,36.33,0.215,5812.799999999999,6394.08,0.0
2011-01-19 08:00:00,B3820,0.12,0.0,0.0,36.33,0.12,5812.799999999999,6394.08,0.0
2011-01-19 09:00:00,B3820,0.12,0.0,0.65,36.33,-0.57,5812.799999999999,6394.08,0.69
2011-01-19 10:00:00,B3820,0.12,0.0,0.73,36.33,-0.64,5812.799999999999,6394.08,0.76
2011-01-19 11:00:00,B3820,0.12,0.0,0.69,36.33,-0.58,5812.799999999999,6394.08,0.7
2011-01-19 12:00:00,B3820,0.787,0.0,0.67,36.33,0.10699999999999998,5812.799999999999,6394.08,0.68
2011-01-19 13:00:00,B3820,0.215,0.0,0.57,36.33,-0.355,5812.799999999999,6394.08,0.57
2011-01-19 14:00:00,B3820,0.12,0.0,0.44,36.33,-0.33,5812.799999999999,6394.08,0.45
2011-01-19 15:00:00,B3820,0.12,0.0,0.36,36.33,-0.24,5812.799999999999,6394.08,0.36
2011-01-19 16:00:00,B3820,0.12,0.0,0.13,36.33,-0.010000000000000009,5812.799999999999,6394.08,0.13
2011-01-19 17:00:00,B3820,0.215,0.0,0.0,36.33,0.215,5812.799999999999,6394.08,0.0
2011-01-19 18:00:00,B3820,0.787,0.0,0.0,36.33,0.787,5812.799999999999,6394.08,0.0
2011-01-19 19:00:00,B3820,0.978,0.0,0.0,36.33,0.978,5812.799999999999,6394.08,0.0
2011-01-19 20:00:00,B3820,0.215,0.0,0.0,36.33,0.215,5812.799999999999,6394.08,0.0
2011-01-19 21:00:00,B3820,0.214,0.0,0.0,36.33,0.214,5812.799999999999,6394.08,0.0
2011-01-19 22:00:00,B3820,0.214,0.0,0.0,36.33,0.214,5812.799999999999,6394.08,0.0
2011-01-19 23:00:00,B3820,0.119,0.0,0.0,36.33,0.119,5812.799999999999,6394.08,0.0
2011-01-20 00:00:00,B3820,2.519,2.4,0.0,36.33,2.519,5812.799999999999,6394.08,0.0
2011-01-20 01:00:00,B3820,2.519,2.4,0.0,36.33,2.519,5812.799999999999,6394.08,0.0
2011-01-20 02:00:00,B3820,2.519,2.4,0.0,36.33,2.519,5812.799999999999,6394.08,0.0
2011-01-20 03:00:00,B3820,2.519,2.4,0.0,36.33,2.519,5812.799999999999,6394.08,0.0
2011-01-20 04:00:00,B3820,2.519,2.4,0.0,36.33,2.519,5812.799999999999,6394.08,0.0
2011-01-20 05:00:00,B3820,0.214,0.0,0.0,36.33,0.214,5812.799999999999,6394.08,0.0
2011-01-20 06:00:00,B3820,0.787,0.0,0.0,36.33,0.787,5812.799999999999,6394.08,0.0
2011-01-20 07:00:00,B3820,0.215,0.0,0.0,36.33,0.215,5812.799999999999,6394.08,0.0
2011-01-20 08:00:00,B3820,0.12,0.0,0.0,36.33,0.12,5812.799999999999,6394.08,0.0
2011-01-20 09:00:00,B3820,0.12,0.0,0.43,36.33,-0.35,5812.799999999999,6394.08,0.47
2011-01-20 10:00:00,B3820,0.12,0.0,0.47,36.33,-0.37,5812.799999999999,6394.08,0.49
2011-01-20 11:00:00,B3820,0.12,0.0,0.47,36.33,-0.36,5812.799999999999,6394.08,0.48
2011-01-20 12:00:00,B3820,0.787,0.0,0.47,36.33,0.30700000000000005,5812.799999999999,6394.08,0.48
2011-01-20 13:00:00,B3820,0.215,0.0,0.48,36.33,-0.275,5812.799999999999,6394.08,0.49
2011-01-20 14:00:00,B3820,0.12,0.0,0.49,36.33,-0.37,5812.799999999999,6394.08,0.49
2011-01-20 15:00:00,B3820,0.12,0.0,0.43,36.33,-0.31,5812.799999999999,6394.08,0.43
2011-01-20 16:00:00,B3820,0.12,0.0,0.19,36.33,-0.07,5812.799999999999,6394.08,0.19
2011-01-20 17:00:00,B3820,0.215,0.0,0.0,36.33,0.215,5812.799999999999,6394.08,0.0
2011-01-20 18:00:00,B3820,0.787,0.0,0.0,36.33,0.787,5812.799999999999,6394.08,0.0
2011-01-20 19:00:00,B3820,0.978,0.0,0.0,36.33,0.978,5812.799999999999,6394.08,0.0
2011-01-20 20:00:00,B3820,0.215,0.0,0.0,36.33,0.215,5812.799999999999,6394.08,0.0
2011-01-20 21:00:00,B3820,0.214,0.0,0.0,36.33,0.214,5812.799999999999,6394.08,0.0
2011-01-20 22:00:00,B3820,0.214,0.0,0.0,36.33,0.214,5812.799999999999,6394.08,0.0
2011-01-20 23:00:00,B3820,0.119,0.0,0.0,36.33,0.119,5812.799999999999,6394.08,0.0
2011-01-21 00:00:00,B3820,2.519,2.4,0.0,36.33,2.519,5812.799999999999,6394.08,0.0
2011-01-21 01:00:00,B3820,2.519,2.4,0.0,36.33,2.519,5812.799999999999,6394.08,0.0
2011-01-21 02:00:00,B3820,2.519,2.4,0.0,36.33,2.519,5812.799999999999,6394.08,0.0
2011-01-21 03:00:00,B3820,2.519,2.4,0.0,36.33,2.519,5812.799999999999,6394.08,0.0
2011-01-21 04:00:00,B3820,2.519,2.4,0.0,36.33,2.519,5812.799999999999,6394.08,0.0
2011-01-21 05:00:00,B3820,0.214,0.0,0.0,36.33,0.214,5812.799999999999,6394.08,0.0
2011-01-21 06:00:00,B3820,0.787,0.0,0.0,36.33,0.787,5812.799999999999,6394.08,0.0
2011-01-21 07:00:00,B3820,0.215,0.0,0.0,36.33,0.215,5812.799999999999,6394.08,0.0
2011-01-21 08:00:00,B3820,0.12,0.0,0.0,36.33,0.12,5812.799999999999,6394.08,0.0
2011-01-21 09:00:00,B3820,0.12,0.0,0.38,36.33,-0.29,5812.799999999999,6394.08,0.41
2011-01-21 10:00:00,B3820,0.12,0.0,0.42,36.33,-0.32,5812.799999999999,6394.08,0.44
2011-01-21 11:00:00,B3820,0.12,0.0,0.44,36.33,-0.33,5812.799999999999,6394.08,0.45
2011-01-21 12:00:00,B3820,0.787,0.0,0.47,36.33,0.31700000000000006,5812.799999999999,6394.08,0.47
2011-01-21 13:00:00,B3820,0.215,0.0,0.48,36.33,-0.275,5812.799999999999,6394.08,0.49
2011-01-21 14:00:00,B3820,0.12,0.0,0.45,36.33,-0.33,5812.799999999999,6394.08,0.45
2011-01-21 15:00:00,B3820,0.12,0.0,0.36,36.33,-0.24,5812.799999999999,6394.08,0.36
2011-01-21 16:00:00,B3820,0.12,0.0,0.14,36.33,-0.020000000000000018,5812.799999999999,6394.08,0.14
2011-01-21 17:00:00,B3820,0.215,0.0,0.0,36.33,0.215,5812.799999999999,6394.08,0.0
2011-01-21 18:00:00,B3820,0.787,0.0,0.0,36.33,0.787,5812.799999999999,6394.08,0.0
2011-01-21 19:00:00,B3820,0.978,0.0,0.0,36.33,0.978,5812.799999999999,6394.08,0.0
2011-01-21 20:00:00,B3820,0.215,0.0,0.0,36.33,0.215,5812.799999999999,6394.08,0.0
2011-01-21 21:00:00,B3820,0.214,0.0,0.0,36.33,0.214,5812.799999999999,6394.08,0.0
2011-01-21 22:00:00,B3820,0.214,0.0,0.0,36.33,0.214,5812.799999999999,6394.08,0.0
2011-01-21 23:00:00,B3820,0.119,0.0,0.0,36.33,0.119,5812.799999999999,6394.08,0.0
2011-01-22 00:00:00,B3820,0.119,0.0,0.0,36.33,0.119,5812.799999999999,6394.08,0.0
2011-01-22 01:00:00,B3820,0.119,0.0,0.0,36.33,0.119,5812.799999999999,6394.08,0.0
2011-01-22 02:00:00,B3820,0.119,0.0,0.0,36.33,0.119,5812.799999999999,6394.08,0.0
2011-01-22 03:00:00,B3820,0.119,0.0,0.0,36.33,0.119,5812.799999999999,6394.08,0.0
2011-01-22 04:00:00,B3820,0.119,0.0,0.0,36.33,0.119,5812.799999999999,6394.08,0.0
2011-01-22 05:00:00,B3820,0.214,0.0,0.0,36.33,0.214,5812.799999999999,6394.08,0.0
2011-01-22 06:00:00,B3820,0.787,0.0,0.0,36.33,0.787,5812.799999999999,6394.08,0.0
2011-01-22 07:00:00,B3820,0.215,0.0,0.0,36.33,0.215,5812.799999999999,6394.08,0.0
2011-01-22 08:00:00,B3820,2.52,2.4,0.0,36.33,2.52,5812.799999999999,6394.08,0.0
2011-01-22 09:00:00,B3820,2.52,2.4,0.61,36.33,1.8599999999999999,5812.799999999999,6394.08,0.66
2011-01-22 10:00:00,B3820,2.52,2.4,0.73,36.33,1.76,5812.799999999999,6394.08,0.76
2011-01-22 11:00:00,B3820,2.52,2.4,0.71,36.33,1.79,5812.799999999999,6394.08,0.73
2011-01-22 12:00:00,B3820,3.187,2.4,0.66,36.33,2.517,5812.799999999999,6394.08,0.67
2011-01-22 13:00:00,B3820,0.215,0.0,0.62,36.33,-0.41500000000000004,5812.799999999999,6394.08,0.63
2011-01-22 14:00:00,B3820,0.12,0.0,0.58,36.33,-0.47,5812.799999999999,6394.08,0.59
2011-01-22 15:00:00,B3820,0.12,0.0,0.48,36.33,-0.36,5812.799999999999,6394.08,0.48
2011-01-22 16:00:00,B3820,0.12,0.0,0.2,36.33,-0.08000000000000002,5812.799999999999,6394.08,0.2
2011-01-22 17:00:00,B3820,0.215,0.0,0.0,36.33,0.215,5812.799999999999,6394.08,0.0
2011-01-22 18:00:00,B3820,0.787,0.0,0.0,36.33,0.787,5812.799999999999,6394.08,0.0
2011-01-22 19:00:00,B3820,0.978,0.0,0.0,36.33,0.978,5812.799999999999,6394.08,0.0
2011-01-22 20:00:00,B3820,0.215,0.0,0.0,36.33,0.215,5812.799999999999,6394.08,0.0
2011-01-22 21:00:00,B3820,0.214,0.0,0.0,36.33,0.214,5812.799999999999,6394.08,0.0
2011-01-22 22:00:00,B3820,0.214,0.0,0.0,36.33,0.214,5812.799999999999,6394.08,0.0
2011-01-22 23:00:00,B3820,0.119,0.0,0.0,36.33,0.119,5812.799999999999,6394.08,0.0
2011-01-23 00:00:00,B3820,0.119,0.0,0.0,36.33,0.119,5812.799999999999,6394.08,0.0
2011-01-23 01:00:00,B3820,0.119,0.0,0.0,36.33,0.119,5812.799999999999,6394.08,0.0
2011-01-23 02:00:00,B3820,0.119,0.0,0.0,36.33,0.119,5812.799999999999,6394.08,0.0
2011-01-23 03:00:00,B3820,0.119,0.0,0.0,36.33,0.119,5812.799999999999,6394.08,0.0
2011-01-23 04:00:00,B3820,0.119,0.0,0.0,36.33,0.119,5812.799999999999,6394.08,0.0
2011-01-23 05:00:00,B3820,0.214,0.0,0.0,36.33,0.214,5812.799999999999,6394.08,0.0
2011-01-23 06:00:00,B3820,0.787,0.0,0.0,36.33,0.787,5812.799999999999,6394.08,0.0
2011-01-23 07:00:00,B3820,0.215,0.0,0.0,36.33,0.215,5812.799999999999,6394.08,0.0
2011-01-23 08:00:00,B3820,2.52,2.4,0.0,36.33,2.52,5812.799999999999,6394.08,0.0
2011-01-23 09:00:00,B3820,2.52,2.4,0.63,36.33,1.8399999999999999,5812.799999999999,6394.08,0.68
2011-01-23 10:00:00,B3820,2.52,2.4,0.77,36.33,1.72,5812.799999999999,6394.08,0.8
2011-01-23 11:00:00,B3820,2.52,2.4,0.81,36.33,1.7000000000000002,5812.799999999999,6394.08,0.82
2011-01-23 12:00:00,B3820,3.187,2.4,0.88,36.33,2.2969999999999997,5812.799999999999,6394.08,0.89
2011-01-23 13:00:00,B3820,0.215,0.0,0.88,36.33,-0.675,5812.799999999999,6394.08,0.89
2011-01-23 14:00:00,B3820,0.12,0.0,0.77,36.33,-0.66,5812.799999999999,6394.08,0.78
2011-01-23 15:00:00,B3820,0.12,0.0,0.59,36.33,-0.48,5812.799999999999,6394.08,0.6
2011-01-23 16:00:00,B3820,0.12,0.0,0.22,36.33,-0.1,5812.799999999999,6394.08,0.22
2011-01-23 17:00:00,B3820,0.215,0.0,0.0,36.33,0.215,5812.799999999999,6394.08,0.0
2011-01-23 18:00:00,B3820,0.787,0.0,0.0,36.33,0.787,5812.799999999999,6394.08,0.0
2011-01-23 19:00:00,B3820,0.978,0.0,0.0,36.33,0.978,5812.799999999999,6394.08,0.0
2011-01-23 20:00:00,B3820,0.215,0.0,0.0,36.33,0.215,5812.799999999999,6394.08,0.0
2011-01-23 21:00:00,B3820,0.214,0.0,0.0,36.33,0.214,5812.799999999999,6394.08,0.0
2011-01-23 22:00:00,B3820,0.214,0.0,0.0,36.33,0.214,5812.799999999999,6394.08,0.0
2011-01-23 23:00:00,B3820,0.119,0.0,0.0,36.33,0.119,5812.799999999999,6394.08,0.0
2011-01-24 00:00:00,B3820,2.519,2.4,0.0,36.33,2.519,5812.799999999999,6394.08,0.0
2011-01-24 01:00:00,B3820,2.519,2.4,0.0,36.33,2.519,5812.799999999999,6394.08,0.0
2011-01-24 02:00:00,B3820,2.519,2.4,0.0,36.33,2.519,5812.799999999999,6394.08,0.0
2011-01-24 03:00:00,B3820,2.519,2.4,0.0,36.33,2.519,5812.799999999999,6394.08,0.0
2011-01-24 04:00:00,B3820,2.519,2.4,0.0,36.33,2.519,5812.799999999999,6394.08,0.0
2011-01-24 05:00:00,B3820,0.214,0.0,0.0,36.33,0.214,5812.799999999999,6394.08,0.0
2011-01-24 06:00:00,B3820,0.787,0.0,0.0,36.33,0.787,5812.799999999999,6394.08,0.0
2011-01-24 07:00:00,B3820,0.215,0.0,0.0,36.33,0.215,5812.799999999999,6394.08,0.0
2011-01-24 08:00:00,B3820,0.12,0.0,0.0,36.33,0.09999999999999999,5812.799999999999,6394.08,0.02
2011-01-24 09:00:00,B3820,0.12,0.0,0.42,36.33,-0.33,5812.799999999999,6394.08,0.45
2011-01-24 10:00:00,B3820,0.12,0.0,0.6,36.33,-0.51,5812.799999999999,6394.08,0.63
2011-01-24 11:00:00,B3820,0.12,0.0,0.61,36.33,-0.51,5812.799999999999,6394.08,0.63
2011-01-24 12:00:00,B3820,0.787,0.0,0.65,36.33,0.127,5812.799999999999,6394.08,0.66
2011-01-24 13:00:00,B3820,0.215,0.0,0.77,36.33,-0.5650000000000001,5812.799999999999,6394.08,0.78
2011-01-24 14:00:00,B3820,0.12,0.0,0.79,36.33,-0.68,5812.799999999999,6394.08,0.8
2011-01-24 15:00:00,B3820,0.12,0.0,0.59,36.33,-0.48,5812.799999999999,6394.08,0.6
2011-01-24 16:00:00,B3820,0.12,0.0,0.24,36.33,-0.12,5812.799999999999,6394.08,0.24
2011-01-24 17:00:00,B3820,0.215,0.0,0.0,36.33,0.215,5812.799999999999,6394.08,0.0
2011-01-24 18:00:00,B3820,0.787,0.0,0.0,36.33,0.787,5812.799999999999,6394.08,0.0
2011-01-24 19:00:00,B3820,0.978,0.0,0.0,36.33,0.978,5812.799999999999,6394.08,0.0
2011-01-24 20:00:00,B3820,0.215,0.0,0.0,36.33,0.215,5812.799999999999,6394.08,0.0
2011-01-24 21:00:00,B3820,0.214,0.0,0.0,36.33,0.214,5812.799999999999,6394.08,0.0
2011-01-24 22:00:00,B3820,0.214,0.0,0.0,36.33,0.214,5812.799999999999,6394.08,0.0
2011-01-24 23:00:00,B3820,0.119,0.0,0.0,36.33,0.119,5812.799999999999,6394.08,0.0
2011-01-25 00:00:00,B3820,2.519,2.4,0.0,36.33,2.519,5812.799999999999,6394.08,0.0
2011-01-25 01:00:00,B3820,2.519,2.4,0.0,36.33,2.519,5812.799999999999,6394.08,0.0
2011-01-25 02:00:00,B3820,2.519,2.4,0.0,36.33,2.519,5812.799999999999,6394.08,0.0
2011-01-25 03:00:00,B3820,2.519,2.4,0.0,36.33,2.519,5812.799999999999,6394.08,0.0
2011-01-25 04:00:00,B3820,2.519,2.4,0.0,36.33,2.519,5812.799999999999,6394.08,0.0
2011-01-25 05:00:00,B3820,0.214,0.0,0.0,36.33,0.214,5812.799999999999,6394.08,0.0
2011-01-25 06:00:00,B3820,0.787,0.0,0.0,36.33,0.787,5812.799999999999,6394.08,0.0
2011-01-25 07:00:00,B3820,0.215,0.0,0.0,36.33,0.215,5812.799999999999,6394.08,0.0
2011-01-25 08:00:00,B3820,0.12,0.0,0.24,36.33,-0.15000000000000002,5812.799999999999,6394.08,0.27
2011-01-25 09:00:00,B3820,0.12,0.0,0.49,36.33,-0.4,5812.799999999999,6394.08,0.52
2011-01-25 10:00:00,B3820,0.12,0.0,0.67,36.33,-0.58,5812.799999999999,6394.08,0.7
2011-01-25 11:00:00,B3820,0.12,0.0,0.8,36.33,-0.7,5812.799999999999,6394.08,0.82
2011-01-25 12:00:00,B3820,0.787,0.0,0.87,36.33,-0.10299999999999998,5812.799999999999,6394.08,0.89
2011-01-25 13:00:00,B3820,0.215,0.0,0.83,36.33,-0.635,5812.799999999999,6394.08,0.85
2011-01-25 14:00:00,B3820,0.12,0.0,0.66,36.33,-0.55,5812.799999999999,6394.08,0.67
2011-01-25 15:00:00,B3820,0.12,0.0,0.43,36.33,-0.31,5812.799999999999,6394.08,0.43
2011-01-25 16:00:00,B3820,0.12,0.0,0.0,36.33,0.12,5812.799999999999,6394.08,0.0
2011-01-25 17:00:00,B3820,0.215,0.0,0.0,36.33,0.215,5812.799999999999,6394.08,0.0
2011-01-25 18:00:00,B3820,0.787,0.0,0.0,36.33,0.787,5812.799999999999,6394.08,0.0
2011-01-25 19:00:00,B3820,0.978,0.0,0.0,36.33,0.978,5812.799999999999,6394.08,0.0
2011-01-25 20:00:00,B3820,0.215,0.0,0.0,36.33,0.215,5812.799999999999,6394.08,0.0
2011-01-25 21:00:00,B3820,0.214,0.0,0.0,36.33,0.214,5812.799999999999,6394.08,0.0
2011-01-25 22:00:00,B3820,0.214,0.0,0.0,36.33,0.214,5812.799999999999,6394.08,0.0
2011-01-25 23:00:00,B3820,0.119,0.0,0.0,36.33,0.119,5812.799999999999,6394.08,0.0
2011-01-26 00:00:00,B3820,2.519,2.4,0.0,36.33,2.519,5812.799999999999,6394.08,0.0
2011-01-26 01:00:00,B3820,2.519,2.4,0.0,36.33,2.519,5812.799999999999,6394.08,0.0
2011-01-26 02:00:00,B3820,2.519,2.4,0.0,36.33,2.519,5812.799999999999,6394.08,0.0
2011-01-26 03:00:00,B3820,2.519,2.4,0.0,36.33,2.519,5812.799999999999,6394.08,0.0
2011-01-26 04:00:00,B3820,2.519,2.4,0.0,36.33,2.519,5812.799999999999,6394.08,0.0
2011-01-26 05:00:00,B3820,0.214,0.0,0.0,36.33,0.214,5812.799999999999,6394.08,0.0
2011-01-26 06:00:00,B3820,0.787,0.0,0.0,36.33,0.787,5812.799999999999,6394.08,0.0
2011-01-26 07:00:00,B3820,0.215,0.0,0.0,36.33,0.215,5812.799999999999,6394.08,0.0
2011-01-26 08:00:00,B3820,0.12,0.0,0.27,36.33,-0.19,5812.799999999999,6394.08,0.31
2011-01-26 09:00:00,B3820,0.12,0.0,0.5,36.33,-0.42000000000000004,5812.799999999999,6394.08,0.54
2011-01-26 10:00:00,B3820,0.12,0.0,0.56,36.33,-0.47,5812.799999999999,6394.08,0.59
2011-01-26 11:00:00,B3820,0.12,0.0,0.59,36.33,-0.49,5812.799999999999,6394.08,0.61
2011-01-26 12:00:00,B3820,0.787,0.0,0.55,36.33,0.22699999999999998,5812.799999999999,6394.08,0.56
2011-01-26 13:00:00,B3820,0.215,0.0,0.48,36.33,-0.265,5812.799999999999,6394.08,0.48
2011-01-26 14:00:00,B3820,0.12,0.0,0.43,36.33,-0.31,5812.799999999999,6394.08,0.43
2011-01-26 15:00:00,B3820,0.12,0.0,0.35,36.33,-0.22999999999999998,5812.799999999999,6394.08,0.35
2011-01-26 16:00:00,B3820,0.12,0.0,0.2,36.33,-0.08000000000000002,5812.799999999999,6394.08,0.2
2011-01-26 17:00:00,B3820,0.215,0.0,0.0,36.33,0.215,5812.799999999999,6394.08,0.0
2011-01-26 18:00:00,B3820,0.787,0.0,0.0,36.33,0.787,5812.799999999999,6394.08,0.0
2011-01-26 19:00:00,B3820,0.978,0.0,0.0,36.33,0.978,5812.799999999999,6394.08,0.0
2011-01-26 20:00:00,B3820,0.215,0.0,0.0,36.33,0.215,5812.799999999999,6394.08,0.0
2011-01-26 21:00:00,B3820,0.214,0.0,0.0,36.33,0.214,5812.799999999999,6394.08,0.0
2011-01-26 22:00:00,B3820,0.214,0.0,0.0,36.33,0.214,5812.799999999999,6394.08,0.0
2011-01-26 23:00:00,B3820,0.119,0.0,0.0,36.33,0.119,5812.799999999999,6394.08,0.0
2011-01-27 00:00:00,B3820,2.519,2.4,0.0,36.33,2.519,5812.799999999999,6394.08,0.0
2011-01-27 01:00:00,B3820,2.519,2.4,0.0,36.33,2.519,5812.799999999999,6394.08,0.0
2011-01-27 02:00:00,B3820,2.519,2.4,0.0,36.33,2.519,5812.799999999999,6394.08,0.0
2011-01-27 03:00:00,B3820,2.519,2.4,0.0,36.33,2.519,5812.799999999999,6394.08,0.0
2011-01-27 04:00:00,B3820,2.519,2.4,0.0,36.33,2.519,5812.799999999999,6394.08,0.0
2011-01-27 05:00:00,B3820,0.214,0.0,0.0,36.33,0.214,5812.799999999999,6394.08,0.0
2011-01-27 06:00:00,B3820,0.787,0.0,0.0,36.33,0.787,5812.799999999999,6394.08,0.0
2011-01-27 07:00:00,B3820,0.215,0.0,0.0,36.33,0.215,5812.799999999999,6394.08,0.0
2011-01-27 08:00:00,B3820,0.12,0.0,0.22,36.33,-0.13,5812.799999999999,6394.08,0.25
2011-01-27 09:00:00,B3820,0.12,0.0,0.43,36.33,-0.34,5812.799999999999,6394.08,0.46
2011-01-27 10:00:00,B3820,0.12,0.0,0.62,36.33,-0.53,5812.799999999999,6394.08,0.65
2011-01-27 11:00:00,B3820,0.12,0.0,0.73,36.33,-0.63,5812.799999999999,6394.08,0.75
2011-01-27 12:00:00,B3820,0.787,0.0,0.83,36.33,-0.06299999999999994,5812.799999999999,6394.08,0.85
2011-01-27 13:00:00,B3820,0.215,0.0,0.83,36.33,-0.625,5812.799999999999,6394.08,0.84
2011-01-27 14:00:00,B3820,0.12,0.0,0.62,36.33,-0.51,5812.799999999999,6394.08,0.63
2011-01-27 15:00:00,B3820,0.12,0.0,0.44,36.33,-0.32,5812.799999999999,6394.08,0.44
2011-01-27 16:00:00,B3820,0.12,0.0,0.2,36.33,-0.08000000000000002,5812.799999999999,6394.08,0.2
2011-01-27 17:00:00,B3820,0.215,0.0,0.0,36.33,0.215,5812.799999999999,6394.08,0.0
2011-01-27 18:00:00,B3820,0.787,0.0,0.0,36.33,0.787,5812.799999999999,6394.08,0.0
2011-01-27 19:00:00,B3820,0.978,0.0,0.0,36.33,0.978,5812.799999999999,6394.08,0.0
2011-01-27 20:00:00,B3820,0.215,0.0,0.0,36.33,0.215,5812.799999999999,6394.08,0.0
2011-01-27 21:00:00,B3820,0.214,0.0,0.0,36.33,0.214,5812.799999999999,6394.08,0.0
2011-01-27 22:00:00,B3820,0.214,0.0,0.0,36.33,0.214,5812.799999999999,6394.08,0.0
2011-01-27 23:00:00,B3820,0.119,0.0,0.0,36.33,0.119,5812.799999999999,6394.08,0.0
2011-01-28 00:00:00,B3820,2.519,2.4,0.0,36.33,2.519,5812.799999999999,6394.08,0.0
2011-01-28 01:00:00,B3820,2.519,2.4,0.0,36.33,2.519,5812.799999999999,6394.08,0.0
2011-01-28 02:00:00,B3820,2.519,2.4,0.0,36.33,2.519,5812.799999999999,6394.08,0.0
2011-01-28 03:00:00,B3820,2.519,2.4,0.0,36.33,2.519,5812.799999999999,6394.08,0.0
2011-01-28 04:00:00,B3820,2.519,2.4,0.0,36.33,2.519,5812.799999999999,6394.08,0.0
2011-01-28 05:00:00,B3820,0.214,0.0,0.0,36.33,0.214,5812.799999999999,6394.08,0.0
2011-01-28 06:00:00,B3820,0.787,0.0,0.0,36.33,0.787,5812.799999999999,6394.08,0.0
2011-01-28 07:00:00,B3820,0.215,0.0,0.0,36.33,0.215,5812.799999999999,6394.08,0.0
2011-01-28 08:00:00,B3820,0.12,0.0,0.18,36.33,-0.09,5812.799999999999,6394.08,0.21
2011-01-28 09:00:00,B3820,0.12,0.0,0.39,36.33,-0.31,5812.799999999999,6394.08,0.43
2011-01-28 10:00:00,B3820,0.12,0.0,0.49,36.33,-0.4,5812.799999999999,6394.08,0.52
2011-01-28 11:00:00,B3820,0.12,0.0,0.56,36.33,-0.44999999999999996,5812.799999999999,6394.08,0.57
2011-01-28 12:00:00,B3820,0.787,0.0,0.57,36.33,0.20700000000000007,5812.799999999999,6394.08,0.58
2011-01-28 13:00:00,B3820,0.215,0.0,0.5,36.33,-0.29500000000000004,5812.799999999999,6394.08,0.51
2011-01-28 14:00:00,B3820,0.12,0.0,0.43,36.33,-0.31,5812.799999999999,6394.08,0.43
2011-01-28 15:00:00,B3820,0.12,0.0,0.37,36.33,-0.25,5812.799999999999,6394.08,0.37
2011-01-28 16:00:00,B3820,0.12,0.0,0.22,36.33,-0.1,5812.799999999999,6394.08,0.22
2011-01-28 17:00:00,B3820,0.215,0.0,0.0,36.33,0.215,5812.799999999999,6394.08,0.0
2011-01-28 18:00:00,B3820,0.787,0.0,0.0,36.33,0.787,5812.799999999999,6394.08,0.0
2011-01-28 19:00:00,B3820,0.978,0.0,0.0,36.33,0.978,5812.799999999999,6394.08,0.0
2011-01-28 20:00:00,B3820,0.215,0.0,0.0,36.33,0.215,5812.799999999999,6394.08,0.0
2011-01-28 21:00:00,B3820,0.214,0.0,0.0,36.33,0.214,5812.799999999999,6394.08,0.0
2011-01-28 22:00:00,B3820,0.214,0.0,0.0,36.33,0.214,5812.799999999999,6394.08,0.0
2011-01-28 23:00:00,B3820,0.119,0.0,0.0,36.33,0.119,5812.799999999999,6394.08,0.0
2011-01-29 00:00:00,B3820,0.119,0.0,0.0,36.33,0.119,5812.799999999999,6394.08,0.0
2011-01-29 01:00:00,B3820,0.119,0.0,0.0,36.33,0.119,5812.799999999999,6394.08,0.0
2011-01-29 02:00:00,B3820,0.119,0.0,0.0,36.33,0.119,5812.799999999999,6394.08,0.0
2011-01-29 03:00:00,B3820,0.119,0.0,0.0,36.33,0.119,5812.799999999999,6394.08,0.0
2011-01-29 04:00:00,B3820,0.119,0.0,0.0,36.33,0.119,5812.799999999999,6394.08,0.0
2011-01-29 05:00:00,B3820,0.214,0.0,0.0,36.33,0.214,5812.799999999999,6394.08,0.0
2011-01-29 06:00:00,B3820,0.787,0.0,0.0,36.33,0.787,5812.799999999999,6394.08,0.0
2011-01-29 07:00:00,B3820,0.215,0.0,0.0,36.33,0.215,5812.799999999999,6394.08,0.0
2011-01-29 08:00:00,B3820,2.52,2.4,0.23,36.33,2.25,5812.799999999999,6394.08,0.27
2011-01-29 09:00:00,B3820,2.52,2.4,0.41,36.33,2.07,5812.799999999999,6394.08,0.45
2011-01-29 10:00:00,B3820,2.52,2.4,0.5,36.33,1.99,5812.799999999999,6394.08,0.53
2011-01-29 11:00:00,B3820,2.52,2.4,0.67,36.33,1.83,5812.799999999999,6394.08,0.69
2011-01-29 12:00:00,B3820,3.187,2.4,0.75,36.33,2.4269999999999996,5812.799999999999,6394.08,0.76
2011-01-29 13:00:00,B3820,0.215,0.0,0.61,36.33,-0.405,5812.799999999999,6394.08,0.62
2011-01-29 14:00:00,B3820,0.12,0.0,0.5,36.33,-0.39,5812.799999999999,6394.08,0.51
2011-01-29 15:00:00,B3820,0.12,0.0,0.43,36.33,-0.31,5812.799999999999,6394.08,0.43
2011-01-29 16:00:00,B3820,0.12,0.0,0.21,36.33,-0.09,5812.799999999999,6394.08,0.21
2011-01-29 17:00:00,B3820,0.215,0.0,0.0,36.33,0.215,5812.799999999999,6394.08,0.0
2011-01-29 18:00:00,B3820,0.787,0.0,0.0,36.33,0.787,5812.799999999999,6394.08,0.0
2011-01-29 19:00:00,B3820,0.978,0.0,0.0,36.33,0.978,5812.799999999999,6394.08,0.0
2011-01-29 20:00:00,B3820,0.215,0.0,0.0,36.33,0.215,5812.799999999999,6394.08,0.0
2011-01-29 21:00:00,B3820,0.214,0.0,0.0,36.33,0.214,5812.799999999999,6394.08,0.0
2011-01-29 22:00:00,B3820,0.214,0.0,0.0,36.33,0.214,5812.799999999999,6394.08,0.0
2011-01-29 23:00:00,B3820,0.119,0.0,0.0,36.33,0.119,5812.799999999999,6394.08,0.0
2011-01-30 00:00:00,B3820,0.119,0.0,0.0,36.33,0.119,5812.799999999999,6394.08,0.0
2011-01-30 01:00:00,B3820,0.119,0.0,0.0,36.33,0.119,5812.799999999999,6394.08,0.0
2011-01-30 02:00:00,B3820,0.119,0.0,0.0,36.33,0.119,5812.799999999999,6394.08,0.0
2011-01-30 03:00:00,B3820,0.119,0.0,0.0,36.33,0.119,5812.799999999999,6394.08,0.0
2011-01-30 04:00:00,B3820,0.119,0.0,0.0,36.33,0.119,5812.799999999999,6394.08,0.0
2011-01-30 05:00:00,B3820,0.214,0.0,0.0,36.33,0.214,5812.799999999999,6394.08,0.0
2011-01-30 06:00:00,B3820,0.787,0.0,0.0,36.33,0.787,5812.799999999999,6394.08,0.0
2011-01-30 07:00:00,B3820,0.215,0.0,0.0,36.33,0.215,5812.799999999999,6394.08,0.0
2011-01-30 08:00:00,B3820,2.52,2.4,0.19,36.33,2.3,5812.799999999999,6394.08,0.22
2011-01-30 09:00:00,B3820,2.52,2.4,0.34,36.33,2.14,5812.799999999999,6394.08,0.38
2011-01-30 10:00:00,B3820,2.52,2.4,0.41,36.33,2.09,5812.799999999999,6394.08,0.43
2011-01-30 11:00:00,B3820,2.52,2.4,0.45,36.33,2.06,5812.799999999999,6394.08,0.46
2011-01-30 12:00:00,B3820,3.187,2.4,0.49,36.33,2.687,5812.799999999999,6394.08,0.5
2011-01-30 13:00:00,B3820,0.215,0.0,0.49,36.33,-0.275,5812.799999999999,6394.08,0.49
2011-01-30 14:00:00,B3820,0.12,0.0,0.44,36.33,-0.33,5812.799999999999,6394.08,0.45
2011-01-30 15:00:00,B3820,0.12,0.0,0.38,36.33,-0.26,5812.799999999999,6394.08,0.38
2011-01-30 16:00:00,B3820,0.12,0.0,0.21,36.33,-0.09,5812.799999999999,6394.08,0.21
2011-01-30 17:00:00,B3820,0.215,0.0,0.0,36.33,0.215,5812.799999999999,6394.08,0.0
2011-01-30 18:00:00,B3820,0.787,0.0,0.0,36.33,0.787,5812.799999999999,6394.08,0.0
2011-01-30 19:00:00,B3820,0.978,0.0,0.0,36.33,0.978,5812.799999999999,6394.08,0.0
2011-01-30 20:00:00,B3820,0.215,0.0,0.0,36.33,0.215,5812.799999999999,6394.08,0.0
2011-01-30 21:00:00,B3820,0.214,0.0,0.0,36.33,0.214,5812.799999999999,6394.08,0.0
2011-01-30 22:00:00,B3820,0.214,0.0,0.0,36.33,0.214,5812.799999999999,6394.08,0.0
2011-01-30 23:00:00,B3820,0.119,0.0,0.0,36.33,0.119,5812.799999999999,6394.08,0.0
2011-01-31 00:00:00,B3820,2.519,2.4,0.0,36.33,2.519,5812.799999999999,6394.08,0.0
2011-01-31 01:00:00,B3820,2.519,2.4,0.0,36.33,2.519,5812.799999999999,6394.08,0.0
2011-01-31 02:00:00,B3820,2.519,2.4,0.0,36.33,2.519,5812.799999999999,6394.08,0.0
2011-01-31 03:00:00,B3820,2.519,2.4,0.0,36.33,2.519,5812.799999999999,6394.08,0.0
2011-01-31 04:00:00,B3820,2.519,2.4,0.0,36.33,2.519,5812.799999999999,6394.08,0.0
2011-01-31 05:00:00,B3820,0.214,0.0,0.0,36.33,0.214,5812.799999999999,6394.08,0.0
2011-01-31 06:00:00,B3820,0.787,0.0,0.0,36.33,0.787,5812.799999999999,6394.08,0.0
2011-01-31 07:00:00,B3820,0.215,0.0,0.0,36.33,0.215,5812.799999999999,6394.08,0.0
2011-01-31 08:00:00,B3820,0.12,0.0,0.17,36.33,-0.09,5812.799999999999,6394.08,0.21
2011-01-31 09:00:00,B3820,0.12,0.0,0.32,36.33,-0.24,5812.799999999999,6394.08,0.36
2011-01-31 10:00:00,B3820,0.12,0.0,0.4,36.33,-0.3,5812.799999999999,6394.08,0.42
2011-01-31 11:00:00,B3820,0.12,0.0,0.44,36.33,-0.33,5812.799999999999,6394.08,0.45
2011-01-31 12:00:00,B3820,0.787,0.0,0.47,36.33,0.30700000000000005,5812.799999999999,6394.08,0.48
2011-01-31 13:00:00,B3820,0.215,0.0,0.48,36.33,-0.275,5812.799999999999,6394.08,0.49
2011-01-31 14:00:00,B3820,0.12,0.0,0.46,36.33,-0.35,5812.799999999999,6394.08,0.47
2011-01-31 15:00:00,B3820,0.12,0.0,0.41,36.33,-0.29,5812.799999999999,6394.08,0.41
2011-01-31 16:00:00,B3820,0.12,0.0,0.23,36.33,-0.11000000000000001,5812.799999999999,6394.08,0.23
2011-01-31 17:00:00,B3820,0.215,0.0,0.0,36.33,0.215,5812.799999999999,6394.08,0.0
2011-01-31 18:00:00,B3820,0.787,0.0,0.0,36.33,0.787,5812.799999999999,6394.08,0.0
2011-01-31 19:00:00,B3820,0.978,0.0,0.0,36.33,0.978,5812.799999999999,6394.08,0.0
2011-01-31 20:00:00,B3820,0.215,0.0,0.0,36.33,0.215,5812.799999999999,6394.08,0.0
2011-01-31 21:00:00,B3820,0.214,0.0,0.0,36.33,0.214,5812.799999999999,6394.08,0.0
2011-01-31 22:00:00,B3820,0.214,0.0,0.0,36.33,0.214,5812.799999999999,6394.08,0.0
2011-01-31 23:00:00,B3820,0.119,0.0,0.0,36.33,0.119,5812.799999999999,6394.08,0.0
2011-02-01 00:00:00,B3820,2.519,2.4,0.0,36.33,2.519,5812.799999999999,6394.08,0.0
2011-02-01 01:00:00,B3820,2.519,2.4,0.0,36.33,2.519,5812.799999999999,6394.08,0.0
2011-02-01 02:00:00,B3820,2.519,2.4,0.0,36.33,2.519,5812.799999999999,6394.08,0.0
2011-02-01 03:00:00,B3820,2.519,2.4,0.0,36.33,2.519,5812.799999999999,6394.08,0.0
2011-02-01 04:00:00,B3820,2.519,2.4,0.0,36.33,2.519,5812.799999999999,6394.08,0.0
2011-02-01 05:00:00,B3820,0.214,0.0,0.0,36.33,0.214,5812.799999999999,6394.08,0.0
2011-02-01 06:00:00,B3820,0.787,0.0,0.0,36.33,0.787,5812.799999999999,6394.08,0.0
2011-02-01 07:00:00,B3820,0.215,0.0,0.0,36.33,0.215,5812.799999999999,6394.08,0.0
2011-02-01 08:00:00,B3820,0.12,0.0,0.24,36.33,-0.16000000000000003,5812.799999999999,6394.08,0.28
2011-02-01 09:00:00,B3820,0.12,0.0,0.42,36.33,-0.34,5812.799999999999,6394.08,0.46
2011-02-01 10:00:00,B3820,0.12,0.0,0.58,36.33,-0.49,5812.799999999999,6394.08,0.61
2011-02-01 11:00:00,B3820,0.12,0.0,0.63,36.33,-0.53,5812.799999999999,6394.08,0.65
2011-02-01 12:00:00,B3820,0.787,0.0,0.55,36.33,0.22699999999999998,5812.799999999999,6394.08,0.56
2011-02-01 13:00:00,B3820,0.215,0.0,0.52,36.33,-0.31500000000000006,5812.799999999999,6394.08,0.53
2011-02-01 14:00:00,B3820,0.12,0.0,0.48,36.33,-0.36,5812.799999999999,6394.08,0.48
2011-02-01 15:00:00,B3820,0.12,0.0,0.39,36.33,-0.27,5812.799999999999,6394.08,0.39
2011-02-01 16:00:00,B3820,0.12,0.0,0.24,36.33,-0.12,5812.799999999999,6394.08,0.24
2011-02-01 17:00:00,B3820,0.215,0.0,0.0,36.33,0.215,5812.799999999999,6394.08,0.0
2011-02-01 18:00:00,B3820,0.787,0.0,0.0,36.33,0.787,5812.799999999999,6394.08,0.0
2011-02-01 19:00:00,B3820,0.978,0.0,0.0,36.33,0.978,5812.799999999999,6394.08,0.0
2011-02-01 20:00:00,B3820,0.215,0.0,0.0,36.33,0.215,5812.799999999999,6394.08,0.0
2011-02-01 21:00:00,B3820,0.214,0.0,0.0,36.33,0.214,5812.799999999999,6394.08,0.0
2011-02-01 22:00:00,B3820,0.214,0.0,0.0,36.33,0.214,5812.799999999999,6394.08,0.0
2011-02-01 23:00:00,B3820,0.119,0.0,0.0,36.33,0.119,5812.799999999999,6394.08,0.0
2011-02-02 00:00:00,B3820,2.519,2.4,0.0,36.33,2.519,5812.799999999999,6394.08,0.0
2011-02-02 01:00:00,B3820,2.519,2.4,0.0,36.33,2.519,5812.799999999999,6394.08,0.0
2011-02-02 02:00:00,B3820,2.519,2.4,0.0,36.33,2.519,5812.799999999999,6394.08,0.0
2011-02-02 03:00:00,B3820,2.519,2.4,0.0,36.33,2.519,5812.799999999999,6394.08,0.0
2011-02-02 04:00:00,B3820,2.519,2.4,0.0,36.33,2.519,5812.799999999999,6394.08,0.0
2011-02-02 05:00:00,B3820,0.214,0.0,0.0,36.33,0.214,5812.799999999999,6394.08,0.0
2011-02-02 06:00:00,B3820,0.787,0.0,0.0,36.33,0.787,5812.799999999999,6394.08,0.0
2011-02-02 07:00:00,B3820,0.215,0.0,0.0,36.33,0.215,5812.799999999999,6394.08,0.0
2011-02-02 08:00:00,B3820,0.12,0.0,0.34,36.33,-0.26,5812.799999999999,6394.08,0.38
2011-02-02 09:00:00,B3820,0.12,0.0,0.6,36.33,-0.53,5812.799999999999,6394.08,0.65
2011-02-02 10:00:00,B3820,0.12,0.0,0.79,36.33,-0.7,5812.799999999999,6394.08,0.82
2011-02-02 11:00:00,B3820,0.12,0.0,0.96,36.33,-0.86,5812.799999999999,6394.08,0.98
2011-02-02 12:00:00,B3820,0.787,0.0,1.05,36.33,-0.28300000000000003,5812.799999999999,6394.08,1.07
2011-02-02 13:00:00,B3820,0.215,0.0,1.06,36.33,-0.8650000000000001,5812.799999999999,6394.08,1.08
2011-02-02 14:00:00,B3820,0.12,0.0,0.97,36.33,-0.86,5812.799999999999,6394.08,0.98
2011-02-02 15:00:00,B3820,0.12,0.0,0.71,36.33,-0.6,5812.799999999999,6394.08,0.72
2011-02-02 16:00:00,B3820,0.12,0.0,0.32,36.33,-0.2,5812.799999999999,6394.08,0.32
2011-02-02 17:00:00,B3820,0.215,0.0,0.0,36.33,0.215,5812.799999999999,6394.08,0.0
2011-02-02 18:00:00,B3820,0.787,0.0,0.0,36.33,0.787,5812.799999999999,6394.08,0.0
2011-02-02 19:00:00,B3820,0.978,0.0,0.0,36.33,0.978,5812.799999999999,6394.08,0.0
2011-02-02 20:00:00,B3820,0.215,0.0,0.0,36.33,0.215,5812.799999999999,6394.08,0.0
2011-02-02 21:00:00,B3820,0.214,0.0,0.0,36.33,0.214,5812.799999999999,6394.08,0.0
2011-02-02 22:00:00,B3820,0.214,0.0,0.0,36.33,0.214,5812.799999999999,6394.08,0.0
2011-02-02 23:00:00,B3820,0.119,0.0,0.0,36.33,0.119,5812.799999999999,6394.08,0.0
2011-02-03 00:00:00,B3820,2.519,2.4,0.0,36.33,2.519,5812.799999999999,6394.08,0.0
2011-02-03 01:00:00,B3820,2.519,2.4,0.0,36.33,2.519,5812.799999999999,6394.08,0.0
2011-02-03 02:00:00,B3820,2.519,2.4,0.0,36.33,2.519,5812.799999999999,6394.08,0.0
2011-02-03 03:00:00,B3820,2.519,2.4,0.0,36.33,2.519,5812.799999999999,6394.08,0.0
2011-02-03 04:00:00,B3820,2.519,2.4,0.0,36.33,2.519,5812.799999999999,6394.08,0.0
2011-02-03 05:00:00,B3820,0.214,0.0,0.0,36.33,0.214,5812.799999999999,6394.08,0.0
2011-02-03 06:00:00,B3820,0.787,0.0,0.0,36.33,0.787,5812.799999999999,6394.08,0.0
2011-02-03 07:00:00,B3820,0.215,0.0,0.0,36.33,0.215,5812.799999999999,6394.08,0.0
2011-02-03 08:00:00,B3820,0.12,0.0,0.3,36.33,-0.2,5812.799999999999,6394.08,0.32
2011-02-03 09:00:00,B3820,0.12,0.0,0.55,36.33,-0.45999999999999996,5812.799999999999,6394.08,0.58
2011-02-03 10:00:00,B3820,0.12,0.0,0.72,36.33,-0.64,5812.799999999999,6394.08,0.76
2011-02-03 11:00:00,B3820,0.12,0.0,0.62,36.33,-0.51,5812.799999999999,6394.08,0.63
2011-02-03 12:00:00,B3820,0.786,0.0,0.54,36.33,0.236,5812.799999999999,6394.08,0.55
2011-02-03 13:00:00,B3820,0.215,0.0,0.5,36.33,-0.29500000000000004,5812.799999999999,6394.08,0.51
2011-02-03 14:00:00,B3820,0.12,0.0,0.46,36.33,-0.35,5812.799999999999,6394.08,0.47
2011-02-03 15:00:00,B3820,0.12,0.0,0.42,36.33,-0.3,5812.799999999999,6394.08,0.42
2011-02-03 16:00:00,B3820,0.12,0.0,0.26,36.33,-0.14,5812.799999999999,6394.08,0.26
2011-02-03 17:00:00,B3820,0.215,0.0,0.0,36.33,0.215,5812.799999999999,6394.08,0.0
2011-02-03 18:00:00,B3820,0.787,0.0,0.0,36.33,0.787,5812.799999999999,6394.08,0.0
2011-02-03 19:00:00,B3820,0.977,0.0,0.0,36.33,0.977,5812.799999999999,6394.08,0.0
2011-02-03 20:00:00,B3820,0.215,0.0,0.0,36.33,0.215,5812.799999999999,6394.08,0.0
2011-02-03 21:00:00,B3820,0.214,0.0,0.0,36.33,0.214,5812.799999999999,6394.08,0.0
2011-02-03 22:00:00,B3820,0.214,0.0,0.0,36.33,0.214,5812.799999999999,6394.08,0.0
2011-02-03 23:00:00,B3820,0.119,0.0,0.0,36.33,0.119,5812.799999999999,6394.08,0.0
2011-02-04 00:00:00,B3820,2.519,2.4,0.0,36.33,2.519,5812.799999999999,6394.08,0.0
2011-02-04 01:00:00,B3820,2.519,2.4,0.0,36.33,2.519,5812.799999999999,6394.08,0.0
2011-02-04 02:00:00,B3820,2.519,2.4,0.0,36.33,2.519,5812.799999999999,6394.08,0.0
2011-02-04 03:00:00,B3820,2.519,2.4,0.0,36.33,2.519,5812.799999999999,6394.08,0.0
2011-02-04 04:00:00,B3820,2.519,2.4,0.0,36.33,2.519,5812.799999999999,6394.08,0.0
2011-02-04 05:00:00,B3820,0.214,0.0,0.0,36.33,0.214,5812.799999999999,6394.08,0.0
2011-02-04 06:00:00,B3820,0.787,0.0,0.0,36.33,0.787,5812.799999999999,6394.08,0.0
2011-02-04 07:00:00,B3820,0.215,0.0,0.0,36.33,0.215,5812.799999999999,6394.08,0.0
2011-02-04 08:00:00,B3820,0.12,0.0,0.23,36.33,-0.15000000000000002,5812.799999999999,6394.08,0.27
2011-02-04 09:00:00,B3820,0.12,0.0,0.42,36.33,-0.34,5812.799999999999,6394.08,0.46
2011-02-04 10:00:00,B3820,0.12,0.0,0.56,36.33,-0.45999999999999996,5812.799999999999,6394.08,0.58
2011-02-04 11:00:00,B3820,0.12,0.0,0.68,36.33,-0.57,5812.799999999999,6394.08,0.69
2011-02-04 12:00:00,B3820,0.787,0.0,0.76,36.33,0.017000000000000015,5812.799999999999,6394.08,0.77
2011-02-04 13:00:00,B3820,0.215,0.0,0.82,36.33,-0.615,5812.799999999999,6394.08,0.83
2011-02-04 14:00:00,B3820,0.12,0.0,0.78,36.33,-0.67,5812.799999999999,6394.08,0.79
2011-02-04 15:00:00,B3820,0.12,0.0,0.66,36.33,-0.55,5812.799999999999,6394.08,0.67
2011-02-04 16:00:00,B3820,0.12,0.0,0.39,36.33,-0.27,5812.799999999999,6394.08,0.39
2011-02-04 17:00:00,B3820,0.215,0.0,0.0,36.33,0.215,5812.799999999999,6394.08,0.0
2011-02-04 18:00:00,B3820,0.787,0.0,0.0,36.33,0.787,5812.799999999999,6394.08,0.0
2011-02-04 19:00:00,B3820,0.977,0.0,0.0,36.33,0.977,5812.799999999999,6394.08,0.0
2011-02-04 20:00:00,B3820,0.215,0.0,0.0,36.33,0.215,5812.799999999999,6394.08,0.0
2011-02-04 21:00:00,B3820,0.214,0.0,0.0,36.33,0.214,5812.799999999999,6394.08,0.0
2011-02-04 22:00:00,B3820,0.214,0.0,0.0,36.33,0.214,5812.799999999999,6394.08,0.0
2011-02-04 23:00:00,B3820,0.119,0.0,0.0,36.33,0.119,5812.799999999999,6394.08,0.0
2011-02-05 00:00:00,B3820,0.119,0.0,0.0,36.33,0.119,5812.799999999999,6394.08,0.0
2011-02-05 01:00:00,B3820,0.119,0.0,0.0,36.33,0.119,5812.799999999999,6394.08,0.0
2011-02-05 02:00:00,B3820,0.119,0.0,0.0,36.33,0.119,5812.799999999999,6394.08,0.0
2011-02-05 03:00:00,B3820,0.119,0.0,0.0,36.33,0.119,5812.799999999999,6394.08,0.0
2011-02-05 04:00:00,B3820,0.119,0.0,0.0,36.33,0.119,5812.799999999999,6394.08,0.0
2011-02-05 05:00:00,B3820,0.214,0.0,0.0,36.33,0.214,5812.799999999999,6394.08,0.0
2011-02-05 06:00:00,B3820,0.787,0.0,0.0,36.33,0.787,5812.799999999999,6394.08,0.0
2011-02-05 07:00:00,B3820,0.215,0.0,0.0,36.33,0.215,5812.799999999999,6394.08,0.0
2011-02-05 08:00:00,B3820,2.52,2.4,0.19,36.33,2.29,5812.799999999999,6394.08,0.23
2011-02-05 09:00:00,B3820,2.52,2.4,0.31,36.33,2.17,5812.799999999999,6394.08,0.35
2011-02-05 10:00:00,B3820,2.52,2.4,0.42,36.33,2.08,5812.799999999999,6394.08,0.44
2011-02-05 11:00:00,B3820,2.52,2.4,0.48,36.33,2.0300000000000002,5812.799999999999,6394.08,0.49
2011-02-05 12:00:00,B3820,3.187,2.4,0.54,36.33,2.647,5812.799999999999,6394.08,0.54
2011-02-05 13:00:00,B3820,0.215,0.0,0.54,36.33,-0.3350000000000001,5812.799999999999,6394.08,0.55
2011-02-05 14:00:00,B3820,0.12,0.0,0.48,36.33,-0.36,5812.799999999999,6394.08,0.48
2011-02-05 15:00:00,B3820,0.12,0.0,0.44,36.33,-0.32,5812.799999999999,6394.08,0.44
2011-02-05 16:00:00,B3820,0.12,0.0,0.27,36.33,-0.15000000000000002,5812.799999999999,6394.08,0.27
2011-02-05 17:00:00,B3820,0.215,0.0,0.0,36.33,0.215,5812.799999999999,6394.08,0.0
2011-02-05 18:00:00,B3820,0.787,0.0,0.0,36.33,0.787,5812.799999999999,6394.08,0.0
2011-02-05 19:00:00,B3820,0.978,0.0,0.0,36.33,0.978,5812.799999999999,6394.08,0.0
2011-02-05 20:00:00,B3820,0.215,0.0,0.0,36.33,0.215,5812.799999999999,6394.08,0.0
2011-02-05 21:00:00,B3820,0.214,0.0,0.0,36.33,0.214,5812.799999999999,6394.08,0.0
2011-02-05 22:00:00,B3820,0.214,0.0,0.0,36.33,0.214,5812.799999999999,6394.08,0.0
2011-02-05 23:00:00,B3820,0.119,0.0,0.0,36.33,0.119,5812.799999999999,6394.08,0.0
2011-02-06 00:00:00,B3820,0.119,0.0,0.0,36.33,0.119,5812.799999999999,6394.08,0.0
2011-02-06 01:00:00,B3820,0.119,0.0,0.0,36.33,0.119,5812.799999999999,6394.08,0.0
2011-02-06 02:00:00,B3820,0.119,0.0,0.0,36.33,0.119,5812.799999999999,6394.08,0.0
2011-02-06 03:00:00,B3820,0.119,0.0,0.0,36.33,0.119,5812.799999999999,6394.08,0.0
2011-02-06 04:00:00,B3820,0.119,0.0,0.0,36.33,0.119,5812.799999999999,6394.08,0.0
2011-02-06 05:00:00,B3820,0.214,0.0,0.0,36.33,0.214,5812.799999999999,6394.08,0.0
2011-02-06 06:00:00,B3820,0.787,0.0,0.0,36.33,0.787,5812.799999999999,6394.08,0.0
2011-02-06 07:00:00,B3820,0.215,0.0,0.0,36.33,0.215,5812.799999999999,6394.08,0.0
2011-02-06 08:00:00,B3820,2.52,2.4,0.23,36.33,2.25,5812.799999999999,6394.08,0.27
2011-02-06 09:00:00,B3820,2.52,2.4,0.5,36.33,1.98,5812.799999999999,6394.08,0.54
2011-02-06 10:00:00,B3820,2.52,2.4,0.72,36.33,1.77,5812.799999999999,6394.08,0.75
2011-02-06 11:00:00,B3820,2.52,2.4,0.94,36.33,1.55,5812.799999999999,6394.08,0.97
2011-02-06 12:00:00,B3820,3.187,2.4,1.1,36.33,2.0669999999999997,5812.799999999999,6394.08,1.12
2011-02-06 13:00:00,B3820,0.215,0.0,0.94,36.33,-0.745,5812.799999999999,6394.08,0.96
2011-02-06 14:00:00,B3820,0.12,0.0,0.66,36.33,-0.55,5812.799999999999,6394.08,0.67
2011-02-06 15:00:00,B3820,0.12,0.0,0.46,36.33,-0.34,5812.799999999999,6394.08,0.46
2011-02-06 16:00:00,B3820,0.12,0.0,0.0,36.33,0.12,5812.799999999999,6394.08,0.0
2011-02-06 17:00:00,B3820,0.215,0.0,0.0,36.33,0.215,5812.799999999999,6394.08,0.0
2011-02-06 18:00:00,B3820,0.787,0.0,0.0,36.33,0.787,5812.799999999999,6394.08,0.0
2011-02-06 19:00:00,B3820,0.977,0.0,0.0,36.33,0.977,5812.799999999999,6394.08,0.0
2011-02-06 20:00:00,B3820,0.215,0.0,0.0,36.33,0.215,5812.799999999999,6394.08,0.0
2011-02-06 21:00:00,B3820,0.214,0.0,0.0,36.33,0.214,5812.799999999999,6394.08,0.0
2011-02-06 22:00:00,B3820,0.214,0.0,0.0,36.33,0.214,5812.799999999999,6394.08,0.0
2011-02-06 23:00:00,B3820,0.119,0.0,0.0,36.33,0.119,5812.799999999999,6394.08,0.0
2011-02-07 00:00:00,B3820,2.519,2.4,0.0,36.33,2.519,5812.799999999999,6394.08,0.0
2011-02-07 01:00:00,B3820,2.519,2.4,0.0,36.33,2.519,5812.799999999999,6394.08,0.0
2011-02-07 02:00:00,B3820,2.519,2.4,0.0,36.33,2.519,5812.799999999999,6394.08,0.0
2011-02-07 03:00:00,B3820,2.519,2.4,0.0,36.33,2.519,5812.799999999999,6394.08,0.0
2011-02-07 04:00:00,B3820,2.519,2.4,0.0,36.33,2.519,5812.799999999999,6394.08,0.0
2011-02-07 05:00:00,B3820,0.214,0.0,0.0,36.33,0.214,5812.799999999999,6394.08,0.0
2011-02-07 06:00:00,B3820,0.787,0.0,0.0,36.33,0.787,5812.799999999999,6394.08,0.0
2011-02-07 07:00:00,B3820,0.215,0.0,0.0,36.33,0.215,5812.799999999999,6394.08,0.0
2011-02-07 08:00:00,B3820,0.12,0.0,0.32,36.33,-0.22999999999999998,5812.799999999999,6394.08,0.35
2011-02-07 09:00:00,B3820,0.12,0.0,0.63,36.33,-0.56,5812.799999999999,6394.08,0.68
2011-02-07 10:00:00,B3820,0.12,0.0,0.97,36.33,-0.89,5812.799999999999,6394.08,1.01
2011-02-07 11:00:00,B3820,0.12,0.0,1.07,36.33,-0.9800000000000001,5812.799999999999,6394.08,1.1
2011-02-07 12:00:00,B3820,0.786,0.0,1.04,36.33,-0.274,5812.799999999999,6394.08,1.06
2011-02-07 13:00:00,B3820,0.215,0.0,0.93,36.33,-0.735,5812.799999999999,6394.08,0.95
2011-02-07 14:00:00,B3820,0.12,0.0,0.76,36.33,-0.66,5812.799999999999,6394.08,0.78
2011-02-07 15:00:00,B3820,0.12,0.0,0.62,36.33,-0.51,5812.799999999999,6394.08,0.63
2011-02-07 16:00:00,B3820,0.12,0.0,0.35,36.33,-0.22999999999999998,5812.799999999999,6394.08,0.35
2011-02-07 17:00:00,B3820,0.215,0.0,0.0,36.33,0.215,5812.799999999999,6394.08,0.0
2011-02-07 18:00:00,B3820,0.787,0.0,0.0,36.33,0.787,5812.799999999999,6394.08,0.0
2011-02-07 19:00:00,B3820,0.977,0.0,0.0,36.33,0.977,5812.799999999999,6394.08,0.0
2011-02-07 20:00:00,B3820,0.215,0.0,0.0,36.33,0.215,5812.799999999999,6394.08,0.0
2011-02-07 21:00:00,B3820,0.214,0.0,0.0,36.33,0.214,5812.799999999999,6394.08,0.0
2011-02-07 22:00:00,B3820,0.214,0.0,0.0,36.33,0.214,5812.799999999999,6394.08,0.0
2011-02-07 23:00:00,B3820,0.119,0.0,0.0,36.33,0.119,5812.799999999999,6394.08,0.0
2011-02-08 00:00:00,B3820,2.519,2.4,0.0,36.33,2.519,5812.799999999999,6394.08,0.0
2011-02-08 01:00:00,B3820,2.519,2.4,0.0,36.33,2.519,5812.799999999999,6394.08,0.0
2011-02-08 02:00:00,B3820,2.519,2.4,0.0,36.33,2.519,5812.799999999999,6394.08,0.0
2011-02-08 03:00:00,B3820,2.519,2.4,0.0,36.33,2.519,5812.799999999999,6394.08,0.0
2011-02-08 04:00:00,B3820,2.519,2.4,0.0,36.33,2.519,5812.799999999999,6394.08,0.0
2011-02-08 05:00:00,B3820,0.214,0.0,0.0,36.33,0.214,5812.799999999999,6394.08,0.0
2011-02-08 06:00:00,B3820,0.787,0.0,0.0,36.33,0.787,5812.799999999999,6394.08,0.0
2011-02-08 07:00:00,B3820,0.215,0.0,0.0,36.33,0.215,5812.799999999999,6394.08,0.0
2011-02-08 08:00:00,B3820,0.12,0.0,0.35,36.33,-0.26,5812.799999999999,6394.08,0.38
2011-02-08 09:00:00,B3820,0.12,0.0,0.58,36.33,-0.5,5812.799999999999,6394.08,0.62
2011-02-08 10:00:00,B3820,0.12,0.0,0.83,36.33,-0.75,5812.799999999999,6394.08,0.87
2011-02-08 11:00:00,B3820,0.12,0.0,0.98,36.33,-0.89,5812.799999999999,6394.08,1.01
2011-02-08 12:00:00,B3820,0.786,0.0,0.92,36.33,-0.15399999999999991,5812.799999999999,6394.08,0.94
2011-02-08 13:00:00,B3820,0.215,0.0,0.85,36.33,-0.645,5812.799999999999,6394.08,0.86
2011-02-08 14:00:00,B3820,0.12,0.0,0.71,36.33,-0.6,5812.799999999999,6394.08,0.72
2011-02-08 15:00:00,B3820,0.12,0.0,0.53,36.33,-0.41000000000000003,5812.799999999999,6394.08,0.53
2011-02-08 16:00:00,B3820,0.12,0.0,0.3,36.33,-0.18,5812.799999999999,6394.08,0.3
2011-02-08 17:00:00,B3820,0.215,0.0,0.0,36.33,0.215,5812.799999999999,6394.08,0.0
2011-02-08 18:00:00,B3820,0.786,0.0,0.0,36.33,0.786,5812.799999999999,6394.08,0.0
2011-02-08 19:00:00,B3820,0.977,0.0,0.0,36.33,0.977,5812.799999999999,6394.08,0.0
2011-02-08 20:00:00,B3820,0.215,0.0,0.0,36.33,0.215,5812.799999999999,6394.08,0.0
2011-02-08 21:00:00,B3820,0.214,0.0,0.0,36.33,0.214,5812.799999999999,6394.08,0.0
2011-02-08 22:00:00,B3820,0.214,0.0,0.0,36.33,0.214,5812.799999999999,6394.08,0.0
2011-02-08 23:00:00,B3820,0.119,0.0,0.0,36.33,0.119,5812.799999999999,6394.08,0.0
2011-02-09 00:00:00,B3820,2.519,2.4,0.0,36.33,2.519,5812.799999999999,6394.08,0.0
2011-02-09 01:00:00,B3820,2.519,2.4,0.0,36.33,2.519,5812.799999999999,6394.08,0.0
2011-02-09 02:00:00,B3820,2.519,2.4,0.0,36.33,2.519,5812.799999999999,6394.08,0.0
2011-02-09 03:00:00,B3820,2.519,2.4,0.0,36.33,2.519,5812.799999999999,6394.08,0.0
2011-02-09 04:00:00,B3820,2.519,2.4,0.0,36.33,2.519,5812.799999999999,6394.08,0.0
2011-02-09 05:00:00,B3820,0.214,0.0,0.0,36.33,0.214,5812.799999999999,6394.08,0.0
2011-02-09 06:00:00,B3820,0.786,0.0,0.0,36.33,0.786,5812.799999999999,6394.08,0.0
2011-02-09 07:00:00,B3820,0.215,0.0,0.0,36.33,0.215,5812.799999999999,6394.08,0.0
2011-02-09 08:00:00,B3820,0.12,0.0,0.27,36.33,-0.18,5812.799999999999,6394.08,0.3
2011-02-09 09:00:00,B3820,0.12,0.0,0.5,36.33,-0.42000000000000004,5812.799999999999,6394.08,0.54
2011-02-09 10:00:00,B3820,0.12,0.0,0.66,36.33,-0.57,5812.799999999999,6394.08,0.69
2011-02-09 11:00:00,B3820,0.12,0.0,0.78,36.33,-0.67,5812.799999999999,6394.08,0.79
2011-02-09 12:00:00,B3820,0.786,0.0,0.81,36.33,-0.04399999999999993,5812.799999999999,6394.08,0.83
2011-02-09 13:00:00,B3820,0.215,0.0,0.68,36.33,-0.475,5812.799999999999,6394.08,0.69
2011-02-09 14:00:00,B3820,0.12,0.0,0.5,36.33,-0.38,5812.799999999999,6394.08,0.5
2011-02-09 15:00:00,B3820,0.12,0.0,0.34,36.33,-0.22000000000000003,5812.799999999999,6394.08,0.34
2011-02-09 16:00:00,B3820,0.12,0.0,0.0,36.33,0.12,5812.799999999999,6394.08,0.0
2011-02-09 17:00:00,B3820,0.215,0.0,0.0,36.33,0.215,5812.799999999999,6394.08,0.0
2011-02-09 18:00:00,B3820,0.786,0.0,0.0,36.33,0.786,5812.799999999999,6394.08,0.0
2011-02-09 19:00:00,B3820,0.977,0.0,0.0,36.33,0.977,5812.799999999999,6394.08,0.0
2011-02-09 20:00:00,B3820,0.215,0.0,0.0,36.33,0.215,5812.799999999999,6394.08,0.0
2011-02-09 21:00:00,B3820,0.214,0.0,0.0,36.33,0.214,5812.799999999999,6394.08,0.0
2011-02-09 22:00:00,B3820,0.214,0.0,0.0,36.33,0.214,5812.799999999999,6394.08,0.0
2011-02-09 23:00:00,B3820,0.119,0.0,0.0,36.33,0.119,5812.799999999999,6394.08,0.0
2011-02-10 00:00:00,B3820,2.519,2.4,0.0,36.33,2.519,5812.799999999999,6394.08,0.0
2011-02-10 01:00:00,B3820,2.519,2.4,0.0,36.33,2.519,5812.799999999999,6394.08,0.0
2011-02-10 02:00:00,B3820,2.519,2.4,0.0,36.33,2.519,5812.799999999999,6394.08,0.0
2011-02-10 03:00:00,B3820,2.519,2.4,0.0,36.33,2.519,5812.799999999999,6394.08,0.0
2011-02-10 04:00:00,B3820,2.519,2.4,0.0,36.33,2.519,5812.799999999999,6394.08,0.0
2011-02-10 05:00:00,B3820,0.214,0.0,0.0,36.33,0.214,5812.799999999999,6394.08,0.0
2011-02-10 06:00:00,B3820,0.786,0.0,0.0,36.33,0.786,5812.799999999999,6394.08,0.0
2011-02-10 07:00:00,B3820,0.215,0.0,0.0,36.33,0.215,5812.799999999999,6394.08,0.0
2011-02-10 08:00:00,B3820,0.12,0.0,0.0,36.33,0.09999999999999999,5812.799999999999,6394.08,0.02
2011-02-10 09:00:00,B3820,0.12,0.0,0.44,36.33,-0.35,5812.799999999999,6394.08,0.47
2011-02-10 10:00:00,B3820,0.12,0.0,0.64,36.33,-0.55,5812.799999999999,6394.08,0.67
2011-02-10 11:00:00,B3820,0.12,0.0,0.79,36.33,-0.7,5812.799999999999,6394.08,0.82
2011-02-10 12:00:00,B3820,0.786,0.0,0.74,36.33,0.026000000000000023,5812.799999999999,6394.08,0.76
2011-02-10 13:00:00,B3820,0.215,0.0,0.62,36.33,-0.42500000000000004,5812.799999999999,6394.08,0.64
2011-02-10 14:00:00,B3820,0.12,0.0,0.48,36.33,-0.36,5812.799999999999,6394.08,0.48
2011-02-10 15:00:00,B3820,0.12,0.0,0.36,36.33,-0.24,5812.799999999999,6394.08,0.36
2011-02-10 16:00:00,B3820,0.12,0.0,0.22,36.33,-0.1,5812.799999999999,6394.08,0.22
2011-02-10 17:00:00,B3820,0.215,0.0,0.0,36.33,0.215,5812.799999999999,6394.08,0.0
2011-02-10 18:00:00,B3820,0.786,0.0,0.0,36.33,0.786,5812.799999999999,6394.08,0.0
2011-02-10 19:00:00,B3820,0.977,0.0,0.0,36.33,0.977,5812.799999999999,6394.08,0.0
2011-02-10 20:00:00,B3820,0.215,0.0,0.0,36.33,0.215,5812.799999999999,6394.08,0.0
2011-02-10 21:00:00,B3820,0.214,0.0,0.0,36.33,0.214,5812.799999999999,6394.08,0.0
2011-02-10 22:00:00,B3820,0.214,0.0,0.0,36.33,0.214,5812.799999999999,6394.08,0.0
2011-02-10 23:00:00,B3820,0.119,0.0,0.0,36.33,0.119,5812.799999999999,6394.08,0.0
2011-02-11 00:00:00,B3820,2.519,2.4,0.0,36.33,2.519,5812.799999999999,6394.08,0.0
2011-02-11 01:00:00,B3820,2.519,2.4,0.0,36.33,2.519,5812.799999999999,6394.08,0.0
2011-02-11 02:00:00,B3820,2.519,2.4,0.0,36.33,2.519,5812.799999999999,6394.08,0.0
2011-02-11 03:00:00,B3820,2.519,2.4,0.0,36.33,2.519,5812.799999999999,6394.08,0.0
2011-02-11 04:00:00,B3820,2.519,2.4,0.0,36.33,2.519,5812.799999999999,6394.08,0.0
2011-02-11 05:00:00,B3820,0.214,0.0,0.0,36.33,0.214,5812.799999999999,6394.08,0.0
2011-02-11 06:00:00,B3820,0.786,0.0,0.0,36.33,0.786,5812.799999999999,6394.08,0.0
2011-02-11 07:00:00,B3820,0.215,0.0,0.0,36.33,0.215,5812.799999999999,6394.08,0.0
2011-02-11 08:00:00,B3820,0.12,0.0,0.26,36.33,-0.16999999999999998,5812.799999999999,6394.08,0.29
2011-02-11 09:00:00,B3820,0.12,0.0,0.45,36.33,-0.37,5812.799999999999,6394.08,0.49
2011-02-11 10:00:00,B3820,0.12,0.0,0.54,36.33,-0.44999999999999996,5812.799999999999,6394.08,0.57
2011-02-11 11:00:00,B3820,0.12,0.0,0.62,36.33,-0.52,5812.799999999999,6394.08,0.64
2011-02-11 12:00:00,B3820,0.786,0.0,0.68,36.33,0.09600000000000009,5812.799999999999,6394.08,0.69
2011-02-11 13:00:00,B3820,0.215,0.0,0.7,36.33,-0.495,5812.799999999999,6394.08,0.71
2011-02-11 14:00:00,B3820,0.12,0.0,0.71,36.33,-0.6,5812.799999999999,6394.08,0.72
2011-02-11 15:00:00,B3820,0.12,0.0,0.56,36.33,-0.44000000000000006,5812.799999999999,6394.08,0.56
2011-02-11 16:00:00,B3820,0.12,0.0,0.3,36.33,-0.18,5812.799999999999,6394.08,0.3
2011-02-11 17:00:00,B3820,0.215,0.0,0.0,36.33,0.215,5812.799999999999,6394.08,0.0
2011-02-11 18:00:00,B3820,0.786,0.0,0.0,36.33,0.786,5812.799999999999,6394.08,0.0
2011-02-11 19:00:00,B3820,0.977,0.0,0.0,36.33,0.977,5812.799999999999,6394.08,0.0
2011-02-11 20:00:00,B3820,0.215,0.0,0.0,36.33,0.215,5812.799999999999,6394.08,0.0
2011-02-11 21:00:00,B3820,0.214,0.0,0.0,36.33,0.214,5812.799999999999,6394.08,0.0
2011-02-11 22:00:00,B3820,0.214,0.0,0.0,36.33,0.214,5812.799999999999,6394.08,0.0
2011-02-11 23:00:00,B3820,0.119,0.0,0.0,36.33,0.119,5812.799999999999,6394.08,0.0
2011-02-12 00:00:00,B3820,0.119,0.0,0.0,36.33,0.119,5812.799999999999,6394.08,0.0
2011-02-12 01:00:00,B3820,0.119,0.0,0.0,36.33,0.119,5812.799999999999,6394.08,0.0
2011-02-12 02:00:00,B3820,0.119,0.0,0.0,36.33,0.119,5812.799999999999,6394.08,0.0
2011-02-12 03:00:00,B3820,0.119,0.0,0.0,36.33,0.119,5812.799999999999,6394.08,0.0
2011-02-12 04:00:00,B3820,0.119,0.0,0.0,36.33,0.119,5812.799999999999,6394.08,0.0
2011-02-12 05:00:00,B3820,0.214,0.0,0.0,36.33,0.214,5812.799999999999,6394.08,0.0
2011-02-12 06:00:00,B3820,0.786,0.0,0.0,36.33,0.786,5812.799999999999,6394.08,0.0
2011-02-12 07:00:00,B3820,0.215,0.0,0.0,36.33,0.215,5812.799999999999,6394.08,0.0
2011-02-12 08:00:00,B3820,2.52,2.4,0.0,36.33,2.52,5812.799999999999,6394.08,0.0
2011-02-12 09:00:00,B3820,2.52,2.4,0.32,36.33,2.2,5812.799999999999,6394.08,0.32
2011-02-12 10:00:00,B3820,2.52,2.4,0.33,36.33,2.19,5812.799999999999,6394.08,0.33
2011-02-12 11:00:00,B3820,2.52,2.4,0.31,36.33,2.21,5812.799999999999,6394.08,0.31
2011-02-12 12:00:00,B3820,3.186,2.4,0.39,36.33,2.796,5812.799999999999,6394.08,0.39
2011-02-12 13:00:00,B3820,0.215,0.0,0.42,36.33,-0.205,5812.799999999999,6394.08,0.42
2011-02-12 14:00:00,B3820,0.12,0.0,0.29,36.33,-0.16999999999999998,5812.799999999999,6394.08,0.29
2011-02-12 15:00:00,B3820,0.12,0.0,0.0,36.33,0.12,5812.799999999999,6394.08,0.0
2011-02-12 16:00:00,B3820,0.12,0.0,0.0,36.33,0.12,5812.799999999999,6394.08,0.0
2011-02-12 17:00:00,B3820,0.215,0.0,0.0,36.33,0.215,5812.799999999999,6394.08,0.0
2011-02-12 18:00:00,B3820,0.786,0.0,0.0,36.33,0.786,5812.799999999999,6394.08,0.0
2011-02-12 19:00:00,B3820,0.977,0.0,0.0,36.33,0.977,5812.799999999999,6394.08,0.0
2011-02-12 20:00:00,B3820,0.215,0.0,0.0,36.33,0.215,5812.799999999999,6394.08,0.0
2011-02-12 21:00:00,B3820,0.214,0.0,0.0,36.33,0.214,5812.799999999999,6394.08,0.0
2011-02-12 22:00:00,B3820,0.214,0.0,0.0,36.33,0.214,5812.799999999999,6394.08,0.0
2011-02-12 23:00:00,B3820,0.119,0.0,0.0,36.33,0.119,5812.799999999999,6394.08,0.0
2011-02-13 00:00:00,B3820,0.119,0.0,0.0,36.33,0.119,5812.799999999999,6394.08,0.0
2011-02-13 01:00:00,B3820,0.119,0.0,0.0,36.33,0.119,5812.799999999999,6394.08,0.0
2011-02-13 02:00:00,B3820,0.119,0.0,0.0,36.33,0.119,5812.799999999999,6394.08,0.0
2011-02-13 03:00:00,B3820,0.119,0.0,0.0,36.33,0.119,5812.799999999999,6394.08,0.0
2011-02-13 04:00:00,B3820,0.119,0.0,0.0,36.33,0.119,5812.799999999999,6394.08,0.0
2011-02-13 05:00:00,B3820,0.214,0.0,0.0,36.33,0.214,5812.799999999999,6394.08,0.0
2011-02-13 06:00:00,B3820,0.786,0.0,0.0,36.33,0.786,5812.799999999999,6394.08,0.0
2011-02-13 07:00:00,B3820,0.215,0.0,0.0,36.33,0.215,5812.799999999999,6394.08,0.0
2011-02-13 08:00:00,B3820,2.52,2.4,0.0,36.33,2.52,5812.799999999999,6394.08,0.0
2011-02-13 09:00:00,B3820,2.52,2.4,0.0,36.33,2.52,5812.799999999999,6394.08,0.0
2011-02-13 10:00:00,B3820,2.52,2.4,0.26,36.33,2.26,5812.799999999999,6394.08,0.26
2011-02-13 11:00:00,B3820,2.52,2.4,0.35,36.33,2.17,5812.799999999999,6394.08,0.35
2011-02-13 12:00:00,B3820,3.186,2.4,0.4,36.33,2.786,5812.799999999999,6394.08,0.4
2011-02-13 13:00:00,B3820,0.215,0.0,0.44,36.33,-0.225,5812.799999999999,6394.08,0.44
2011-02-13 14:00:00,B3820,0.12,0.0,0.41,36.33,-0.29,5812.799999999999,6394.08,0.41
2011-02-13 15:00:00,B3820,0.12,0.0,0.27,36.33,-0.15000000000000002,5812.799999999999,6394.08,0.27
2011-02-13 16:00:00,B3820,0.12,0.0,0.0,36.33,0.12,5812.799999999999,6394.08,0.0
2011-02-13 17:00:00,B3820,0.215,0.0,0.0,36.33,0.215,5812.799999999999,6394.08,0.0
2011-02-13 18:00:00,B3820,0.786,0.0,0.0,36.33,0.786,5812.799999999999,6394.08,0.0
2011-02-13 19:00:00,B3820,0.977,0.0,0.0,36.33,0.977,5812.799999999999,6394.08,0.0
2011-02-13 20:00:00,B3820,0.215,0.0,0.0,36.33,0.215,5812.799999999999,6394.08,0.0
2011-02-13 21:00:00,B3820,0.214,0.0,0.0,36.33,0.214,5812.799999999999,6394.08,0.0
2011-02-13 22:00:00,B3820,0.214,0.0,0.0,36.33,0.214,5812.799999999999,6394.08,0.0
2011-02-13 23:00:00,B3820,0.119,0.0,0.0,36.33,0.119,5812.799999999999,6394.08,0.0
2011-02-14 00:00:00,B3820,2.519,2.4,0.0,36.33,2.519,5812.799999999999,6394.08,0.0
2011-02-14 01:00:00,B3820,2.519,2.4,0.0,36.33,2.519,5812.799999999999,6394.08,0.0
2011-02-14 02:00:00,B3820,2.519,2.4,0.0,36.33,2.519,5812.799999999999,6394.08,0.0
2011-02-14 03:00:00,B3820,2.519,2.4,0.0,36.33,2.519,5812.799999999999,6394.08,0.0
2011-02-14 04:00:00,B3820,2.519,2.4,0.0,36.33,2.519,5812.799999999999,6394.08,0.0
2011-02-14 05:00:00,B3820,0.214,0.0,0.0,36.33,0.214,5812.799999999999,6394.08,0.0
2011-02-14 06:00:00,B3820,0.786,0.0,0.0,36.33,0.786,5812.799999999999,6394.08,0.0
2011-02-14 07:00:00,B3820,0.215,0.0,0.0,36.33,0.215,5812.799999999999,6394.08,0.0
2011-02-14 08:00:00,B3820,0.12,0.0,0.22,36.33,-0.13,5812.799999999999,6394.08,0.25
2011-02-14 09:00:00,B3820,0.12,0.0,0.43,36.33,-0.35,5812.799999999999,6394.08,0.47
2011-02-14 10:00:00,B3820,0.12,0.0,0.62,36.33,-0.53,5812.799999999999,6394.08,0.65
2011-02-14 11:00:00,B3820,0.12,0.0,0.59,36.33,-0.48,5812.799999999999,6394.08,0.6
2011-02-14 12:00:00,B3820,0.787,0.0,0.64,36.33,0.137,5812.799999999999,6394.08,0.65
2011-02-14 13:00:00,B3820,0.215,0.0,0.76,36.33,-0.555,5812.799999999999,6394.08,0.77
2011-02-14 14:00:00,B3820,0.12,0.0,0.7,36.33,-0.58,5812.799999999999,6394.08,0.7
2011-02-14 15:00:00,B3820,0.12,0.0,0.51,36.33,-0.39,5812.799999999999,6394.08,0.51
2011-02-14 16:00:00,B3820,0.12,0.0,0.35,36.33,-0.22999999999999998,5812.799999999999,6394.08,0.35
2011-02-14 17:00:00,B3820,0.215,0.0,0.0,36.33,0.215,5812.799999999999,6394.08,0.0
2011-02-14 18:00:00,B3820,0.787,0.0,0.0,36.33,0.787,5812.799999999999,6394.08,0.0
2011-02-14 19:00:00,B3820,0.977,0.0,0.0,36.33,0.977,5812.799999999999,6394.08,0.0
2011-02-14 20:00:00,B3820,0.215,0.0,0.0,36.33,0.215,5812.799999999999,6394.08,0.0
2011-02-14 21:00:00,B3820,0.214,0.0,0.0,36.33,0.214,5812.799999999999,6394.08,0.0
2011-02-14 22:00:00,B3820,0.214,0.0,0.0,36.33,0.214,5812.799999999999,6394.08,0.0
2011-02-14 23:00:00,B3820,0.119,0.0,0.0,36.33,0.119,5812.799999999999,6394.08,0.0
2011-02-15 00:00:00,B3820,2.519,2.4,0.0,36.33,2.519,5812.799999999999,6394.08,0.0
2011-02-15 01:00:00,B3820,2.519,2.4,0.0,36.33,2.519,5812.799999999999,6394.08,0.0
2011-02-15 02:00:00,B3820,2.519,2.4,0.0,36.33,2.519,5812.799999999999,6394.08,0.0
2011-02-15 03:00:00,B3820,2.519,2.4,0.0,36.33,2.519,5812.799999999999,6394.08,0.0
2011-02-15 04:00:00,B3820,2.519,2.4,0.0,36.33,2.519,5812.799999999999,6394.08,0.0
2011-02-15 05:00:00,B3820,0.214,0.0,0.0,36.33,0.214,5812.799999999999,6394.08,0.0
2011-02-15 06:00:00,B3820,0.787,0.0,0.0,36.33,0.787,5812.799999999999,6394.08,0.0
2011-02-15 07:00:00,B3820,0.215,0.0,0.0,36.33,0.215,5812.799999999999,6394.08,0.0
2011-02-15 08:00:00,B3820,0.12,0.0,0.25,36.33,-0.18,5812.799999999999,6394.08,0.3
2011-02-15 09:00:00,B3820,0.12,0.0,0.49,36.33,-0.42000000000000004,5812.799999999999,6394.08,0.54
2011-02-15 10:00:00,B3820,0.12,0.0,0.59,36.33,-0.5,5812.799999999999,6394.08,0.62
2011-02-15 11:00:00,B3820,0.12,0.0,0.61,36.33,-0.51,5812.799999999999,6394.08,0.63
2011-02-15 12:00:00,B3820,0.787,0.0,0.62,36.33,0.15700000000000003,5812.799999999999,6394.08,0.63
2011-02-15 13:00:00,B3820,0.215,0.0,0.58,36.33,-0.375,5812.799999999999,6394.08,0.59
2011-02-15 14:00:00,B3820,0.12,0.0,0.52,36.33,-0.4,5812.799999999999,6394.08,0.52
2011-02-15 15:00:00,B3820,0.12,0.0,0.42,36.33,-0.3,5812.799999999999,6394.08,0.42
2011-02-15 16:00:00,B3820,0.12,0.0,0.29,36.33,-0.16999999999999998,5812.799999999999,6394.08,0.29
2011-02-15 17:00:00,B3820,0.215,0.0,0.03,36.33,0.185,5812.799999999999,6394.08,0.03
2011-02-15 18:00:00,B3820,0.787,0.0,0.0,36.33,0.787,5812.799999999999,6394.08,0.0
2011-02-15 19:00:00,B3820,0.978,0.0,0.0,36.33,0.978,5812.799999999999,6394.08,0.0
2011-02-15 20:00:00,B3820,0.215,0.0,0.0,36.33,0.215,5812.799999999999,6394.08,0.0
2011-02-15 21:00:00,B3820,0.214,0.0,0.0,36.33,0.214,5812.799999999999,6394.08,0.0
2011-02-15 22:00:00,B3820,0.214,0.0,0.0,36.33,0.214,5812.799999999999,6394.08,0.0
2011-02-15 23:00:00,B3820,0.119,0.0,0.0,36.33,0.119,5812.799999999999,6394.08,0.0
2011-02-16 00:00:00,B3820,2.519,2.4,0.0,36.33,2.519,5812.799999999999,6394.08,0.0
2011-02-16 01:00:00,B3820,2.519,2.4,0.0,36.33,2.519,5812.799999999999,6394.08,0.0
2011-02-16 02:00:00,B3820,2.519,2.4,0.0,36.33,2.519,5812.799999999999,6394.08,0.0
2011-02-16 03:00:00,B3820,2.519,2.4,0.0,36.33,2.519,5812.799999999999,6394.08,0.0
2011-02-16 04:00:00,B3820,2.519,2.4,0.0,36.33,2.519,5812.799999999999,6394.08,0.0
2011-02-16 05:00:00,B3820,0.214,0.0,0.0,36.33,0.214,5812.799999999999,6394.08,0.0
2011-02-16 06:00:00,B3820,0.787,0.0,0.0,36.33,0.787,5812.799999999999,6394.08,0.0
2011-02-16 07:00:00,B3820,0.215,0.0,0.0,36.33,0.215,5812.799999999999,6394.08,0.0
2011-02-16 08:00:00,B3820,0.12,0.0,0.21,36.33,-0.14,5812.799999999999,6394.08,0.26
2011-02-16 09:00:00,B3820,0.12,0.0,0.33,36.33,-0.25,5812.799999999999,6394.08,0.37
2011-02-16 10:00:00,B3820,0.12,0.0,0.41,36.33,-0.32,5812.799999999999,6394.08,0.44
2011-02-16 11:00:00,B3820,0.12,0.0,0.5,36.33,-0.4,5812.799999999999,6394.08,0.52
2011-02-16 12:00:00,B3820,0.787,0.0,0.59,36.33,0.19700000000000006,5812.799999999999,6394.08,0.59
2011-02-16 13:00:00,B3820,0.215,0.0,0.59,36.33,-0.385,5812.799999999999,6394.08,0.6
2011-02-16 14:00:00,B3820,0.12,0.0,0.53,36.33,-0.42000000000000004,5812.799999999999,6394.08,0.54
2011-02-16 15:00:00,B3820,0.12,0.0,0.43,36.33,-0.31,5812.799999999999,6394.08,0.43
2011-02-16 16:00:00,B3820,0.12,0.0,0.29,36.33,-0.16999999999999998,5812.799999999999,6394.08,0.29
2011-02-16 17:00:00,B3820,0.215,0.0,0.09,36.33,0.125,5812.799999999999,6394.08,0.09
2011-02-16 18:00:00,B3820,0.787,0.0,0.0,36.33,0.787,5812.799999999999,6394.08,0.0
2011-02-16 19:00:00,B3820,0.978,0.0,0.0,36.33,0.978,5812.799999999999,6394.08,0.0
2011-02-16 20:00:00,B3820,0.215,0.0,0.0,36.33,0.215,5812.799999999999,6394.08,0.0
2011-02-16 21:00:00,B3820,0.214,0.0,0.0,36.33,0.214,5812.799999999999,6394.08,0.0
2011-02-16 22:00:00,B3820,0.214,0.0,0.0,36.33,0.214,5812.799999999999,6394.08,0.0
2011-02-16 23:00:00,B3820,0.119,0.0,0.0,36.33,0.119,5812.799999999999,6394.08,0.0
2011-02-17 00:00:00,B3820,2.519,2.4,0.0,36.33,2.519,5812.799999999999,6394.08,0.0
2011-02-17 01:00:00,B3820,2.519,2.4,0.0,36.33,2.519,5812.799999999999,6394.08,0.0
2011-02-17 02:00:00,B3820,2.519,2.4,0.0,36.33,2.519,5812.799999999999,6394.08,0.0
2011-02-17 03:00:00,B3820,2.519,2.4,0.0,36.33,2.519,5812.799999999999,6394.08,0.0
2011-02-17 04:00:00,B3820,2.519,2.4,0.0,36.33,2.519,5812.799999999999,6394.08,0.0
2011-02-17 05:00:00,B3820,0.214,0.0,0.0,36.33,0.214,5812.799999999999,6394.08,0.0
2011-02-17 06:00:00,B3820,0.787,0.0,0.0,36.33,0.787,5812.799999999999,6394.08,0.0
2011-02-17 07:00:00,B3820,0.215,0.0,0.0,36.33,0.215,5812.799999999999,6394.08,0.0
2011-02-17 08:00:00,B3820,0.12,0.0,0.34,36.33,-0.26,5812.799999999999,6394.08,0.38
2011-02-17 09:00:00,B3820,0.12,0.0,0.69,36.33,-0.61,5812.799999999999,6394.08,0.73
2011-02-17 10:00:00,B3820,0.12,0.0,1.02,36.33,-0.9400000000000001,5812.799999999999,6394.08,1.06
2011-02-17 11:00:00,B3820,0.12,0.0,1.06,36.33,-0.9700000000000001,5812.799999999999,6394.08,1.09
2011-02-17 12:00:00,B3820,0.787,0.0,1.01,36.33,-0.243,5812.799999999999,6394.08,1.03
2011-02-17 13:00:00,B3820,0.215,0.0,0.95,36.33,-0.755,5812.799999999999,6394.08,0.97
2011-02-17 14:00:00,B3820,0.12,0.0,0.68,36.33,-0.57,5812.799999999999,6394.08,0.69
2011-02-17 15:00:00,B3820,0.12,0.0,0.38,36.33,-0.26,5812.799999999999,6394.08,0.38
2011-02-17 16:00:00,B3820,0.12,0.0,0.0,36.33,0.12,5812.799999999999,6394.08,0.0
2011-02-17 17:00:00,B3820,0.215,0.0,0.0,36.33,0.215,5812.799999999999,6394.08,0.0
2011-02-17 18:00:00,B3820,0.787,0.0,0.0,36.33,0.787,5812.799999999999,6394.08,0.0
2011-02-17 19:00:00,B3820,0.978,0.0,0.0,36.33,0.978,5812.799999999999,6394.08,0.0
2011-02-17 20:00:00,B3820,0.215,0.0,0.0,36.33,0.215,5812.799999999999,6394.08,0.0
2011-02-17 21:00:00,B3820,0.214,0.0,0.0,36.33,0.214,5812.799999999999,6394.08,0.0
2011-02-17 22:00:00,B3820,0.214,0.0,0.0,36.33,0.214,5812.799999999999,6394.08,0.0
2011-02-17 23:00:00,B3820,0.119,0.0,0.0,36.33,0.119,5812.799999999999,6394.08,0.0
2011-02-18 00:00:00,B3820,2.519,2.4,0.0,36.33,2.519,5812.799999999999,6394.08,0.0
2011-02-18 01:00:00,B3820,2.519,2.4,0.0,36.33,2.519,5812.799999999999,6394.08,0.0
2011-02-18 02:00:00,B3820,2.519,2.4,0.0,36.33,2.519,5812.799999999999,6394.08,0.0
2011-02-18 03:00:00,B3820,2.519,2.4,0.0,36.33,2.519,5812.799999999999,6394.08,0.0
2011-02-18 04:00:00,B3820,2.519,2.4,0.0,36.33,2.519,5812.799999999999,6394.08,0.0
2011-02-18 05:00:00,B3820,0.214,0.0,0.0,36.33,0.214,5812.799999999999,6394.08,0.0
2011-02-18 06:00:00,B3820,0.787,0.0,0.0,36.33,0.787,5812.799999999999,6394.08,0.0
2011-02-18 07:00:00,B3820,0.215,0.0,0.0,36.33,0.215,5812.799999999999,6394.08,0.0
2011-02-18 08:00:00,B3820,0.12,0.0,0.32,36.33,-0.26,5812.799999999999,6394.08,0.38
2011-02-18 09:00:00,B3820,0.12,0.0,0.52,36.33,-0.44999999999999996,5812.799999999999,6394.08,0.57
2011-02-18 10:00:00,B3820,0.12,0.0,0.57,36.33,-0.48,5812.799999999999,6394.08,0.6
2011-02-18 11:00:00,B3820,0.12,0.0,0.65,36.33,-0.54,5812.799999999999,6394.08,0.66
2011-02-18 12:00:00,B3820,0.787,0.0,0.77,36.33,0.007000000000000006,5812.799999999999,6394.08,0.78
2011-02-18 13:00:00,B3820,0.215,0.0,0.79,36.33,-0.5850000000000001,5812.799999999999,6394.08,0.8
2011-02-18 14:00:00,B3820,0.12,0.0,0.72,36.33,-0.61,5812.799999999999,6394.08,0.73
2011-02-18 15:00:00,B3820,0.12,0.0,0.58,36.33,-0.47,5812.799999999999,6394.08,0.59
2011-02-18 16:00:00,B3820,0.12,0.0,0.37,36.33,-0.25,5812.799999999999,6394.08,0.37
2011-02-18 17:00:00,B3820,0.215,0.0,0.0,36.33,0.215,5812.799999999999,6394.08,0.0
2011-02-18 18:00:00,B3820,0.787,0.0,0.0,36.33,0.787,5812.799999999999,6394.08,0.0
2011-02-18 19:00:00,B3820,0.978,0.0,0.0,36.33,0.978,5812.799999999999,6394.08,0.0
2011-02-18 20:00:00,B3820,0.215,0.0,0.0,36.33,0.215,5812.799999999999,6394.08,0.0
2011-02-18 21:00:00,B3820,0.214,0.0,0.0,36.33,0.214,5812.799999999999,6394.08,0.0
2011-02-18 22:00:00,B3820,0.214,0.0,0.0,36.33,0.214,5812.799999999999,6394.08,0.0
2011-02-18 23:00:00,B3820,0.119,0.0,0.0,36.33,0.119,5812.799999999999,6394.08,0.0
2011-02-19 00:00:00,B3820,0.119,0.0,0.0,36.33,0.119,5812.799999999999,6394.08,0.0
2011-02-19 01:00:00,B3820,0.119,0.0,0.0,36.33,0.119,5812.799999999999,6394.08,0.0
2011-02-19 02:00:00,B3820,0.119,0.0,0.0,36.33,0.119,5812.799999999999,6394.08,0.0
2011-02-19 03:00:00,B3820,0.119,0.0,0.0,36.33,0.119,5812.799999999999,6394.08,0.0
2011-02-19 04:00:00,B3820,0.119,0.0,0.0,36.33,0.119,5812.799999999999,6394.08,0.0
2011-02-19 05:00:00,B3820,0.214,0.0,0.0,36.33,0.214,5812.799999999999,6394.08,0.0
2011-02-19 06:00:00,B3820,0.787,0.0,0.0,36.33,0.787,5812.799999999999,6394.08,0.0
2011-02-19 07:00:00,B3820,0.215,0.0,0.0,36.33,0.215,5812.799999999999,6394.08,0.0
2011-02-19 08:00:00,B3820,2.52,2.4,0.22,36.33,2.25,5812.799999999999,6394.08,0.27
2011-02-19 09:00:00,B3820,2.52,2.4,0.34,36.33,2.14,5812.799999999999,6394.08,0.38
2011-02-19 10:00:00,B3820,2.52,2.4,0.43,36.33,2.06,5812.799999999999,6394.08,0.46
2011-02-19 11:00:00,B3820,2.52,2.4,0.55,36.33,1.9500000000000002,5812.799999999999,6394.08,0.57
2011-02-19 12:00:00,B3820,3.187,2.4,0.65,36.33,2.5269999999999997,5812.799999999999,6394.08,0.66
2011-02-19 13:00:00,B3820,0.215,0.0,0.66,36.33,-0.45500000000000007,5812.799999999999,6394.08,0.67
2011-02-19 14:00:00,B3820,0.12,0.0,0.59,36.33,-0.47,5812.799999999999,6394.08,0.59
2011-02-19 15:00:00,B3820,0.12,0.0,0.46,36.33,-0.34,5812.799999999999,6394.08,0.46
2011-02-19 16:00:00,B3820,0.12,0.0,0.3,36.33,-0.18,5812.799999999999,6394.08,0.3
2011-02-19 17:00:00,B3820,0.215,0.0,0.09,36.33,0.125,5812.799999999999,6394.08,0.09
2011-02-19 18:00:00,B3820,0.787,0.0,0.0,36.33,0.787,5812.799999999999,6394.08,0.0
2011-02-19 19:00:00,B3820,0.978,0.0,0.0,36.33,0.978,5812.799999999999,6394.08,0.0
2011-02-19 20:00:00,B3820,0.215,0.0,0.0,36.33,0.215,5812.799999999999,6394.08,0.0
2011-02-19 21:00:00,B3820,0.214,0.0,0.0,36.33,0.214,5812.799999999999,6394.08,0.0
2011-02-19 22:00:00,B3820,0.214,0.0,0.0,36.33,0.214,5812.799999999999,6394.08,0.0
2011-02-19 23:00:00,B3820,0.119,0.0,0.0,36.33,0.119,5812.799999999999,6394.08,0.0
2011-02-20 00:00:00,B3820,0.119,0.0,0.0,36.33,0.119,5812.799999999999,6394.08,0.0
2011-02-20 01:00:00,B3820,0.119,0.0,0.0,36.33,0.119,5812.799999999999,6394.08,0.0
2011-02-20 02:00:00,B3820,0.119,0.0,0.0,36.33,0.119,5812.799999999999,6394.08,0.0
2011-02-20 03:00:00,B3820,0.119,0.0,0.0,36.33,0.119,5812.799999999999,6394.08,0.0
2011-02-20 04:00:00,B3820,0.119,0.0,0.0,36.33,0.119,5812.799999999999,6394.08,0.0
2011-02-20 05:00:00,B3820,0.214,0.0,0.0,36.33,0.214,5812.799999999999,6394.08,0.0
2011-02-20 06:00:00,B3820,0.787,0.0,0.0,36.33,0.787,5812.799999999999,6394.08,0.0
2011-02-20 07:00:00,B3820,0.215,0.0,0.0,36.33,0.215,5812.799999999999,6394.08,0.0
2011-02-20 08:00:00,B3820,2.52,2.4,0.22,36.33,2.24,5812.799999999999,6394.08,0.28
2011-02-20 09:00:00,B3820,2.52,2.4,0.34,36.33,2.14,5812.799999999999,6394.08,0.38
2011-02-20 10:00:00,B3820,2.52,2.4,0.44,36.33,2.05,5812.799999999999,6394.08,0.47
2011-02-20 11:00:00,B3820,2.52,2.4,0.58,36.33,1.9300000000000002,5812.799999999999,6394.08,0.59
2011-02-20 12:00:00,B3820,3.187,2.4,0.67,36.33,2.5069999999999997,5812.799999999999,6394.08,0.68
2011-02-20 13:00:00,B3820,0.215,0.0,0.68,36.33,-0.4650000000000001,5812.799999999999,6394.08,0.68
2011-02-20 14:00:00,B3820,0.12,0.0,0.61,36.33,-0.49,5812.799999999999,6394.08,0.61
2011-02-20 15:00:00,B3820,0.12,0.0,0.47,36.33,-0.35,5812.799999999999,6394.08,0.47
2011-02-20 16:00:00,B3820,0.12,0.0,0.31,36.33,-0.19,5812.799999999999,6394.08,0.31
2011-02-20 17:00:00,B3820,0.215,0.0,0.09,36.33,0.125,5812.799999999999,6394.08,0.09
2011-02-20 18:00:00,B3820,0.787,0.0,0.0,36.33,0.787,5812.799999999999,6394.08,0.0
2011-02-20 19:00:00,B3820,0.978,0.0,0.0,36.33,0.978,5812.799999999999,6394.08,0.0
2011-02-20 20:00:00,B3820,0.215,0.0,0.0,36.33,0.215,5812.799999999999,6394.08,0.0
2011-02-20 21:00:00,B3820,0.214,0.0,0.0,36.33,0.214,5812.799999999999,6394.08,0.0
2011-02-20 22:00:00,B3820,0.214,0.0,0.0,36.33,0.214,5812.799999999999,6394.08,0.0
2011-02-20 23:00:00,B3820,0.119,0.0,0.0,36.33,0.119,5812.799999999999,6394.08,0.0
2011-02-21 00:00:00,B3820,2.519,2.4,0.0,36.33,2.519,5812.799999999999,6394.08,0.0
2011-02-21 01:00:00,B3820,2.519,2.4,0.0,36.33,2.519,5812.799999999999,6394.08,0.0
2011-02-21 02:00:00,B3820,2.519,2.4,0.0,36.33,2.519,5812.799999999999,6394.08,0.0
2011-02-21 03:00:00,B3820,2.519,2.4,0.0,36.33,2.519,5812.799999999999,6394.08,0.0
2011-02-21 04:00:00,B3820,2.519,2.4,0.0,36.33,2.519,5812.799999999999,6394.08,0.0
2011-02-21 05:00:00,B3820,0.214,0.0,0.0,36.33,0.214,5812.799999999999,6394.08,0.0
2011-02-21 06:00:00,B3820,0.787,0.0,0.0,36.33,0.787,5812.799999999999,6394.08,0.0
2011-02-21 07:00:00,B3820,0.215,0.0,0.0,36.33,0.215,5812.799999999999,6394.08,0.0
2011-02-21 08:00:00,B3820,0.12,0.0,0.22,36.33,-0.15000000000000002,5812.799999999999,6394.08,0.27
2011-02-21 09:00:00,B3820,0.12,0.0,0.36,36.33,-0.29,5812.799999999999,6394.08,0.41
2011-02-21 10:00:00,B3820,0.12,0.0,0.5,36.33,-0.41000000000000003,5812.799999999999,6394.08,0.53
2011-02-21 11:00:00,B3820,0.12,0.0,0.64,36.33,-0.53,5812.799999999999,6394.08,0.65
2011-02-21 12:00:00,B3820,0.787,0.0,0.73,36.33,0.04700000000000004,5812.799999999999,6394.08,0.74
2011-02-21 13:00:00,B3820,0.215,0.0,0.74,36.33,-0.535,5812.799999999999,6394.08,0.75
2011-02-21 14:00:00,B3820,0.12,0.0,0.65,36.33,-0.53,5812.799999999999,6394.08,0.65
2011-02-21 15:00:00,B3820,0.12,0.0,0.49,36.33,-0.37,5812.799999999999,6394.08,0.49
2011-02-21 16:00:00,B3820,0.12,0.0,0.31,36.33,-0.19,5812.799999999999,6394.08,0.31
2011-02-21 17:00:00,B3820,0.215,0.0,0.0,36.33,0.215,5812.799999999999,6394.08,0.0
2011-02-21 18:00:00,B3820,0.787,0.0,0.0,36.33,0.787,5812.799999999999,6394.08,0.0
2011-02-21 19:00:00,B3820,0.977,0.0,0.0,36.33,0.977,5812.799999999999,6394.08,0.0
2011-02-21 20:00:00,B3820,0.215,0.0,0.0,36.33,0.215,5812.799999999999,6394.08,0.0
2011-02-21 21:00:00,B3820,0.214,0.0,0.0,36.33,0.214,5812.799999999999,6394.08,0.0
2011-02-21 22:00:00,B3820,0.214,0.0,0.0,36.33,0.214,5812.799999999999,6394.08,0.0
2011-02-21 23:00:00,B3820,0.119,0.0,0.0,36.33,0.119,5812.799999999999,6394.08,0.0
2011-02-22 00:00:00,B3820,2.519,2.4,0.0,36.33,2.519,5812.799999999999,6394.08,0.0
2011-02-22 01:00:00,B3820,2.519,2.4,0.0,36.33,2.519,5812.799999999999,6394.08,0.0
2011-02-22 02:00:00,B3820,2.519,2.4,0.0,36.33,2.519,5812.799999999999,6394.08,0.0
2011-02-22 03:00:00,B3820,2.519,2.4,0.0,36.33,2.519,5812.799999999999,6394.08,0.0
2011-02-22 04:00:00,B3820,2.519,2.4,0.0,36.33,2.519,5812.799999999999,6394.08,0.0
2011-02-22 05:00:00,B3820,0.214,0.0,0.0,36.33,0.214,5812.799999999999,6394.08,0.0
2011-02-22 06:00:00,B3820,0.787,0.0,0.0,36.33,0.787,5812.799999999999,6394.08,0.0
2011-02-22 07:00:00,B3820,0.215,0.0,0.0,36.33,0.215,5812.799999999999,6394.08,0.0
2011-02-22 08:00:00,B3820,0.12,0.0,0.22,36.33,-0.15000000000000002,5812.799999999999,6394.08,0.27
2011-02-22 09:00:00,B3820,0.12,0.0,0.35,36.33,-0.27,5812.799999999999,6394.08,0.39
2011-02-22 10:00:00,B3820,0.12,0.0,0.47,36.33,-0.37,5812.799999999999,6394.08,0.49
2011-02-22 11:00:00,B3820,0.12,0.0,0.63,36.33,-0.52,5812.799999999999,6394.08,0.64
2011-02-22 12:00:00,B3820,0.786,0.0,0.73,36.33,0.04600000000000004,5812.799999999999,6394.08,0.74
2011-02-22 13:00:00,B3820,0.215,0.0,0.73,36.33,-0.515,5812.799999999999,6394.08,0.73
2011-02-22 14:00:00,B3820,0.12,0.0,0.64,36.33,-0.53,5812.799999999999,6394.08,0.65
2011-02-22 15:00:00,B3820,0.12,0.0,0.51,36.33,-0.39,5812.799999999999,6394.08,0.51
2011-02-22 16:00:00,B3820,0.12,0.0,0.33,36.33,-0.21000000000000002,5812.799999999999,6394.08,0.33
2011-02-22 17:00:00,B3820,0.215,0.0,0.1,36.33,0.11499999999999999,5812.799999999999,6394.08,0.1
2011-02-22 18:00:00,B3820,0.787,0.0,0.0,36.33,0.787,5812.799999999999,6394.08,0.0
2011-02-22 19:00:00,B3820,0.978,0.0,0.0,36.33,0.978,5812.799999999999,6394.08,0.0
2011-02-22 20:00:00,B3820,0.215,0.0,0.0,36.33,0.215,5812.799999999999,6394.08,0.0
2011-02-22 21:00:00,B3820,0.214,0.0,0.0,36.33,0.214,5812.799999999999,6394.08,0.0
2011-02-22 22:00:00,B3820,0.214,0.0,0.0,36.33,0.214,5812.799999999999,6394.08,0.0
2011-02-22 23:00:00,B3820,0.119,0.0,0.0,36.33,0.119,5812.799999999999,6394.08,0.0
2011-02-23 00:00:00,B3820,2.519,2.4,0.0,36.33,2.519,5812.799999999999,6394.08,0.0
2011-02-23 01:00:00,B3820,2.519,2.4,0.0,36.33,2.519,5812.799999999999,6394.08,0.0
2011-02-23 02:00:00,B3820,2.519,2.4,0.0,36.33,2.519,5812.799999999999,6394.08,0.0
2011-02-23 03:00:00,B3820,2.519,2.4,0.0,36.33,2.519,5812.799999999999,6394.08,0.0
2011-02-23 04:00:00,B3820,2.519,2.4,0.0,36.33,2.519,5812.799999999999,6394.08,0.0
2011-02-23 05:00:00,B3820,0.214,0.0,0.0,36.33,0.214,5812.799999999999,6394.08,0.0
2011-02-23 06:00:00,B3820,0.787,0.0,0.0,36.33,0.787,5812.799999999999,6394.08,0.0
2011-02-23 07:00:00,B3820,0.215,0.0,0.0,36.33,0.215,5812.799999999999,6394.08,0.0
2011-02-23 08:00:00,B3820,0.12,0.0,0.38,36.33,-0.31,5812.799999999999,6394.08,0.43
2011-02-23 09:00:00,B3820,0.12,0.0,0.64,36.33,-0.57,5812.799999999999,6394.08,0.69
2011-02-23 10:00:00,B3820,0.12,0.0,1.0,36.33,-0.92,5812.799999999999,6394.08,1.04
2011-02-23 11:00:00,B3820,0.12,0.0,1.37,36.33,-1.2799999999999998,5812.799999999999,6394.08,1.4
2011-02-23 12:00:00,B3820,0.787,0.0,1.49,36.33,-0.733,5812.799999999999,6394.08,1.52
2011-02-23 13:00:00,B3820,0.215,0.0,1.35,36.33,-1.155,5812.799999999999,6394.08,1.37
2011-02-23 14:00:00,B3820,0.12,0.0,1.16,36.33,-1.0499999999999998,5812.799999999999,6394.08,1.17
2011-02-23 15:00:00,B3820,0.12,0.0,0.89,36.33,-0.78,5812.799999999999,6394.08,0.9
2011-02-23 16:00:00,B3820,0.12,0.0,0.53,36.33,-0.41000000000000003,5812.799999999999,6394.08,0.53
2011-02-23 17:00:00,B3820,0.215,0.0,0.0,36.33,0.215,5812.799999999999,6394.08,0.0
2011-02-23 18:00:00,B3820,0.787,0.0,0.0,36.33,0.787,5812.799999999999,6394.08,0.0
2011-02-23 19:00:00,B3820,0.978,0.0,0.0,36.33,0.978,5812.799999999999,6394.08,0.0
2011-02-23 20:00:00,B3820,0.215,0.0,0.0,36.33,0.215,5812.799999999999,6394.08,0.0
2011-02-23 21:00:00,B3820,0.214,0.0,0.0,36.33,0.214,5812.799999999999,6394.08,0.0
2011-02-23 22:00:00,B3820,0.214,0.0,0.0,36.33,0.214,5812.799999999999,6394.08,0.0
2011-02-23 23:00:00,B3820,0.119,0.0,0.0,36.33,0.119,5812.799999999999,6394.08,0.0
2011-02-24 00:00:00,B3820,2.519,2.4,0.0,36.33,2.519,5812.799999999999,6394.08,0.0
2011-02-24 01:00:00,B3820,2.519,2.4,0.0,36.33,2.519,5812.799999999999,6394.08,0.0
2011-02-24 02:00:00,B3820,2.519,2.4,0.0,36.33,2.519,5812.799999999999,6394.08,0.0
2011-02-24 03:00:00,B3820,2.519,2.4,0.0,36.33,2.519,5812.799999999999,6394.08,0.0
2011-02-24 04:00:00,B3820,2.519,2.4,0.0,36.33,2.519,5812.799999999999,6394.08,0.0
2011-02-24 05:00:00,B3820,0.214,0.0,0.0,36.33,0.214,5812.799999999999,6394.08,0.0
2011-02-24 06:00:00,B3820,0.787,0.0,0.0,36.33,0.787,5812.799999999999,6394.08,0.0
2011-02-24 07:00:00,B3820,0.215,0.0,0.0,36.33,0.215,5812.799999999999,6394.08,0.0
2011-02-24 08:00:00,B3820,0.12,0.0,0.35,36.33,-0.28,5812.799999999999,6394.08,0.4
2011-02-24 09:00:00,B3820,0.12,0.0,0.55,36.33,-0.45999999999999996,5812.799999999999,6394.08,0.58
2011-02-24 10:00:00,B3820,0.12,0.0,0.61,36.33,-0.51,5812.799999999999,6394.08,0.63
2011-02-24 11:00:00,B3820,0.12,0.0,0.65,36.33,-0.54,5812.799999999999,6394.08,0.66
2011-02-24 12:00:00,B3820,0.787,0.0,0.76,36.33,0.017000000000000015,5812.799999999999,6394.08,0.77
2011-02-24 13:00:00,B3820,0.215,0.0,0.8,36.33,-0.5950000000000001,5812.799999999999,6394.08,0.81
2011-02-24 14:00:00,B3820,0.12,0.0,0.66,36.33,-0.55,5812.799999999999,6394.08,0.67
2011-02-24 15:00:00,B3820,0.12,0.0,0.54,36.33,-0.42000000000000004,5812.799999999999,6394.08,0.54
2011-02-24 16:00:00,B3820,0.12,0.0,0.33,36.33,-0.21000000000000002,5812.799999999999,6394.08,0.33
2011-02-24 17:00:00,B3820,0.215,0.0,0.0,36.33,0.215,5812.799999999999,6394.08,0.0
2011-02-24 18:00:00,B3820,0.787,0.0,0.0,36.33,0.787,5812.799999999999,6394.08,0.0
2011-02-24 19:00:00,B3820,0.977,0.0,0.0,36.33,0.977,5812.799999999999,6394.08,0.0
2011-02-24 20:00:00,B3820,0.215,0.0,0.0,36.33,0.215,5812.799999999999,6394.08,0.0
2011-02-24 21:00:00,B3820,0.214,0.0,0.0,36.33,0.214,5812.799999999999,6394.08,0.0
2011-02-24 22:00:00,B3820,0.214,0.0,0.0,36.33,0.214,5812.799999999999,6394.08,0.0
2011-02-24 23:00:00,B3820,0.119,0.0,0.0,36.33,0.119,5812.799999999999,6394.08,0.0
2011-02-25 00:00:00,B3820,2.519,2.4,0.0,36.33,2.519,5812.799999999999,6394.08,0.0
2011-02-25 01:00:00,B3820,2.519,2.4,0.0,36.33,2.519,5812.799999999999,6394.08,0.0
2011-02-25 02:00:00,B3820,2.519,2.4,0.0,36.33,2.519,5812.799999999999,6394.08,0.0
2011-02-25 03:00:00,B3820,2.519,2.4,0.0,36.33,2.519,5812.799999999999,6394.08,0.0
2011-02-25 04:00:00,B3820,2.519,2.4,0.0,36.33,2.519,5812.799999999999,6394.08,0.0
2011-02-25 05:00:00,B3820,0.214,0.0,0.0,36.33,0.214,5812.799999999999,6394.08,0.0
2011-02-25 06:00:00,B3820,0.787,0.0,0.0,36.33,0.787,5812.799999999999,6394.08,0.0
2011-02-25 07:00:00,B3820,0.215,0.0,0.0,36.33,0.215,5812.799999999999,6394.08,0.0
2011-02-25 08:00:00,B3820,0.12,0.0,0.31,36.33,-0.24,5812.799999999999,6394.08,0.36
2011-02-25 09:00:00,B3820,0.12,0.0,0.55,36.33,-0.48,5812.799999999999,6394.08,0.6
2011-02-25 10:00:00,B3820,0.12,0.0,0.82,36.33,-0.74,5812.799999999999,6394.08,0.86
2011-02-25 11:00:00,B3820,0.12,0.0,0.94,36.33,-0.84,5812.799999999999,6394.08,0.96
2011-02-25 12:00:00,B3820,0.787,0.0,1.04,36.33,-0.273,5812.799999999999,6394.08,1.06
2011-02-25 13:00:00,B3820,0.215,0.0,1.14,36.33,-0.9349999999999999,5812.799999999999,6394.08,1.15
2011-02-25 14:00:00,B3820,0.12,0.0,1.05,36.33,-0.9500000000000001,5812.799999999999,6394.08,1.07
2011-02-25 15:00:00,B3820,0.12,0.0,0.75,36.33,-0.65,5812.799999999999,6394.08,0.77
2011-02-25 16:00:00,B3820,0.12,0.0,0.47,36.33,-0.35,5812.799999999999,6394.08,0.47
2011-02-25 17:00:00,B3820,0.215,0.0,0.12,36.33,0.095,5812.799999999999,6394.08,0.12
2011-02-25 18:00:00,B3820,0.787,0.0,0.0,36.33,0.787,5812.799999999999,6394.08,0.0
2011-02-25 19:00:00,B3820,0.977,0.0,0.0,36.33,0.977,5812.799999999999,6394.08,0.0
2011-02-25 20:00:00,B3820,0.215,0.0,0.0,36.33,0.215,5812.799999999999,6394.08,0.0
2011-02-25 21:00:00,B3820,0.214,0.0,0.0,36.33,0.214,5812.799999999999,6394.08,0.0
2011-02-25 22:00:00,B3820,0.214,0.0,0.0,36.33,0.214,5812.799999999999,6394.08,0.0
2011-02-25 23:00:00,B3820,0.119,0.0,0.0,36.33,0.119,5812.799999999999,6394.08,0.0
2011-02-26 00:00:00,B3820,0.119,0.0,0.0,36.33,0.119,5812.799999999999,6394.08,0.0
2011-02-26 01:00:00,B3820,0.119,0.0,0.0,36.33,0.119,5812.799999999999,6394.08,0.0
2011-02-26 02:00:00,B3820,0.119,0.0,0.0,36.33,0.119,5812.799999999999,6394.08,0.0
2011-02-26 03:00:00,B3820,0.119,0.0,0.0,36.33,0.119,5812.799999999999,6394.08,0.0
2011-02-26 04:00:00,B3820,0.119,0.0,0.0,36.33,0.119,5812.799999999999,6394.08,0.0
2011-02-26 05:00:00,B3820,0.214,0.0,0.0,36.33,0.214,5812.799999999999,6394.08,0.0
2011-02-26 06:00:00,B3820,0.787,0.0,0.0,36.33,0.787,5812.799999999999,6394.08,0.0
2011-02-26 07:00:00,B3820,0.215,0.0,0.0,36.33,0.215,5812.799999999999,6394.08,0.0
2011-02-26 08:00:00,B3820,2.52,2.4,0.46,36.33,2.0300000000000002,5812.799999999999,6394.08,0.49
2011-02-26 09:00:00,B3820,2.52,2.4,0.66,36.33,1.82,5812.799999999999,6394.08,0.7
2011-02-26 10:00:00,B3820,2.52,2.4,0.56,36.33,1.9500000000000002,5812.799999999999,6394.08,0.57
2011-02-26 11:00:00,B3820,2.52,2.4,0.64,36.33,1.8599999999999999,5812.799999999999,6394.08,0.66
2011-02-26 12:00:00,B3820,3.187,2.4,1.05,36.33,2.1069999999999998,5812.799999999999,6394.08,1.08
2011-02-26 13:00:00,B3820,0.215,0.0,1.18,36.33,-0.975,5812.799999999999,6394.08,1.19
2011-02-26 14:00:00,B3820,0.12,0.0,0.93,36.33,-0.82,5812.799999999999,6394.08,0.94
2011-02-26 15:00:00,B3820,0.12,0.0,0.7,36.33,-0.59,5812.799999999999,6394.08,0.71
2011-02-26 16:00:00,B3820,0.12,0.0,0.45,36.33,-0.33,5812.799999999999,6394.08,0.45
2011-02-26 17:00:00,B3820,0.215,0.0,0.04,36.33,0.175,5812.799999999999,6394.08,0.04
2011-02-26 18:00:00,B3820,0.787,0.0,0.0,36.33,0.787,5812.799999999999,6394.08,0.0
2011-02-26 19:00:00,B3820,0.978,0.0,0.0,36.33,0.978,5812.799999999999,6394.08,0.0
2011-02-26 20:00:00,B3820,0.215,0.0,0.0,36.33,0.215,5812.799999999999,6394.08,0.0
2011-02-26 21:00:00,B3820,0.214,0.0,0.0,36.33,0.214,5812.799999999999,6394.08,0.0
2011-02-26 22:00:00,B3820,0.214,0.0,0.0,36.33,0.214,5812.799999999999,6394.08,0.0
2011-02-26 23:00:00,B3820,0.119,0.0,0.0,36.33,0.119,5812.799999999999,6394.08,0.0
2011-02-27 00:00:00,B3820,0.119,0.0,0.0,36.33,0.119,5812.799999999999,6394.08,0.0
2011-02-27 01:00:00,B3820,0.119,0.0,0.0,36.33,0.119,5812.799999999999,6394.08,0.0
2011-02-27 02:00:00,B3820,0.119,0.0,0.0,36.33,0.119,5812.799999999999,6394.08,0.0
2011-02-27 03:00:00,B3820,0.119,0.0,0.0,36.33,0.119,5812.799999999999,6394.08,0.0
2011-02-27 04:00:00,B3820,0.119,0.0,0.0,36.33,0.119,5812.799999999999,6394.08,0.0
2011-02-27 05:00:00,B3820,0.214,0.0,0.0,36.33,0.214,5812.799999999999,6394.08,0.0
2011-02-27 06:00:00,B3820,0.787,0.0,0.0,36.33,0.787,5812.799999999999,6394.08,0.0
2011-02-27 07:00:00,B3820,0.215,0.0,0.0,36.33,0.215,5812.799999999999,6394.08,0.0
2011-02-27 08:00:00,B3820,2.52,2.4,0.43,36.33,2.04,5812.799999999999,6394.08,0.48
2011-02-27 09:00:00,B3820,2.52,2.4,0.67,36.33,1.8,5812.799999999999,6394.08,0.72
2011-02-27 10:00:00,B3820,2.52,2.4,0.9,36.33,1.58,5812.799999999999,6394.08,0.94
2011-02-27 11:00:00,B3820,2.52,2.4,1.06,36.33,1.43,5812.799999999999,6394.08,1.09
2011-02-27 12:00:00,B3820,3.187,2.4,1.09,36.33,2.077,5812.799999999999,6394.08,1.11
2011-02-27 13:00:00,B3820,0.215,0.0,0.99,36.33,-0.785,5812.799999999999,6394.08,1.0
2011-02-27 14:00:00,B3820,0.12,0.0,0.9,36.33,-0.79,5812.799999999999,6394.08,0.91
2011-02-27 15:00:00,B3820,0.12,0.0,0.73,36.33,-0.62,5812.799999999999,6394.08,0.74
2011-02-27 16:00:00,B3820,0.12,0.0,0.42,36.33,-0.3,5812.799999999999,6394.08,0.42
2011-02-27 17:00:00,B3820,0.215,0.0,0.12,36.33,0.095,5812.799999999999,6394.08,0.12
2011-02-27 18:00:00,B3820,0.787,0.0,0.0,36.33,0.787,5812.799999999999,6394.08,0.0
2011-02-27 19:00:00,B3820,0.978,0.0,0.0,36.33,0.978,5812.799999999999,6394.08,0.0
2011-02-27 20:00:00,B3820,0.215,0.0,0.0,36.33,0.215,5812.799999999999,6394.08,0.0
2011-02-27 21:00:00,B3820,0.214,0.0,0.0,36.33,0.214,5812.799999999999,6394.08,0.0
2011-02-27 22:00:00,B3820,0.214,0.0,0.0,36.33,0.214,5812.799999999999,6394.08,0.0
2011-02-27 23:00:00,B3820,0.119,0.0,0.0,36.33,0.119,5812.799999999999,6394.08,0.0
2011-02-28 00:00:00,B3820,2.519,2.4,0.0,36.33,2.519,5812.799999999999,6394.08,0.0
2011-02-28 01:00:00,B3820,2.519,2.4,0.0,36.33,2.519,5812.799999999999,6394.08,0.0
2011-02-28 02:00:00,B3820,2.519,2.4,0.0,36.33,2.519,5812.799999999999,6394.08,0.0
2011-02-28 03:00:00,B3820,2.519,2.4,0.0,36.33,2.519,5812.799999999999,6394.08,0.0
2011-02-28 04:00:00,B3820,2.519,2.4,0.0,36.33,2.519,5812.799999999999,6394.08,0.0
2011-02-28 05:00:00,B3820,0.214,0.0,0.0,36.33,0.214,5812.799999999999,6394.08,0.0
2011-02-28 06:00:00,B3820,0.787,0.0,0.0,36.33,0.787,5812.799999999999,6394.08,0.0
2011-02-28 07:00:00,B3820,0.215,0.0,0.0,36.33,0.215,5812.799999999999,6394.08,0.0
2011-02-28 08:00:00,B3820,0.12,0.0,0.31,36.33,-0.25,5812.799999999999,6394.08,0.37
2011-02-28 09:00:00,B3820,0.12,0.0,0.46,36.33,-0.39,5812.799999999999,6394.08,0.51
2011-02-28 10:00:00,B3820,0.12,0.0,0.77,36.33,-0.6900000000000001,5812.799999999999,6394.08,0.81
2011-02-28 11:00:00,B3820,0.12,0.0,1.01,36.33,-0.91,5812.799999999999,6394.08,1.03
2011-02-28 12:00:00,B3820,0.787,0.0,1.07,36.33,-0.30300000000000005,5812.799999999999,6394.08,1.09
2011-02-28 13:00:00,B3820,0.215,0.0,1.05,36.33,-0.8450000000000001,5812.799999999999,6394.08,1.06
2011-02-28 14:00:00,B3820,0.12,0.0,0.94,36.33,-0.83,5812.799999999999,6394.08,0.95
2011-02-28 15:00:00,B3820,0.12,0.0,0.73,36.33,-0.62,5812.799999999999,6394.08,0.74
2011-02-28 16:00:00,B3820,0.12,0.0,0.46,36.33,-0.34,5812.799999999999,6394.08,0.46
2011-02-28 17:00:00,B3820,0.215,0.0,0.0,36.33,0.215,5812.799999999999,6394.08,0.0
2011-02-28 18:00:00,B3820,0.787,0.0,0.0,36.33,0.787,5812.799999999999,6394.08,0.0
2011-02-28 19:00:00,B3820,0.978,0.0,0.0,36.33,0.978,5812.799999999999,6394.08,0.0
2011-02-28 20:00:00,B3820,0.215,0.0,0.0,36.33,0.215,5812.799999999999,6394.08,0.0
2011-02-28 21:00:00,B3820,0.214,0.0,0.0,36.33,0.214,5812.799999999999,6394.08,0.0
2011-02-28 22:00:00,B3820,0.214,0.0,0.0,36.33,0.214,5812.799999999999,6394.08,0.0
2011-02-28 23:00:00,B3820,0.119,0.0,0.0,36.33,0.119,5812.799999999999,6394.08,0.0
2011-03-01 00:00:00,B3820,2.519,2.4,0.0,36.33,2.519,5812.799999999999,6394.08,0.0
2011-03-01 01:00:00,B3820,2.519,2.4,0.0,36.33,2.519,5812.799999999999,6394.08,0.0
2011-03-01 02:00:00,B3820,2.519,2.4,0.0,36.33,2.519,5812.799999999999,6394.08,0.0
2011-03-01 03:00:00,B3820,2.519,2.4,0.0,36.33,2.519,5812.799999999999,6394.08,0.0
2011-03-01 04:00:00,B3820,2.519,2.4,0.0,36.33,2.519,5812.799999999999,6394.08,0.0
2011-03-01 05:00:00,B3820,0.214,0.0,0.0,36.33,0.214,5812.799999999999,6394.08,0.0
2011-03-01 06:00:00,B3820,0.787,0.0,0.0,36.33,0.787,5812.799999999999,6394.08,0.0
2011-03-01 07:00:00,B3820,0.215,0.0,0.0,36.33,0.215,5812.799999999999,6394.08,0.0
2011-03-01 08:00:00,B3820,0.12,0.0,0.26,36.33,-0.2,5812.799999999999,6394.08,0.32
2011-03-01 09:00:00,B3820,0.12,0.0,0.4,36.33,-0.32,5812.799999999999,6394.08,0.44
2011-03-01 10:00:00,B3820,0.12,0.0,0.63,36.33,-0.54,5812.799999999999,6394.08,0.66
2011-03-01 11:00:00,B3820,0.12,0.0,0.82,36.33,-0.71,5812.799999999999,6394.08,0.83
2011-03-01 12:00:00,B3820,0.787,0.0,0.93,36.33,-0.1529999999999999,5812.799999999999,6394.08,0.94
2011-03-01 13:00:00,B3820,0.215,0.0,0.93,36.33,-0.725,5812.799999999999,6394.08,0.94
2011-03-01 14:00:00,B3820,0.12,0.0,0.86,36.33,-0.75,5812.799999999999,6394.08,0.87
2011-03-01 15:00:00,B3820,0.12,0.0,0.69,36.33,-0.57,5812.799999999999,6394.08,0.69
2011-03-01 16:00:00,B3820,0.12,0.0,0.41,36.33,-0.29,5812.799999999999,6394.08,0.41
2011-03-01 17:00:00,B3820,0.215,0.0,0.12,36.33,0.095,5812.799999999999,6394.08,0.12
2011-03-01 18:00:00,B3820,0.787,0.0,0.0,36.33,0.787,5812.799999999999,6394.08,0.0
2011-03-01 19:00:00,B3820,0.978,0.0,0.0,36.33,0.978,5812.799999999999,6394.08,0.0
2011-03-01 20:00:00,B3820,0.215,0.0,0.0,36.33,0.215,5812.799999999999,6394.08,0.0
2011-03-01 21:00:00,B3820,0.214,0.0,0.0,36.33,0.214,5812.799999999999,6394.08,0.0
2011-03-01 22:00:00,B3820,0.214,0.0,0.0,36.33,0.214,5812.799999999999,6394.08,0.0
2011-03-01 23:00:00,B3820,0.119,0.0,0.0,36.33,0.119,5812.799999999999,6394.08,0.0
2011-03-02 00:00:00,B3820,2.519,2.4,0.0,36.33,2.519,5812.799999999999,6394.08,0.0
2011-03-02 01:00:00,B3820,2.519,2.4,0.0,36.33,2.519,5812.799999999999,6394.08,0.0
2011-03-02 02:00:00,B3820,2.519,2.4,0.0,36.33,2.519,5812.799999999999,6394.08,0.0
2011-03-02 03:00:00,B3820,2.519,2.4,0.0,36.33,2.519,5812.799999999999,6394.08,0.0
2011-03-02 04:00:00,B3820,2.519,2.4,0.0,36.33,2.519,5812.799999999999,6394.08,0.0
2011-03-02 05:00:00,B3820,0.214,0.0,0.0,36.33,0.214,5812.799999999999,6394.08,0.0
2011-03-02 06:00:00,B3820,0.787,0.0,0.0,36.33,0.787,5812.799999999999,6394.08,0.0
2011-03-02 07:00:00,B3820,0.215,0.0,0.0,36.33,0.215,5812.799999999999,6394.08,0.0
2011-03-02 08:00:00,B3820,0.12,0.0,0.27,36.33,-0.21000000000000002,5812.799999999999,6394.08,0.33
2011-03-02 09:00:00,B3820,0.12,0.0,0.43,36.33,-0.35,5812.799999999999,6394.08,0.47
2011-03-02 10:00:00,B3820,0.12,0.0,0.67,36.33,-0.58,5812.799999999999,6394.08,0.7
2011-03-02 11:00:00,B3820,0.12,0.0,0.85,36.33,-0.75,5812.799999999999,6394.08,0.87
2011-03-02 12:00:00,B3820,0.787,0.0,0.96,36.33,-0.18299999999999994,5812.799999999999,6394.08,0.97
2011-03-02 13:00:00,B3820,0.215,0.0,0.97,36.33,-0.765,5812.799999999999,6394.08,0.98
2011-03-02 14:00:00,B3820,0.12,0.0,0.92,36.33,-0.8,5812.799999999999,6394.08,0.92
2011-03-02 15:00:00,B3820,0.12,0.0,0.82,36.33,-0.71,5812.799999999999,6394.08,0.83
2011-03-02 16:00:00,B3820,0.12,0.0,0.52,36.33,-0.4,5812.799999999999,6394.08,0.52
2011-03-02 17:00:00,B3820,0.215,0.0,0.12,36.33,0.095,5812.799999999999,6394.08,0.12
2011-03-02 18:00:00,B3820,0.787,0.0,0.0,36.33,0.787,5812.799999999999,6394.08,0.0
2011-03-02 19:00:00,B3820,0.978,0.0,0.0,36.33,0.978,5812.799999999999,6394.08,0.0
2011-03-02 20:00:00,B3820,0.215,0.0,0.0,36.33,0.215,5812.799999999999,6394.08,0.0
2011-03-02 21:00:00,B3820,0.214,0.0,0.0,36.33,0.214,5812.799999999999,6394.08,0.0
2011-03-02 22:00:00,B3820,0.214,0.0,0.0,36.33,0.214,5812.799999999999,6394.08,0.0
2011-03-02 23:00:00,B3820,0.119,0.0,0.0,36.33,0.119,5812.799999999999,6394.08,0.0
2011-03-03 00:00:00,B3820,2.519,2.4,0.0,36.33,2.519,5812.799999999999,6394.08,0.0
2011-03-03 01:00:00,B3820,2.519,2.4,0.0,36.33,2.519,5812.799999999999,6394.08,0.0
2011-03-03 02:00:00,B3820,2.519,2.4,0.0,36.33,2.519,5812.799999999999,6394.08,0.0
2011-03-03 03:00:00,B3820,2.519,2.4,0.0,36.33,2.519,5812.799999999999,6394.08,0.0
2011-03-03 04:00:00,B3820,2.519,2.4,0.0,36.33,2.519,5812.799999999999,6394.08,0.0
2011-03-03 05:00:00,B3820,0.214,0.0,0.0,36.33,0.214,5812.799999999999,6394.08,0.0
2011-03-03 06:00:00,B3820,0.787,0.0,0.0,36.33,0.787,5812.799999999999,6394.08,0.0
2011-03-03 07:00:00,B3820,0.215,0.0,0.0,36.33,0.215,5812.799999999999,6394.08,0.0
2011-03-03 08:00:00,B3820,0.12,0.0,0.27,36.33,-0.21000000000000002,5812.799999999999,6394.08,0.33
2011-03-03 09:00:00,B3820,0.12,0.0,0.43,36.33,-0.36,5812.799999999999,6394.08,0.48
2011-03-03 10:00:00,B3820,0.12,0.0,0.68,36.33,-0.59,5812.799999999999,6394.08,0.71
2011-03-03 11:00:00,B3820,0.12,0.0,0.89,36.33,-0.78,5812.799999999999,6394.08,0.9
2011-03-03 12:00:00,B3820,0.787,0.0,1.0,36.33,-0.22299999999999998,5812.799999999999,6394.08,1.01
2011-03-03 13:00:00,B3820,0.215,0.0,0.99,36.33,-0.785,5812.799999999999,6394.08,1.0
2011-03-03 14:00:00,B3820,0.12,0.0,0.88,36.33,-0.77,5812.799999999999,6394.08,0.89
2011-03-03 15:00:00,B3820,0.12,0.0,0.69,36.33,-0.57,5812.799999999999,6394.08,0.69
2011-03-03 16:00:00,B3820,0.12,0.0,0.43,36.33,-0.31,5812.799999999999,6394.08,0.43
2011-03-03 17:00:00,B3820,0.215,0.0,0.14,36.33,0.07499999999999998,5812.799999999999,6394.08,0.14
2011-03-03 18:00:00,B3820,0.787,0.0,0.0,36.33,0.787,5812.799999999999,6394.08,0.0
2011-03-03 19:00:00,B3820,0.978,0.0,0.0,36.33,0.978,5812.799999999999,6394.08,0.0
2011-03-03 20:00:00,B3820,0.215,0.0,0.0,36.33,0.215,5812.799999999999,6394.08,0.0
2011-03-03 21:00:00,B3820,0.214,0.0,0.0,36.33,0.214,5812.799999999999,6394.08,0.0
2011-03-03 22:00:00,B3820,0.214,0.0,0.0,36.33,0.214,5812.799999999999,6394.08,0.0
2011-03-03 23:00:00,B3820,0.119,0.0,0.0,36.33,0.119,5812.799999999999,6394.08,0.0
2011-03-04 00:00:00,B3820,2.519,2.4,0.0,36.33,2.519,5812.799999999999,6394.08,0.0
2011-03-04 01:00:00,B3820,2.519,2.4,0.0,36.33,2.519,5812.799999999999,6394.08,0.0
2011-03-04 02:00:00,B3820,2.519,2.4,0.0,36.33,2.519,5812.799999999999,6394.08,0.0
2011-03-04 03:00:00,B3820,2.519,2.4,0.0,36.33,2.519,5812.799999999999,6394.08,0.0
2011-03-04 04:00:00,B3820,2.519,2.4,0.0,36.33,2.519,5812.799999999999,6394.08,0.0
2011-03-04 05:00:00,B3820,0.214,0.0,0.0,36.33,0.214,5812.799999999999,6394.08,0.0
2011-03-04 06:00:00,B3820,0.787,0.0,0.0,36.33,0.787,5812.799999999999,6394.08,0.0
2011-03-04 07:00:00,B3820,0.215,0.0,0.0,36.33,0.215,5812.799999999999,6394.08,0.0
2011-03-04 08:00:00,B3820,0.12,0.0,0.28,36.33,-0.21000000000000002,5812.799999999999,6394.08,0.33
2011-03-04 09:00:00,B3820,0.12,0.0,0.48,36.33,-0.4,5812.799999999999,6394.08,0.52
2011-03-04 10:00:00,B3820,0.12,0.0,0.77,36.33,-0.68,5812.799999999999,6394.08,0.8
2011-03-04 11:00:00,B3820,0.12,0.0,0.96,36.33,-0.85,5812.799999999999,6394.08,0.97
2011-03-04 12:00:00,B3820,0.787,0.0,1.13,36.33,-0.35299999999999987,5812.799999999999,6394.08,1.14
2011-03-04 13:00:00,B3820,0.215,0.0,1.18,36.33,-0.975,5812.799999999999,6394.08,1.19
2011-03-04 14:00:00,B3820,0.12,0.0,0.98,36.33,-0.87,5812.799999999999,6394.08,0.99
2011-03-04 15:00:00,B3820,0.12,0.0,0.75,36.33,-0.64,5812.799999999999,6394.08,0.76
2011-03-04 16:00:00,B3820,0.12,0.0,0.5,36.33,-0.38,5812.799999999999,6394.08,0.5
2011-03-04 17:00:00,B3820,0.215,0.0,0.13,36.33,0.08499999999999999,5812.799999999999,6394.08,0.13
2011-03-04 18:00:00,B3820,0.787,0.0,0.0,36.33,0.787,5812.799999999999,6394.08,0.0
2011-03-04 19:00:00,B3820,0.978,0.0,0.0,36.33,0.978,5812.799999999999,6394.08,0.0
2011-03-04 20:00:00,B3820,0.215,0.0,0.0,36.33,0.215,5812.799999999999,6394.08,0.0
2011-03-04 21:00:00,B3820,0.214,0.0,0.0,36.33,0.214,5812.799999999999,6394.08,0.0
2011-03-04 22:00:00,B3820,0.214,0.0,0.0,36.33,0.214,5812.799999999999,6394.08,0.0
2011-03-04 23:00:00,B3820,0.119,0.0,0.0,36.33,0.119,5812.799999999999,6394.08,0.0
2011-03-05 00:00:00,B3820,0.119,0.0,0.0,36.33,0.119,5812.799999999999,6394.08,0.0
2011-03-05 01:00:00,B3820,0.119,0.0,0.0,36.33,0.119,5812.799999999999,6394.08,0.0
2011-03-05 02:00:00,B3820,0.119,0.0,0.0,36.33,0.119,5812.799999999999,6394.08,0.0
2011-03-05 03:00:00,B3820,0.119,0.0,0.0,36.33,0.119,5812.799999999999,6394.08,0.0
2011-03-05 04:00:00,B3820,0.119,0.0,0.0,36.33,0.119,5812.799999999999,6394.08,0.0
2011-03-05 05:00:00,B3820,0.214,0.0,0.0,36.33,0.214,5812.799999999999,6394.08,0.0
2011-03-05 06:00:00,B3820,0.787,0.0,0.0,36.33,0.787,5812.799999999999,6394.08,0.0
2011-03-05 07:00:00,B3820,0.215,0.0,0.0,36.33,0.215,5812.799999999999,6394.08,0.0
2011-03-05 08:00:00,B3820,2.52,2.4,0.47,36.33,1.99,5812.799999999999,6394.08,0.53
2011-03-05 09:00:00,B3820,2.52,2.4,0.85,36.33,1.6099999999999999,5812.799999999999,6394.08,0.91
2011-03-05 10:00:00,B3820,2.52,2.4,1.08,36.33,1.4,5812.799999999999,6394.08,1.12
2011-03-05 11:00:00,B3820,2.52,2.4,1.25,36.33,1.25,5812.799999999999,6394.08,1.27
2011-03-05 12:00:00,B3820,3.187,2.4,1.33,36.33,1.8369999999999997,5812.799999999999,6394.08,1.35
2011-03-05 13:00:00,B3820,0.215,0.0,1.18,36.33,-0.985,5812.799999999999,6394.08,1.2
2011-03-05 14:00:00,B3820,0.12,0.0,1.07,36.33,-0.9600000000000001,5812.799999999999,6394.08,1.08
2011-03-05 15:00:00,B3820,0.12,0.0,0.87,36.33,-0.75,5812.799999999999,6394.08,0.87
2011-03-05 16:00:00,B3820,0.12,0.0,0.54,36.33,-0.42000000000000004,5812.799999999999,6394.08,0.54
2011-03-05 17:00:00,B3820,0.215,0.0,0.13,36.33,0.08499999999999999,5812.799999999999,6394.08,0.13
2011-03-05 18:00:00,B3820,0.787,0.0,0.0,36.33,0.787,5812.799999999999,6394.08,0.0
2011-03-05 19:00:00,B3820,0.978,0.0,0.0,36.33,0.978,5812.799999999999,6394.08,0.0
2011-03-05 20:00:00,B3820,0.215,0.0,0.0,36.33,0.215,5812.799999999999,6394.08,0.0
2011-03-05 21:00:00,B3820,0.214,0.0,0.0,36.33,0.214,5812.799999999999,6394.08,0.0
2011-03-05 22:00:00,B3820,0.214,0.0,0.0,36.33,0.214,5812.799999999999,6394.08,0.0
2011-03-05 23:00:00,B3820,0.119,0.0,0.0,36.33,0.119,5812.799999999999,6394.08,0.0
2011-03-06 00:00:00,B3820,0.119,0.0,0.0,36.33,0.119,5812.799999999999,6394.08,0.0
2011-03-06 01:00:00,B3820,0.119,0.0,0.0,36.33,0.119,5812.799999999999,6394.08,0.0
2011-03-06 02:00:00,B3820,0.119,0.0,0.0,36.33,0.119,5812.799999999999,6394.08,0.0
2011-03-06 03:00:00,B3820,0.119,0.0,0.0,36.33,0.119,5812.799999999999,6394.08,0.0
2011-03-06 04:00:00,B3820,0.119,0.0,0.0,36.33,0.119,5812.799999999999,6394.08,0.0
2011-03-06 05:00:00,B3820,0.214,0.0,0.0,36.33,0.214,5812.799999999999,6394.08,0.0
2011-03-06 06:00:00,B3820,0.787,0.0,0.0,36.33,0.787,5812.799999999999,6394.08,0.0
2011-03-06 07:00:00,B3820,0.215,0.0,0.0,36.33,0.215,5812.799999999999,6394.08,0.0
2011-03-06 08:00:00,B3820,2.52,2.4,0.51,36.33,1.97,5812.799999999999,6394.08,0.55
2011-03-06 09:00:00,B3820,2.52,2.4,0.82,36.33,1.65,5812.799999999999,6394.08,0.87
2011-03-06 10:00:00,B3820,2.52,2.4,1.09,36.33,1.3900000000000001,5812.799999999999,6394.08,1.13
2011-03-06 11:00:00,B3820,2.52,2.4,1.11,36.33,1.3900000000000001,5812.799999999999,6394.08,1.13
2011-03-06 12:00:00,B3820,3.187,2.4,1.05,36.33,2.127,5812.799999999999,6394.08,1.06
2011-03-06 13:00:00,B3820,0.215,0.0,1.1,36.33,-0.8950000000000001,5812.799999999999,6394.08,1.11
2011-03-06 14:00:00,B3820,0.12,0.0,1.02,36.33,-0.91,5812.799999999999,6394.08,1.03
2011-03-06 15:00:00,B3820,0.12,0.0,0.76,36.33,-0.64,5812.799999999999,6394.08,0.76
2011-03-06 16:00:00,B3820,0.12,0.0,0.5,36.33,-0.38,5812.799999999999,6394.08,0.5
2011-03-06 17:00:00,B3820,0.215,0.0,0.15,36.33,0.065,5812.799999999999,6394.08,0.15
2011-03-06 18:00:00,B3820,0.787,0.0,0.0,36.33,0.787,5812.799999999999,6394.08,0.0
2011-03-06 19:00:00,B3820,0.978,0.0,0.0,36.33,0.978,5812.799999999999,6394.08,0.0
2011-03-06 20:00:00,B3820,0.215,0.0,0.0,36.33,0.215,5812.799999999999,6394.08,0.0
2011-03-06 21:00:00,B3820,0.214,0.0,0.0,36.33,0.214,5812.799999999999,6394.08,0.0
2011-03-06 22:00:00,B3820,0.214,0.0,0.0,36.33,0.214,5812.799999999999,6394.08,0.0
2011-03-06 23:00:00,B3820,0.119,0.0,0.0,36.33,0.119,5812.799999999999,6394.08,0.0
2011-03-07 00:00:00,B3820,2.519,2.4,0.0,36.33,2.519,5812.799999999999,6394.08,0.0
2011-03-07 01:00:00,B3820,2.519,2.4,0.0,36.33,2.519,5812.799999999999,6394.08,0.0
2011-03-07 02:00:00,B3820,2.519,2.4,0.0,36.33,2.519,5812.799999999999,6394.08,0.0
2011-03-07 03:00:00,B3820,2.519,2.4,0.0,36.33,2.519,5812.799999999999,6394.08,0.0
2011-03-07 04:00:00,B3820,2.519,2.4,0.0,36.33,2.519,5812.799999999999,6394.08,0.0
2011-03-07 05:00:00,B3820,0.214,0.0,0.0,36.33,0.214,5812.799999999999,6394.08,0.0
2011-03-07 06:00:00,B3820,0.787,0.0,0.0,36.33,0.787,5812.799999999999,6394.08,0.0
2011-03-07 07:00:00,B3820,0.215,0.0,0.0,36.33,0.215,5812.799999999999,6394.08,0.0
2011-03-07 08:00:00,B3820,0.12,0.0,0.43,36.33,-0.37,5812.799999999999,6394.08,0.49
2011-03-07 09:00:00,B3820,0.12,0.0,0.59,36.33,-0.52,5812.799999999999,6394.08,0.64
2011-03-07 10:00:00,B3820,0.12,0.0,0.83,36.33,-0.75,5812.799999999999,6394.08,0.87
2011-03-07 11:00:00,B3820,0.12,0.0,1.07,36.33,-0.9600000000000001,5812.799999999999,6394.08,1.08
2011-03-07 12:00:00,B3820,0.787,0.0,1.2,36.33,-0.42299999999999993,5812.799999999999,6394.08,1.21
2011-03-07 13:00:00,B3820,0.215,0.0,1.31,36.33,-1.105,5812.799999999999,6394.08,1.32
2011-03-07 14:00:00,B3820,0.12,0.0,1.19,36.33,-1.08,5812.799999999999,6394.08,1.2
2011-03-07 15:00:00,B3820,0.12,0.0,0.91,36.33,-0.8,5812.799999999999,6394.08,0.92
2011-03-07 16:00:00,B3820,0.12,0.0,0.52,36.33,-0.4,5812.799999999999,6394.08,0.52
2011-03-07 17:00:00,B3820,0.215,0.0,0.0,36.33,0.215,5812.799999999999,6394.08,0.0
2011-03-07 18:00:00,B3820,0.787,0.0,0.0,36.33,0.787,5812.799999999999,6394.08,0.0
2011-03-07 19:00:00,B3820,0.978,0.0,0.0,36.33,0.978,5812.799999999999,6394.08,0.0
2011-03-07 20:00:00,B3820,0.215,0.0,0.0,36.33,0.215,5812.799999999999,6394.08,0.0
2011-03-07 21:00:00,B3820,0.214,0.0,0.0,36.33,0.214,5812.799999999999,6394.08,0.0
2011-03-07 22:00:00,B3820,0.214,0.0,0.0,36.33,0.214,5812.799999999999,6394.08,0.0
2011-03-07 23:00:00,B3820,0.119,0.0,0.0,36.33,0.119,5812.799999999999,6394.08,0.0
2011-03-08 00:00:00,B3820,2.519,2.4,0.0,36.33,2.519,5812.799999999999,6394.08,0.0
2011-03-08 01:00:00,B3820,2.519,2.4,0.0,36.33,2.519,5812.799999999999,6394.08,0.0
2011-03-08 02:00:00,B3820,2.519,2.4,0.0,36.33,2.519,5812.799999999999,6394.08,0.0
2011-03-08 03:00:00,B3820,2.519,2.4,0.0,36.33,2.519,5812.799999999999,6394.08,0.0
2011-03-08 04:00:00,B3820,2.519,2.4,0.0,36.33,2.519,5812.799999999999,6394.08,0.0
2011-03-08 05:00:00,B3820,0.214,0.0,0.0,36.33,0.214,5812.799999999999,6394.08,0.0
2011-03-08 06:00:00,B3820,0.787,0.0,0.0,36.33,0.787,5812.799999999999,6394.08,0.0
2011-03-08 07:00:00,B3820,0.215,0.0,0.0,36.33,0.215,5812.799999999999,6394.08,0.0
2011-03-08 08:00:00,B3820,0.12,0.0,0.55,36.33,-0.47,5812.799999999999,6394.08,0.59
2011-03-08 09:00:00,B3820,0.12,0.0,0.94,36.33,-0.88,5812.799999999999,6394.08,1.0
2011-03-08 10:00:00,B3820,0.12,0.0,1.12,36.33,-1.04,5812.799999999999,6394.08,1.16
2011-03-08 11:00:00,B3820,0.12,0.0,1.18,36.33,-1.08,5812.799999999999,6394.08,1.2
2011-03-08 12:00:00,B3820,0.787,0.0,1.24,36.33,-0.473,5812.799999999999,6394.08,1.26
2011-03-08 13:00:00,B3820,0.215,0.0,1.28,36.33,-1.085,5812.799999999999,6394.08,1.3
2011-03-08 14:00:00,B3820,0.12,0.0,1.1,36.33,-1.0,5812.799999999999,6394.08,1.12
2011-03-08 15:00:00,B3820,0.12,0.0,0.81,36.33,-0.71,5812.799999999999,6394.08,0.83
2011-03-08 16:00:00,B3820,0.12,0.0,0.53,36.33,-0.41000000000000003,5812.799999999999,6394.08,0.53
2011-03-08 17:00:00,B3820,0.215,0.0,0.0,36.33,0.215,5812.799999999999,6394.08,0.0
2011-03-08 18:00:00,B3820,0.787,0.0,0.0,36.33,0.787,5812.799999999999,6394.08,0.0
2011-03-08 19:00:00,B3820,0.977,0.0,0.0,36.33,0.977,5812.799999999999,6394.08,0.0
2011-03-08 20:00:00,B3820,0.215,0.0,0.0,36.33,0.215,5812.799999999999,6394.08,0.0
2011-03-08 21:00:00,B3820,0.214,0.0,0.0,36.33,0.214,5812.799999999999,6394.08,0.0
2011-03-08 22:00:00,B3820,0.214,0.0,0.0,36.33,0.214,5812.799999999999,6394.08,0.0
2011-03-08 23:00:00,B3820,0.119,0.0,0.0,36.33,0.119,5812.799999999999,6394.08,0.0
2011-03-09 00:00:00,B3820,2.519,2.4,0.0,36.33,2.519,5812.799999999999,6394.08,0.0
2011-03-09 01:00:00,B3820,2.519,2.4,0.0,36.33,2.519,5812.799999999999,6394.08,0.0
2011-03-09 02:00:00,B3820,2.519,2.4,0.0,36.33,2.519,5812.799999999999,6394.08,0.0
2011-03-09 03:00:00,B3820,2.519,2.4,0.0,36.33,2.519,5812.799999999999,6394.08,0.0
2011-03-09 04:00:00,B3820,2.519,2.4,0.0,36.33,2.519,5812.799999999999,6394.08,0.0
2011-03-09 05:00:00,B3820,0.214,0.0,0.0,36.33,0.214,5812.799999999999,6394.08,0.0
2011-03-09 06:00:00,B3820,0.787,0.0,0.0,36.33,0.787,5812.799999999999,6394.08,0.0
2011-03-09 07:00:00,B3820,0.215,0.0,0.0,36.33,0.215,5812.799999999999,6394.08,0.0
2011-03-09 08:00:00,B3820,0.12,0.0,0.32,36.33,-0.25,5812.799999999999,6394.08,0.37
2011-03-09 09:00:00,B3820,0.12,0.0,0.6,36.33,-0.52,5812.799999999999,6394.08,0.64
2011-03-09 10:00:00,B3820,0.12,0.0,0.87,36.33,-0.78,5812.799999999999,6394.08,0.9
2011-03-09 11:00:00,B3820,0.12,0.0,1.08,36.33,-0.9800000000000001,5812.799999999999,6394.08,1.1
2011-03-09 12:00:00,B3820,0.787,0.0,1.16,36.33,-0.3829999999999999,5812.799999999999,6394.08,1.17
2011-03-09 13:00:00,B3820,0.215,0.0,1.13,36.33,-0.9249999999999999,5812.799999999999,6394.08,1.14
2011-03-09 14:00:00,B3820,0.12,0.0,1.04,36.33,-0.93,5812.799999999999,6394.08,1.05
2011-03-09 15:00:00,B3820,0.12,0.0,0.81,36.33,-0.6900000000000001,5812.799999999999,6394.08,0.81
2011-03-09 16:00:00,B3820,0.12,0.0,0.5,36.33,-0.38,5812.799999999999,6394.08,0.5
2011-03-09 17:00:00,B3820,0.215,0.0,0.15,36.33,0.065,5812.799999999999,6394.08,0.15
2011-03-09 18:00:00,B3820,0.787,0.0,0.0,36.33,0.787,5812.799999999999,6394.08,0.0
2011-03-09 19:00:00,B3820,0.977,0.0,0.0,36.33,0.977,5812.799999999999,6394.08,0.0
2011-03-09 20:00:00,B3820,0.215,0.0,0.0,36.33,0.215,5812.799999999999,6394.08,0.0
2011-03-09 21:00:00,B3820,0.214,0.0,0.0,36.33,0.214,5812.799999999999,6394.08,0.0
2011-03-09 22:00:00,B3820,0.214,0.0,0.0,36.33,0.214,5812.799999999999,6394.08,0.0
2011-03-09 23:00:00,B3820,0.119,0.0,0.0,36.33,0.119,5812.799999999999,6394.08,0.0
2011-03-10 00:00:00,B3820,2.519,2.4,0.0,36.33,2.519,5812.799999999999,6394.08,0.0
2011-03-10 01:00:00,B3820,2.519,2.4,0.0,36.33,2.519,5812.799999999999,6394.08,0.0
2011-03-10 02:00:00,B3820,2.519,2.4,0.0,36.33,2.519,5812.799999999999,6394.08,0.0
2011-03-10 03:00:00,B3820,2.519,2.4,0.0,36.33,2.519,5812.799999999999,6394.08,0.0
2011-03-10 04:00:00,B3820,2.519,2.4,0.0,36.33,2.519,5812.799999999999,6394.08,0.0
2011-03-10 05:00:00,B3820,0.214,0.0,0.0,36.33,0.214,5812.799999999999,6394.08,0.0
2011-03-10 06:00:00,B3820,0.787,0.0,0.0,36.33,0.787,5812.799999999999,6394.08,0.0
2011-03-10 07:00:00,B3820,0.215,0.0,0.0,36.33,0.215,5812.799999999999,6394.08,0.0
2011-03-10 08:00:00,B3820,0.12,0.0,0.52,36.33,-0.47,5812.799999999999,6394.08,0.59
2011-03-10 09:00:00,B3820,0.12,0.0,0.76,36.33,-0.6900000000000001,5812.799999999999,6394.08,0.81
2011-03-10 10:00:00,B3820,0.12,0.0,1.06,36.33,-0.9700000000000001,5812.799999999999,6394.08,1.09
2011-03-10 11:00:00,B3820,0.12,0.0,1.29,36.33,-1.2000000000000002,5812.799999999999,6394.08,1.32
2011-03-10 12:00:00,B3820,0.786,0.0,1.31,36.33,-0.544,5812.799999999999,6394.08,1.33
2011-03-10 13:00:00,B3820,0.215,0.0,1.24,36.33,-1.035,5812.799999999999,6394.08,1.25
2011-03-10 14:00:00,B3820,0.12,0.0,1.14,36.33,-1.0299999999999998,5812.799999999999,6394.08,1.15
2011-03-10 15:00:00,B3820,0.12,0.0,0.9,36.33,-0.79,5812.799999999999,6394.08,0.91
2011-03-10 16:00:00,B3820,0.12,0.0,0.57,36.33,-0.44999999999999996,5812.799999999999,6394.08,0.57
2011-03-10 17:00:00,B3820,0.215,0.0,0.17,36.33,0.044999999999999984,5812.799999999999,6394.08,0.17
2011-03-10 18:00:00,B3820,0.786,0.0,0.0,36.33,0.786,5812.799999999999,6394.08,0.0
2011-03-10 19:00:00,B3820,0.977,0.0,0.0,36.33,0.977,5812.799999999999,6394.08,0.0
2011-03-10 20:00:00,B3820,0.215,0.0,0.0,36.33,0.215,5812.799999999999,6394.08,0.0
2011-03-10 21:00:00,B3820,0.214,0.0,0.0,36.33,0.214,5812.799999999999,6394.08,0.0
2011-03-10 22:00:00,B3820,0.214,0.0,0.0,36.33,0.214,5812.799999999999,6394.08,0.0
2011-03-10 23:00:00,B3820,0.119,0.0,0.0,36.33,0.119,5812.799999999999,6394.08,0.0
2011-03-11 00:00:00,B3820,2.519,2.4,0.0,36.33,2.519,5812.799999999999,6394.08,0.0
2011-03-11 01:00:00,B3820,2.519,2.4,0.0,36.33,2.519,5812.799999999999,6394.08,0.0
2011-03-11 02:00:00,B3820,2.519,2.4,0.0,36.33,2.519,5812.799999999999,6394.08,0.0
2011-03-11 03:00:00,B3820,2.519,2.4,0.0,36.33,2.519,5812.799999999999,6394.08,0.0
2011-03-11 04:00:00,B3820,2.519,2.4,0.0,36.33,2.519,5812.799999999999,6394.08,0.0
2011-03-11 05:00:00,B3820,0.214,0.0,0.0,36.33,0.214,5812.799999999999,6394.08,0.0
2011-03-11 06:00:00,B3820,0.787,0.0,0.0,36.33,0.787,5812.799999999999,6394.08,0.0
2011-03-11 07:00:00,B3820,0.215,0.0,0.0,36.33,0.215,5812.799999999999,6394.08,0.0
2011-03-11 08:00:00,B3820,0.12,0.0,0.45,36.33,-0.37,5812.799999999999,6394.08,0.49
2011-03-11 09:00:00,B3820,0.12,0.0,0.77,36.33,-0.7,5812.799999999999,6394.08,0.82
2011-03-11 10:00:00,B3820,0.12,0.0,1.15,36.33,-1.0699999999999998,5812.799999999999,6394.08,1.19
2011-03-11 11:00:00,B3820,0.12,0.0,1.17,36.33,-1.08,5812.799999999999,6394.08,1.2
2011-03-11 12:00:00,B3820,0.786,0.0,1.14,36.33,-0.3739999999999999,5812.799999999999,6394.08,1.16
2011-03-11 13:00:00,B3820,0.215,0.0,1.12,36.33,-0.9149999999999999,5812.799999999999,6394.08,1.13
2011-03-11 14:00:00,B3820,0.12,0.0,0.91,36.33,-0.8,5812.799999999999,6394.08,0.92
2011-03-11 15:00:00,B3820,0.12,0.0,0.72,36.33,-0.61,5812.799999999999,6394.08,0.73
2011-03-11 16:00:00,B3820,0.12,0.0,0.5,36.33,-0.38,5812.799999999999,6394.08,0.5
2011-03-11 17:00:00,B3820,0.215,0.0,0.0,36.33,0.215,5812.799999999999,6394.08,0.0
2011-03-11 18:00:00,B3820,0.787,0.0,0.0,36.33,0.787,5812.799999999999,6394.08,0.0
2011-03-11 19:00:00,B3820,0.977,0.0,0.0,36.33,0.977,5812.799999999999,6394.08,0.0
2011-03-11 20:00:00,B3820,0.215,0.0,0.0,36.33,0.215,5812.799999999999,6394.08,0.0
2011-03-11 21:00:00,B3820,0.214,0.0,0.0,36.33,0.214,5812.799999999999,6394.08,0.0
2011-03-11 22:00:00,B3820,0.214,0.0,0.0,36.33,0.214,5812.799999999999,6394.08,0.0
2011-03-11 23:00:00,B3820,0.119,0.0,0.0,36.33,0.119,5812.799999999999,6394.08,0.0
2011-03-12 00:00:00,B3820,0.119,0.0,0.0,36.33,0.119,5812.799999999999,6394.08,0.0
2011-03-12 01:00:00,B3820,0.119,0.0,0.0,36.33,0.119,5812.799999999999,6394.08,0.0
2011-03-12 02:00:00,B3820,0.119,0.0,0.0,36.33,0.119,5812.799999999999,6394.08,0.0
2011-03-12 03:00:00,B3820,0.119,0.0,0.0,36.33,0.119,5812.799999999999,6394.08,0.0
2011-03-12 04:00:00,B3820,0.119,0.0,0.0,36.33,0.119,5812.799999999999,6394.08,0.0
2011-03-12 05:00:00,B3820,0.214,0.0,0.0,36.33,0.214,5812.799999999999,6394.08,0.0
2011-03-12 06:00:00,B3820,0.787,0.0,0.0,36.33,0.787,5812.799999999999,6394.08,0.0
2011-03-12 07:00:00,B3820,0.215,0.0,0.0,36.33,0.215,5812.799999999999,6394.08,0.0
2011-03-12 08:00:00,B3820,2.52,2.4,0.4,36.33,2.06,5812.799999999999,6394.08,0.46
2011-03-12 09:00:00,B3820,2.52,2.4,0.76,36.33,1.7000000000000002,5812.799999999999,6394.08,0.82
2011-03-12 10:00:00,B3820,2.52,2.4,1.15,36.33,1.33,5812.799999999999,6394.08,1.19
2011-03-12 11:00:00,B3820,2.52,2.4,1.34,36.33,1.16,5812.799999999999,6394.08,1.36
2011-03-12 12:00:00,B3820,3.187,2.4,1.38,36.33,1.787,5812.799999999999,6394.08,1.4
2011-03-12 13:00:00,B3820,0.215,0.0,1.31,36.33,-1.115,5812.799999999999,6394.08,1.33
2011-03-12 14:00:00,B3820,0.12,0.0,1.1,36.33,-0.9900000000000001,5812.799999999999,6394.08,1.11
2011-03-12 15:00:00,B3820,0.12,0.0,0.84,36.33,-0.73,5812.799999999999,6394.08,0.85
2011-03-12 16:00:00,B3820,0.12,0.0,0.57,36.33,-0.44999999999999996,5812.799999999999,6394.08,0.57
2011-03-12 17:00:00,B3820,0.215,0.0,0.17,36.33,0.044999999999999984,5812.799999999999,6394.08,0.17
2011-03-12 18:00:00,B3820,0.787,0.0,0.0,36.33,0.787,5812.799999999999,6394.08,0.0
2011-03-12 19:00:00,B3820,0.978,0.0,0.0,36.33,0.978,5812.799999999999,6394.08,0.0
2011-03-12 20:00:00,B3820,0.215,0.0,0.0,36.33,0.215,5812.799999999999,6394.08,0.0
2011-03-12 21:00:00,B3820,0.214,0.0,0.0,36.33,0.214,5812.799999999999,6394.08,0.0
2011-03-12 22:00:00,B3820,0.214,0.0,0.0,36.33,0.214,5812.799999999999,6394.08,0.0
2011-03-12 23:00:00,B3820,0.119,0.0,0.0,36.33,0.119,5812.799999999999,6394.08,0.0
2011-03-13 00:00:00,B3820,0.119,0.0,0.0,36.33,0.119,5812.799999999999,6394.08,0.0
2011-03-13 01:00:00,B3820,0.119,0.0,0.0,36.33,0.119,5812.799999999999,6394.08,0.0
2011-03-13 02:00:00,B3820,0.119,0.0,0.0,36.33,0.119,5812.799999999999,6394.08,0.0
2011-03-13 03:00:00,B3820,0.119,0.0,0.0,36.33,0.119,5812.799999999999,6394.08,0.0
2011-03-13 04:00:00,B3820,0.119,0.0,0.0,36.33,0.119,5812.799999999999,6394.08,0.0
2011-03-13 05:00:00,B3820,0.214,0.0,0.0,36.33,0.214,5812.799999999999,6394.08,0.0
2011-03-13 06:00:00,B3820,0.787,0.0,0.0,36.33,0.787,5812.799999999999,6394.08,0.0
2011-03-13 07:00:00,B3820,0.215,0.0,0.0,36.33,0.215,5812.799999999999,6394.08,0.0
2011-03-13 08:00:00,B3820,2.52,2.4,0.45,36.33,2.04,5812.799999999999,6394.08,0.48
2011-03-13 09:00:00,B3820,2.52,2.4,0.8,36.33,1.67,5812.799999999999,6394.08,0.85
2011-03-13 10:00:00,B3820,2.52,2.4,0.97,36.33,1.52,5812.799999999999,6394.08,1.0
2011-03-13 11:00:00,B3820,2.52,2.4,1.15,36.33,1.34,5812.799999999999,6394.08,1.18
2011-03-13 12:00:00,B3820,3.187,2.4,1.32,36.33,1.8469999999999998,5812.799999999999,6394.08,1.34
2011-03-13 13:00:00,B3820,0.215,0.0,1.34,36.33,-1.145,5812.799999999999,6394.08,1.36
2011-03-13 14:00:00,B3820,0.12,0.0,1.29,36.33,-1.19,5812.799999999999,6394.08,1.31
2011-03-13 15:00:00,B3820,0.12,0.0,1.03,36.33,-0.92,5812.799999999999,6394.08,1.04
2011-03-13 16:00:00,B3820,0.12,0.0,0.67,36.33,-0.55,5812.799999999999,6394.08,0.67
2011-03-13 17:00:00,B3820,0.215,0.0,0.22,36.33,-0.0050000000000000044,5812.799999999999,6394.08,0.22
2011-03-13 18:00:00,B3820,0.787,0.0,0.0,36.33,0.787,5812.799999999999,6394.08,0.0
2011-03-13 19:00:00,B3820,0.978,0.0,0.0,36.33,0.978,5812.799999999999,6394.08,0.0
2011-03-13 20:00:00,B3820,0.215,0.0,0.0,36.33,0.215,5812.799999999999,6394.08,0.0
2011-03-13 21:00:00,B3820,0.214,0.0,0.0,36.33,0.214,5812.799999999999,6394.08,0.0
2011-03-13 22:00:00,B3820,0.214,0.0,0.0,36.33,0.214,5812.799999999999,6394.08,0.0
2011-03-13 23:00:00,B3820,0.119,0.0,0.0,36.33,0.119,5812.799999999999,6394.08,0.0
2011-03-14 00:00:00,B3820,2.519,2.4,0.0,36.33,2.519,5812.799999999999,6394.08,0.0
2011-03-14 01:00:00,B3820,2.519,2.4,0.0,36.33,2.519,5812.799999999999,6394.08,0.0
2011-03-14 02:00:00,B3820,2.519,2.4,0.0,36.33,2.519,5812.799999999999,6394.08,0.0
2011-03-14 03:00:00,B3820,2.519,2.4,0.0,36.33,2.519,5812.799999999999,6394.08,0.0
2011-03-14 04:00:00,B3820,2.519,2.4,0.0,36.33,2.519,5812.799999999999,6394.08,0.0
2011-03-14 05:00:00,B3820,0.214,0.0,0.0,36.33,0.214,5812.799999999999,6394.08,0.0
2011-03-14 06:00:00,B3820,0.787,0.0,0.0,36.33,0.787,5812.799999999999,6394.08,0.0
2011-03-14 07:00:00,B3820,0.215,0.0,0.26,36.33,-0.04500000000000001,5812.799999999999,6394.08,0.26
2011-03-14 08:00:00,B3820,0.12,0.0,0.56,36.33,-0.48,5812.799999999999,6394.08,0.6
2011-03-14 09:00:00,B3820,0.12,0.0,0.9,36.33,-0.83,5812.799999999999,6394.08,0.95
2011-03-14 10:00:00,B3820,0.12,0.0,1.17,36.33,-1.0899999999999999,5812.799999999999,6394.08,1.21
2011-03-14 11:00:00,B3820,0.12,0.0,1.31,36.33,-1.2200000000000002,5812.799999999999,6394.08,1.34
2011-03-14 12:00:00,B3820,0.787,0.0,1.49,36.33,-0.733,5812.799999999999,6394.08,1.52
2011-03-14 13:00:00,B3820,0.215,0.0,1.4,36.33,-1.2149999999999999,5812.799999999999,6394.08,1.43
2011-03-14 14:00:00,B3820,0.12,0.0,1.11,36.33,-1.0099999999999998,5812.799999999999,6394.08,1.13
2011-03-14 15:00:00,B3820,0.12,0.0,0.87,36.33,-0.76,5812.799999999999,6394.08,0.88
2011-03-14 16:00:00,B3820,0.12,0.0,0.52,36.33,-0.4,5812.799999999999,6394.08,0.52
2011-03-14 17:00:00,B3820,0.215,0.0,0.0,36.33,0.215,5812.799999999999,6394.08,0.0
2011-03-14 18:00:00,B3820,0.787,0.0,0.0,36.33,0.787,5812.799999999999,6394.08,0.0
2011-03-14 19:00:00,B3820,0.978,0.0,0.0,36.33,0.978,5812.799999999999,6394.08,0.0
2011-03-14 20:00:00,B3820,0.215,0.0,0.0,36.33,0.215,5812.799999999999,6394.08,0.0
2011-03-14 21:00:00,B3820,0.214,0.0,0.0,36.33,0.214,5812.799999999999,6394.08,0.0
2011-03-14 22:00:00,B3820,0.214,0.0,0.0,36.33,0.214,5812.799999999999,6394.08,0.0
2011-03-14 23:00:00,B3820,0.119,0.0,0.0,36.33,0.119,5812.799999999999,6394.08,0.0
2011-03-15 00:00:00,B3820,2.519,2.4,0.0,36.33,2.519,5812.799999999999,6394.08,0.0
2011-03-15 01:00:00,B3820,2.519,2.4,0.0,36.33,2.519,5812.799999999999,6394.08,0.0
2011-03-15 02:00:00,B3820,2.519,2.4,0.0,36.33,2.519,5812.799999999999,6394.08,0.0
2011-03-15 03:00:00,B3820,2.519,2.4,0.0,36.33,2.519,5812.799999999999,6394.08,0.0
2011-03-15 04:00:00,B3820,2.519,2.4,0.0,36.33,2.519,5812.799999999999,6394.08,0.0
2011-03-15 05:00:00,B3820,0.214,0.0,0.0,36.33,0.214,5812.799999999999,6394.08,0.0
2011-03-15 06:00:00,B3820,0.787,0.0,0.0,36.33,0.787,5812.799999999999,6394.08,0.0
2011-03-15 07:00:00,B3820,0.215,0.0,0.26,36.33,-0.095,5812.799999999999,6394.08,0.31
2011-03-15 08:00:00,B3820,0.12,0.0,0.57,36.33,-0.51,5812.799999999999,6394.08,0.63
2011-03-15 09:00:00,B3820,0.12,0.0,0.91,36.33,-0.85,5812.799999999999,6394.08,0.97
2011-03-15 10:00:00,B3820,0.12,0.0,1.15,36.33,-1.0699999999999998,5812.799999999999,6394.08,1.19
2011-03-15 11:00:00,B3820,0.12,0.0,1.31,36.33,-1.21,5812.799999999999,6394.08,1.33
2011-03-15 12:00:00,B3820,0.787,0.0,1.43,36.33,-0.6529999999999999,5812.799999999999,6394.08,1.44
2011-03-15 13:00:00,B3820,0.215,0.0,1.35,36.33,-1.145,5812.799999999999,6394.08,1.36
2011-03-15 14:00:00,B3820,0.12,0.0,1.17,36.33,-1.06,5812.799999999999,6394.08,1.18
2011-03-15 15:00:00,B3820,0.12,0.0,0.95,36.33,-0.84,5812.799999999999,6394.08,0.96
2011-03-15 16:00:00,B3820,0.12,0.0,0.67,36.33,-0.55,5812.799999999999,6394.08,0.67
2011-03-15 17:00:00,B3820,0.215,0.0,0.21,36.33,0.0050000000000000044,5812.799999999999,6394.08,0.21
2011-03-15 18:00:00,B3820,0.787,0.0,0.0,36.33,0.787,5812.799999999999,6394.08,0.0
2011-03-15 19:00:00,B3820,0.978,0.0,0.0,36.33,0.978,5812.799999999999,6394.08,0.0
2011-03-15 20:00:00,B3820,0.215,0.0,0.0,36.33,0.215,5812.799999999999,6394.08,0.0
2011-03-15 21:00:00,B3820,0.214,0.0,0.0,36.33,0.214,5812.799999999999,6394.08,0.0
2011-03-15 22:00:00,B3820,0.214,0.0,0.0,36.33,0.214,5812.799999999999,6394.08,0.0
2011-03-15 23:00:00,B3820,0.119,0.0,0.0,36.33,0.119,5812.799999999999,6394.08,0.0
2011-03-16 00:00:00,B3820,2.519,2.4,0.0,36.33,2.519,5812.799999999999,6394.08,0.0
2011-03-16 01:00:00,B3820,2.519,2.4,0.0,36.33,2.519,5812.799999999999,6394.08,0.0
2011-03-16 02:00:00,B3820,2.519,2.4,0.0,36.33,2.519,5812.799999999999,6394.08,0.0
2011-03-16 03:00:00,B3820,2.519,2.4,0.0,36.33,2.519,5812.799999999999,6394.08,0.0
2011-03-16 04:00:00,B3820,2.519,2.4,0.0,36.33,2.519,5812.799999999999,6394.08,0.0
2011-03-16 05:00:00,B3820,0.214,0.0,0.0,36.33,0.214,5812.799999999999,6394.08,0.0
2011-03-16 06:00:00,B3820,0.787,0.0,0.0,36.33,0.787,5812.799999999999,6394.08,0.0
2011-03-16 07:00:00,B3820,0.215,0.0,0.16,36.33,-0.015000000000000013,5812.799999999999,6394.08,0.23
2011-03-16 08:00:00,B3820,0.12,0.0,0.44,36.33,-0.38,5812.799999999999,6394.08,0.5
2011-03-16 09:00:00,B3820,0.12,0.0,0.82,36.33,-0.75,5812.799999999999,6394.08,0.87
2011-03-16 10:00:00,B3820,0.12,0.0,1.21,36.33,-1.13,5812.799999999999,6394.08,1.25
2011-03-16 11:00:00,B3820,0.12,0.0,1.46,36.33,-1.3599999999999999,5812.799999999999,6394.08,1.48
2011-03-16 12:00:00,B3820,0.787,0.0,1.46,36.33,-0.6829999999999999,5812.799999999999,6394.08,1.47
2011-03-16 13:00:00,B3820,0.215,0.0,1.37,36.33,-1.155,5812.799999999999,6394.08,1.37
2011-03-16 14:00:00,B3820,0.12,0.0,1.29,36.33,-1.1800000000000002,5812.799999999999,6394.08,1.3
2011-03-16 15:00:00,B3820,0.12,0.0,0.97,36.33,-0.86,5812.799999999999,6394.08,0.98
2011-03-16 16:00:00,B3820,0.12,0.0,0.56,36.33,-0.44000000000000006,5812.799999999999,6394.08,0.56
2011-03-16 17:00:00,B3820,0.215,0.0,0.0,36.33,0.215,5812.799999999999,6394.08,0.0
2011-03-16 18:00:00,B3820,0.787,0.0,0.0,36.33,0.787,5812.799999999999,6394.08,0.0
2011-03-16 19:00:00,B3820,0.978,0.0,0.0,36.33,0.978,5812.799999999999,6394.08,0.0
2011-03-16 20:00:00,B3820,0.215,0.0,0.0,36.33,0.215,5812.799999999999,6394.08,0.0
2011-03-16 21:00:00,B3820,0.214,0.0,0.0,36.33,0.214,5812.799999999999,6394.08,0.0
2011-03-16 22:00:00,B3820,0.214,0.0,0.0,36.33,0.214,5812.799999999999,6394.08,0.0
2011-03-16 23:00:00,B3820,0.119,0.0,0.0,36.33,0.119,5812.799999999999,6394.08,0.0
2011-03-17 00:00:00,B3820,2.519,2.4,0.0,36.33,2.519,5812.799999999999,6394.08,0.0
2011-03-17 01:00:00,B3820,2.519,2.4,0.0,36.33,2.519,5812.799999999999,6394.08,0.0
2011-03-17 02:00:00,B3820,2.519,2.4,0.0,36.33,2.519,5812.799999999999,6394.08,0.0
2011-03-17 03:00:00,B3820,2.519,2.4,0.0,36.33,2.519,5812.799999999999,6394.08,0.0
2011-03-17 04:00:00,B3820,2.519,2.4,0.0,36.33,2.519,5812.799999999999,6394.08,0.0
2011-03-17 05:00:00,B3820,0.214,0.0,0.0,36.33,0.214,5812.799999999999,6394.08,0.0
2011-03-17 06:00:00,B3820,0.787,0.0,0.0,36.33,0.787,5812.799999999999,6394.08,0.0
2011-03-17 07:00:00,B3820,0.215,0.0,0.26,36.33,-0.095,5812.799999999999,6394.08,0.31
2011-03-17 08:00:00,B3820,0.12,0.0,0.59,36.33,-0.53,5812.799999999999,6394.08,0.65
2011-03-17 09:00:00,B3820,0.12,0.0,0.92,36.33,-0.85,5812.799999999999,6394.08,0.97
2011-03-17 10:00:00,B3820,0.12,0.0,1.22,36.33,-1.13,5812.799999999999,6394.08,1.25
2011-03-17 11:00:00,B3820,0.12,0.0,1.5,36.33,-1.4,5812.799999999999,6394.08,1.52
2011-03-17 12:00:00,B3820,0.787,0.0,1.6,36.33,-0.8330000000000001,5812.799999999999,6394.08,1.62
2011-03-17 13:00:00,B3820,0.215,0.0,1.55,36.33,-1.345,5812.799999999999,6394.08,1.56
2011-03-17 14:00:00,B3820,0.12,0.0,1.39,36.33,-1.2799999999999998,5812.799999999999,6394.08,1.4
2011-03-17 15:00:00,B3820,0.12,0.0,1.07,36.33,-0.9600000000000001,5812.799999999999,6394.08,1.08
2011-03-17 16:00:00,B3820,0.12,0.0,0.72,36.33,-0.6,5812.799999999999,6394.08,0.72
2011-03-17 17:00:00,B3820,0.215,0.0,0.23,36.33,-0.015000000000000013,5812.799999999999,6394.08,0.23
2011-03-17 18:00:00,B3820,0.787,0.0,0.0,36.33,0.787,5812.799999999999,6394.08,0.0
2011-03-17 19:00:00,B3820,0.978,0.0,0.0,36.33,0.978,5812.799999999999,6394.08,0.0
2011-03-17 20:00:00,B3820,0.215,0.0,0.0,36.33,0.215,5812.799999999999,6394.08,0.0
2011-03-17 21:00:00,B3820,0.214,0.0,0.0,36.33,0.214,5812.799999999999,6394.08,0.0
2011-03-17 22:00:00,B3820,0.214,0.0,0.0,36.33,0.214,5812.799999999999,6394.08,0.0
2011-03-17 23:00:00,B3820,0.119,0.0,0.0,36.33,0.119,5812.799999999999,6394.08,0.0
2011-03-18 00:00:00,B3820,2.519,2.4,0.0,36.33,2.519,5812.799999999999,6394.08,0.0
2011-03-18 01:00:00,B3820,2.519,2.4,0.0,36.33,2.519,5812.799999999999,6394.08,0.0
2011-03-18 02:00:00,B3820,2.519,2.4,0.0,36.33,2.519,5812.799999999999,6394.08,0.0
2011-03-18 03:00:00,B3820,2.519,2.4,0.0,36.33,2.519,5812.799999999999,6394.08,0.0
2011-03-18 04:00:00,B3820,2.519,2.4,0.0,36.33,2.519,5812.799999999999,6394.08,0.0
2011-03-18 05:00:00,B3820,0.214,0.0,0.0,36.33,0.214,5812.799999999999,6394.08,0.0
2011-03-18 06:00:00,B3820,0.787,0.0,0.0,36.33,0.787,5812.799999999999,6394.08,0.0
2011-03-18 07:00:00,B3820,0.215,0.0,0.19,36.33,-0.035,5812.799999999999,6394.08,0.25
2011-03-18 08:00:00,B3820,0.12,0.0,0.52,36.33,-0.45999999999999996,5812.799999999999,6394.08,0.58
2011-03-18 09:00:00,B3820,0.12,0.0,0.89,36.33,-0.82,5812.799999999999,6394.08,0.94
2011-03-18 10:00:00,B3820,0.12,0.0,1.19,36.33,-1.1,5812.799999999999,6394.08,1.22
2011-03-18 11:00:00,B3820,0.12,0.0,1.4,36.33,-1.29,5812.799999999999,6394.08,1.41
2011-03-18 12:00:00,B3820,0.786,0.0,1.5,36.33,-0.714,5812.799999999999,6394.08,1.5
2011-03-18 13:00:00,B3820,0.215,0.0,1.47,36.33,-1.265,5812.799999999999,6394.08,1.48
2011-03-18 14:00:00,B3820,0.12,0.0,1.32,36.33,-1.21,5812.799999999999,6394.08,1.33
2011-03-18 15:00:00,B3820,0.12,0.0,1.07,36.33,-0.9500000000000001,5812.799999999999,6394.08,1.07
2011-03-18 16:00:00,B3820,0.12,0.0,0.72,36.33,-0.6,5812.799999999999,6394.08,0.72
2011-03-18 17:00:00,B3820,0.215,0.0,0.22,36.33,-0.0050000000000000044,5812.799999999999,6394.08,0.22
2011-03-18 18:00:00,B3820,0.787,0.0,0.0,36.33,0.787,5812.799999999999,6394.08,0.0
2011-03-18 19:00:00,B3820,0.977,0.0,0.0,36.33,0.977,5812.799999999999,6394.08,0.0
2011-03-18 20:00:00,B3820,0.215,0.0,0.0,36.33,0.215,5812.799999999999,6394.08,0.0
2011-03-18 21:00:00,B3820,0.214,0.0,0.0,36.33,0.214,5812.799999999999,6394.08,0.0
2011-03-18 22:00:00,B3820,0.214,0.0,0.0,36.33,0.214,5812.799999999999,6394.08,0.0
2011-03-18 23:00:00,B3820,0.119,0.0,0.0,36.33,0.119,5812.799999999999,6394.08,0.0
2011-03-19 00:00:00,B3820,0.119,0.0,0.0,36.33,0.119,5812.799999999999,6394.08,0.0
2011-03-19 01:00:00,B3820,0.119,0.0,0.0,36.33,0.119,5812.799999999999,6394.08,0.0
2011-03-19 02:00:00,B3820,0.119,0.0,0.0,36.33,0.119,5812.799999999999,6394.08,0.0
2011-03-19 03:00:00,B3820,0.119,0.0,0.0,36.33,0.119,5812.799999999999,6394.08,0.0
2011-03-19 04:00:00,B3820,0.119,0.0,0.0,36.33,0.119,5812.799999999999,6394.08,0.0
2011-03-19 05:00:00,B3820,0.214,0.0,0.0,36.33,0.214,5812.799999999999,6394.08,0.0
2011-03-19 06:00:00,B3820,0.787,0.0,0.0,36.33,0.787,5812.799999999999,6394.08,0.0
2011-03-19 07:00:00,B3820,0.215,0.0,0.23,36.33,-0.08499999999999999,5812.799999999999,6394.08,0.3
2011-03-19 08:00:00,B3820,2.52,2.4,0.56,36.33,1.9,5812.799999999999,6394.08,0.62
2011-03-19 09:00:00,B3820,2.52,2.4,0.93,36.33,1.54,5812.799999999999,6394.08,0.98
2011-03-19 10:00:00,B3820,2.52,2.4,1.23,36.33,1.26,5812.799999999999,6394.08,1.26
2011-03-19 11:00:00,B3820,2.52,2.4,1.44,36.33,1.07,5812.799999999999,6394.08,1.45
2011-03-19 12:00:00,B3820,3.186,2.4,1.53,36.33,1.646,5812.799999999999,6394.08,1.54
2011-03-19 13:00:00,B3820,0.215,0.0,1.5,36.33,-1.295,5812.799999999999,6394.08,1.51
2011-03-19 14:00:00,B3820,0.12,0.0,1.35,36.33,-1.2400000000000002,5812.799999999999,6394.08,1.36
2011-03-19 15:00:00,B3820,0.12,0.0,1.09,36.33,-0.9800000000000001,5812.799999999999,6394.08,1.1
2011-03-19 16:00:00,B3820,0.12,0.0,0.74,36.33,-0.62,5812.799999999999,6394.08,0.74
2011-03-19 17:00:00,B3820,0.215,0.0,0.23,36.33,-0.015000000000000013,5812.799999999999,6394.08,0.23
2011-03-19 18:00:00,B3820,0.786,0.0,0.0,36.33,0.786,5812.799999999999,6394.08,0.0
2011-03-19 19:00:00,B3820,0.977,0.0,0.0,36.33,0.977,5812.799999999999,6394.08,0.0
2011-03-19 20:00:00,B3820,0.215,0.0,0.0,36.33,0.215,5812.799999999999,6394.08,0.0
2011-03-19 21:00:00,B3820,0.214,0.0,0.0,36.33,0.214,5812.799999999999,6394.08,0.0
2011-03-19 22:00:00,B3820,0.214,0.0,0.0,36.33,0.214,5812.799999999999,6394.08,0.0
2011-03-19 23:00:00,B3820,0.119,0.0,0.0,36.33,0.119,5812.799999999999,6394.08,0.0
2011-03-20 00:00:00,B3820,0.119,0.0,0.0,36.33,0.119,5812.799999999999,6394.08,0.0
2011-03-20 01:00:00,B3820,0.119,0.0,0.0,36.33,0.119,5812.799999999999,6394.08,0.0
2011-03-20 02:00:00,B3820,0.119,0.0,0.0,36.33,0.119,5812.799999999999,6394.08,0.0
2011-03-20 03:00:00,B3820,0.119,0.0,0.0,36.33,0.119,5812.799999999999,6394.08,0.0
2011-03-20 04:00:00,B3820,0.119,0.0,0.0,36.33,0.119,5812.799999999999,6394.08,0.0
2011-03-20 05:00:00,B3820,0.214,0.0,0.0,36.33,0.214,5812.799999999999,6394.08,0.0
2011-03-20 06:00:00,B3820,0.787,0.0,0.0,36.33,0.787,5812.799999999999,6394.08,0.0
2011-03-20 07:00:00,B3820,0.215,0.0,0.18,36.33,-0.024999999999999994,5812.799999999999,6394.08,0.24
2011-03-20 08:00:00,B3820,2.52,2.4,0.56,36.33,1.9,5812.799999999999,6394.08,0.62
2011-03-20 09:00:00,B3820,2.52,2.4,0.96,36.33,1.51,5812.799999999999,6394.08,1.01
2011-03-20 10:00:00,B3820,2.52,2.4,1.26,36.33,1.23,5812.799999999999,6394.08,1.29
2011-03-20 11:00:00,B3820,2.52,2.4,1.46,36.33,1.04,5812.799999999999,6394.08,1.48
2011-03-20 12:00:00,B3820,3.186,2.4,1.55,36.33,1.626,5812.799999999999,6394.08,1.56
2011-03-20 13:00:00,B3820,0.214,0.0,1.53,36.33,-1.316,5812.799999999999,6394.08,1.53
2011-03-20 14:00:00,B3820,0.12,0.0,1.37,36.33,-1.2599999999999998,5812.799999999999,6394.08,1.38
2011-03-20 15:00:00,B3820,0.12,0.0,1.11,36.33,-1.0,5812.799999999999,6394.08,1.12
2011-03-20 16:00:00,B3820,0.12,0.0,0.76,36.33,-0.64,5812.799999999999,6394.08,0.76
2011-03-20 17:00:00,B3820,0.214,0.0,0.24,36.33,-0.025999999999999995,5812.799999999999,6394.08,0.24
2011-03-20 18:00:00,B3820,0.786,0.0,0.0,36.33,0.786,5812.799999999999,6394.08,0.0
2011-03-20 19:00:00,B3820,0.977,0.0,0.0,36.33,0.977,5812.799999999999,6394.08,0.0
2011-03-20 20:00:00,B3820,0.215,0.0,0.0,36.33,0.215,5812.799999999999,6394.08,0.0
2011-03-20 21:00:00,B3820,0.214,0.0,0.0,36.33,0.214,5812.799999999999,6394.08,0.0
2011-03-20 22:00:00,B3820,0.214,0.0,0.0,36.33,0.214,5812.799999999999,6394.08,0.0
2011-03-20 23:00:00,B3820,0.119,0.0,0.0,36.33,0.119,5812.799999999999,6394.08,0.0
2011-03-21 00:00:00,B3820,2.519,2.4,0.0,36.33,2.519,5812.799999999999,6394.08,0.0
2011-03-21 01:00:00,B3820,2.519,2.4,0.0,36.33,2.519,5812.799999999999,6394.08,0.0
2011-03-21 02:00:00,B3820,2.519,2.4,0.0,36.33,2.519,5812.799999999999,6394.08,0.0
2011-03-21 03:00:00,B3820,2.519,2.4,0.0,36.33,2.519,5812.799999999999,6394.08,0.0
2011-03-21 04:00:00,B3820,2.519,2.4,0.0,36.33,2.519,5812.799999999999,6394.08,0.0
2011-03-21 05:00:00,B3820,0.214,0.0,0.0,36.33,0.214,5812.799999999999,6394.08,0.0
2011-03-21 06:00:00,B3820,0.787,0.0,0.0,36.33,0.787,5812.799999999999,6394.08,0.0
2011-03-21 07:00:00,B3820,0.215,0.0,0.18,36.33,-0.024999999999999994,5812.799999999999,6394.08,0.24
2011-03-21 08:00:00,B3820,0.12,0.0,0.58,36.33,-0.52,5812.799999999999,6394.08,0.64
2011-03-21 09:00:00,B3820,0.12,0.0,0.98,36.33,-0.91,5812.799999999999,6394.08,1.03
2011-03-21 10:00:00,B3820,0.12,0.0,1.28,36.33,-1.19,5812.799999999999,6394.08,1.31
2011-03-21 11:00:00,B3820,0.12,0.0,1.5,36.33,-1.3900000000000001,5812.799999999999,6394.08,1.51
2011-03-21 12:00:00,B3820,0.786,0.0,1.59,36.33,-0.8140000000000001,5812.799999999999,6394.08,1.6
2011-03-21 13:00:00,B3820,0.214,0.0,1.55,36.33,-1.346,5812.799999999999,6394.08,1.56
2011-03-21 14:00:00,B3820,0.119,0.0,1.39,36.33,-1.281,5812.799999999999,6394.08,1.4
2011-03-21 15:00:00,B3820,0.119,0.0,1.13,36.33,-1.021,5812.799999999999,6394.08,1.14
2011-03-21 16:00:00,B3820,0.12,0.0,0.78,36.33,-0.66,5812.799999999999,6394.08,0.78
2011-03-21 17:00:00,B3820,0.214,0.0,0.36,36.33,-0.146,5812.799999999999,6394.08,0.36
2011-03-21 18:00:00,B3820,0.786,0.0,0.0,36.33,0.786,5812.799999999999,6394.08,0.0
2011-03-21 19:00:00,B3820,0.977,0.0,0.0,36.33,0.977,5812.799999999999,6394.08,0.0
2011-03-21 20:00:00,B3820,0.215,0.0,0.0,36.33,0.215,5812.799999999999,6394.08,0.0
2011-03-21 21:00:00,B3820,0.214,0.0,0.0,36.33,0.214,5812.799999999999,6394.08,0.0
2011-03-21 22:00:00,B3820,0.214,0.0,0.0,36.33,0.214,5812.799999999999,6394.08,0.0
2011-03-21 23:00:00,B3820,0.119,0.0,0.0,36.33,0.119,5812.799999999999,6394.08,0.0
2011-03-22 00:00:00,B3820,2.519,2.4,0.0,36.33,2.519,5812.799999999999,6394.08,0.0
2011-03-22 01:00:00,B3820,2.519,2.4,0.0,36.33,2.519,5812.799999999999,6394.08,0.0
2011-03-22 02:00:00,B3820,2.519,2.4,0.0,36.33,2.519,5812.799999999999,6394.08,0.0
2011-03-22 03:00:00,B3820,2.519,2.4,0.0,36.33,2.519,5812.799999999999,6394.08,0.0
2011-03-22 04:00:00,B3820,2.519,2.4,0.0,36.33,2.519,5812.799999999999,6394.08,0.0
2011-03-22 05:00:00,B3820,0.214,0.0,0.0,36.33,0.214,5812.799999999999,6394.08,0.0
2011-03-22 06:00:00,B3820,0.787,0.0,0.0,36.33,0.787,5812.799999999999,6394.08,0.0
2011-03-22 07:00:00,B3820,0.215,0.0,0.21,36.33,-0.05500000000000002,5812.799999999999,6394.08,0.27
2011-03-22 08:00:00,B3820,0.12,0.0,0.65,36.33,-0.6,5812.799999999999,6394.08,0.72
2011-03-22 09:00:00,B3820,0.12,0.0,1.07,36.33,-1.0,5812.799999999999,6394.08,1.12
2011-03-22 10:00:00,B3820,0.12,0.0,1.36,36.33,-1.27,5812.799999999999,6394.08,1.39
2011-03-22 11:00:00,B3820,0.12,0.0,1.56,36.33,-1.46,5812.799999999999,6394.08,1.58
2011-03-22 12:00:00,B3820,0.786,0.0,1.59,36.33,-0.8140000000000001,5812.799999999999,6394.08,1.6
2011-03-22 13:00:00,B3820,0.215,0.0,1.5,36.33,-1.295,5812.799999999999,6394.08,1.51
2011-03-22 14:00:00,B3820,0.12,0.0,1.3,36.33,-1.19,5812.799999999999,6394.08,1.31
2011-03-22 15:00:00,B3820,0.12,0.0,0.96,36.33,-0.84,5812.799999999999,6394.08,0.96
2011-03-22 16:00:00,B3820,0.12,0.0,0.65,36.33,-0.53,5812.799999999999,6394.08,0.65
2011-03-22 17:00:00,B3820,0.215,0.0,0.31,36.33,-0.095,5812.799999999999,6394.08,0.31
2011-03-22 18:00:00,B3820,0.786,0.0,0.0,36.33,0.786,5812.799999999999,6394.08,0.0
2011-03-22 19:00:00,B3820,0.977,0.0,0.0,36.33,0.977,5812.799999999999,6394.08,0.0
2011-03-22 20:00:00,B3820,0.215,0.0,0.0,36.33,0.215,5812.799999999999,6394.08,0.0
2011-03-22 21:00:00,B3820,0.214,0.0,0.0,36.33,0.214,5812.799999999999,6394.08,0.0
2011-03-22 22:00:00,B3820,0.214,0.0,0.0,36.33,0.214,5812.799999999999,6394.08,0.0
2011-03-22 23:00:00,B3820,0.119,0.0,0.0,36.33,0.119,5812.799999999999,6394.08,0.0
2011-03-23 00:00:00,B3820,2.519,2.4,0.0,36.33,2.519,5812.799999999999,6394.08,0.0
2011-03-23 01:00:00,B3820,2.519,2.4,0.0,36.33,2.519,5812.799999999999,6394.08,0.0
2011-03-23 02:00:00,B3820,2.519,2.4,0.0,36.33,2.519,5812.799999999999,6394.08,0.0
2011-03-23 03:00:00,B3820,2.519,2.4,0.0,36.33,2.519,5812.799999999999,6394.08,0.0
2011-03-23 04:00:00,B3820,2.519,2.4,0.0,36.33,2.519,5812.799999999999,6394.08,0.0
2011-03-23 05:00:00,B3820,0.214,0.0,0.0,36.33,0.214,5812.799999999999,6394.08,0.0
2011-03-23 06:00:00,B3820,0.787,0.0,0.0,36.33,0.787,5812.799999999999,6394.08,0.0
2011-03-23 07:00:00,B3820,0.215,0.0,0.19,36.33,-0.04500000000000001,5812.799999999999,6394.08,0.26
2011-03-23 08:00:00,B3820,0.12,0.0,0.66,36.33,-0.6,5812.799999999999,6394.08,0.72
2011-03-23 09:00:00,B3820,0.12,0.0,1.09,36.33,-1.02,5812.799999999999,6394.08,1.14
2011-03-23 10:00:00,B3820,0.12,0.0,1.39,36.33,-1.2999999999999998,5812.799999999999,6394.08,1.42
2011-03-23 11:00:00,B3820,0.12,0.0,1.61,36.33,-1.5,5812.799999999999,6394.08,1.62
2011-03-23 12:00:00,B3820,0.786,0.0,1.69,36.33,-0.9139999999999999,5812.799999999999,6394.08,1.7
2011-03-23 13:00:00,B3820,0.215,0.0,1.65,36.33,-1.4449999999999998,5812.799999999999,6394.08,1.66
2011-03-23 14:00:00,B3820,0.12,0.0,1.47,36.33,-1.3599999999999999,5812.799999999999,6394.08,1.48
2011-03-23 15:00:00,B3820,0.12,0.0,1.18,36.33,-1.06,5812.799999999999,6394.08,1.18
2011-03-23 16:00:00,B3820,0.12,0.0,0.8,36.33,-0.68,5812.799999999999,6394.08,0.8
2011-03-23 17:00:00,B3820,0.215,0.0,0.37,36.33,-0.155,5812.799999999999,6394.08,0.37
2011-03-23 18:00:00,B3820,0.786,0.0,0.0,36.33,0.786,5812.799999999999,6394.08,0.0
2011-03-23 19:00:00,B3820,0.977,0.0,0.0,36.33,0.977,5812.799999999999,6394.08,0.0
2011-03-23 20:00:00,B3820,0.215,0.0,0.0,36.33,0.215,5812.799999999999,6394.08,0.0
2011-03-23 21:00:00,B3820,0.214,0.0,0.0,36.33,0.214,5812.799999999999,6394.08,0.0
2011-03-23 22:00:00,B3820,0.214,0.0,0.0,36.33,0.214,5812.799999999999,6394.08,0.0
2011-03-23 23:00:00,B3820,0.119,0.0,0.0,36.33,0.119,5812.799999999999,6394.08,0.0
2011-03-24 00:00:00,B3820,2.519,2.4,0.0,36.33,2.519,5812.799999999999,6394.08,0.0
2011-03-24 01:00:00,B3820,2.519,2.4,0.0,36.33,2.519,5812.799999999999,6394.08,0.0
2011-03-24 02:00:00,B3820,2.519,2.4,0.0,36.33,2.519,5812.799999999999,6394.08,0.0
2011-03-24 03:00:00,B3820,2.519,2.4,0.0,36.33,2.519,5812.799999999999,6394.08,0.0
2011-03-24 04:00:00,B3820,2.519,2.4,0.0,36.33,2.519,5812.799999999999,6394.08,0.0
2011-03-24 05:00:00,B3820,0.214,0.0,0.0,36.33,0.214,5812.799999999999,6394.08,0.0
2011-03-24 06:00:00,B3820,0.787,0.0,0.0,36.33,0.787,5812.799999999999,6394.08,0.0
2011-03-24 07:00:00,B3820,0.215,0.0,0.21,36.33,-0.05500000000000002,5812.799999999999,6394.08,0.27
2011-03-24 08:00:00,B3820,0.12,0.0,0.69,36.33,-0.63,5812.799999999999,6394.08,0.75
2011-03-24 09:00:00,B3820,0.12,0.0,1.1,36.33,-1.0299999999999998,5812.799999999999,6394.08,1.15
2011-03-24 10:00:00,B3820,0.12,0.0,1.38,36.33,-1.29,5812.799999999999,6394.08,1.41
2011-03-24 11:00:00,B3820,0.12,0.0,1.47,36.33,-1.3599999999999999,5812.799999999999,6394.08,1.48
2011-03-24 12:00:00,B3820,0.786,0.0,1.54,36.33,-0.774,5812.799999999999,6394.08,1.56
2011-03-24 13:00:00,B3820,0.215,0.0,1.54,36.33,-1.335,5812.799999999999,6394.08,1.55
2011-03-24 14:00:00,B3820,0.12,0.0,1.43,36.33,-1.33,5812.799999999999,6394.08,1.45
2011-03-24 15:00:00,B3820,0.12,0.0,1.16,36.33,-1.06,5812.799999999999,6394.08,1.18
2011-03-24 16:00:00,B3820,0.12,0.0,0.67,36.33,-0.57,5812.799999999999,6394.08,0.69
2011-03-24 17:00:00,B3820,0.215,0.0,0.35,36.33,-0.13499999999999998,5812.799999999999,6394.08,0.35
2011-03-24 18:00:00,B3820,0.786,0.0,0.0,36.33,0.786,5812.799999999999,6394.08,0.0
2011-03-24 19:00:00,B3820,0.977,0.0,0.0,36.33,0.977,5812.799999999999,6394.08,0.0
2011-03-24 20:00:00,B3820,0.215,0.0,0.0,36.33,0.215,5812.799999999999,6394.08,0.0
2011-03-24 21:00:00,B3820,0.214,0.0,0.0,36.33,0.214,5812.799999999999,6394.08,0.0
2011-03-24 22:00:00,B3820,0.214,0.0,0.0,36.33,0.214,5812.799999999999,6394.08,0.0
2011-03-24 23:00:00,B3820,0.119,0.0,0.0,36.33,0.119,5812.799999999999,6394.08,0.0
2011-03-25 00:00:00,B3820,2.519,2.4,0.0,36.33,2.519,5812.799999999999,6394.08,0.0
2011-03-25 01:00:00,B3820,2.519,2.4,0.0,36.33,2.519,5812.799999999999,6394.08,0.0
2011-03-25 02:00:00,B3820,2.519,2.4,0.0,36.33,2.519,5812.799999999999,6394.08,0.0
2011-03-25 03:00:00,B3820,2.519,2.4,0.0,36.33,2.519,5812.799999999999,6394.08,0.0
2011-03-25 04:00:00,B3820,2.519,2.4,0.0,36.33,2.519,5812.799999999999,6394.08,0.0
2011-03-25 05:00:00,B3820,0.214,0.0,0.0,36.33,0.214,5812.799999999999,6394.08,0.0
2011-03-25 06:00:00,B3820,0.787,0.0,0.0,36.33,0.787,5812.799999999999,6394.08,0.0
2011-03-25 07:00:00,B3820,0.215,0.0,0.24,36.33,-0.08499999999999999,5812.799999999999,6394.08,0.3
2011-03-25 08:00:00,B3820,0.12,0.0,0.75,36.33,-0.6900000000000001,5812.799999999999,6394.08,0.81
2011-03-25 09:00:00,B3820,0.12,0.0,1.18,36.33,-1.1099999999999999,5812.799999999999,6394.08,1.23
2011-03-25 10:00:00,B3820,0.12,0.0,1.46,36.33,-1.38,5812.799999999999,6394.08,1.5
2011-03-25 11:00:00,B3820,0.12,0.0,1.65,36.33,-1.5499999999999998,5812.799999999999,6394.08,1.67
2011-03-25 12:00:00,B3820,0.786,0.0,1.67,36.33,-0.8939999999999999,5812.799999999999,6394.08,1.68
2011-03-25 13:00:00,B3820,0.215,0.0,1.52,36.33,-1.315,5812.799999999999,6394.08,1.53
2011-03-25 14:00:00,B3820,0.12,0.0,1.37,36.33,-1.2599999999999998,5812.799999999999,6394.08,1.38
2011-03-25 15:00:00,B3820,0.12,0.0,1.08,36.33,-0.9700000000000001,5812.799999999999,6394.08,1.09
2011-03-25 16:00:00,B3820,0.12,0.0,0.7,36.33,-0.58,5812.799999999999,6394.08,0.7
2011-03-25 17:00:00,B3820,0.215,0.0,0.34,36.33,-0.12500000000000003,5812.799999999999,6394.08,0.34
2011-03-25 18:00:00,B3820,0.786,0.0,0.0,36.33,0.786,5812.799999999999,6394.08,0.0
2011-03-25 19:00:00,B3820,0.977,0.0,0.0,36.33,0.977,5812.799999999999,6394.08,0.0
2011-03-25 20:00:00,B3820,0.215,0.0,0.0,36.33,0.215,5812.799999999999,6394.08,0.0
2011-03-25 21:00:00,B3820,0.214,0.0,0.0,36.33,0.214,5812.799999999999,6394.08,0.0
2011-03-25 22:00:00,B3820,0.214,0.0,0.0,36.33,0.214,5812.799999999999,6394.08,0.0
2011-03-25 23:00:00,B3820,0.119,0.0,0.0,36.33,0.119,5812.799999999999,6394.08,0.0
2011-03-26 00:00:00,B3820,0.119,0.0,0.0,36.33,0.119,5812.799999999999,6394.08,0.0
2011-03-26 01:00:00,B3820,0.119,0.0,0.0,36.33,0.119,5812.799999999999,6394.08,0.0
2011-03-26 02:00:00,B3820,0.119,0.0,0.0,36.33,0.119,5812.799999999999,6394.08,0.0
2011-03-26 03:00:00,B3820,0.119,0.0,0.0,36.33,0.119,5812.799999999999,6394.08,0.0
2011-03-26 04:00:00,B3820,0.119,0.0,0.0,36.33,0.119,5812.799999999999,6394.08,0.0
2011-03-26 05:00:00,B3820,0.214,0.0,0.0,36.33,0.214,5812.799999999999,6394.08,0.0
2011-03-26 06:00:00,B3820,0.787,0.0,0.0,36.33,0.787,5812.799999999999,6394.08,0.0
2011-03-26 07:00:00,B3820,0.215,0.0,0.29,36.33,-0.13499999999999998,5812.799999999999,6394.08,0.35
2011-03-26 08:00:00,B3820,2.52,2.4,0.76,36.33,1.7000000000000002,5812.799999999999,6394.08,0.82
2011-03-26 09:00:00,B3820,2.52,2.4,1.15,36.33,1.32,5812.799999999999,6394.08,1.2
2011-03-26 10:00:00,B3820,2.52,2.4,1.43,36.33,1.05,5812.799999999999,6394.08,1.47
2011-03-26 11:00:00,B3820,2.52,2.4,1.64,36.33,0.8600000000000001,5812.799999999999,6394.08,1.66
2011-03-26 12:00:00,B3820,3.186,2.4,1.56,36.33,1.6059999999999999,5812.799999999999,6394.08,1.58
2011-03-26 13:00:00,B3820,0.215,0.0,1.14,36.33,-0.9349999999999999,5812.799999999999,6394.08,1.15
2011-03-26 14:00:00,B3820,0.12,0.0,0.67,36.33,-0.56,5812.799999999999,6394.08,0.68
2011-03-26 15:00:00,B3820,0.12,0.0,0.4,36.33,-0.28,5812.799999999999,6394.08,0.4
2011-03-26 16:00:00,B3820,0.12,0.0,0.39,36.33,-0.27,5812.799999999999,6394.08,0.39
2011-03-26 17:00:00,B3820,0.215,0.0,0.34,36.33,-0.12500000000000003,5812.799999999999,6394.08,0.34
2011-03-26 18:00:00,B3820,0.786,0.0,0.0,36.33,0.786,5812.799999999999,6394.08,0.0
2011-03-26 19:00:00,B3820,0.977,0.0,0.0,36.33,0.977,5812.799999999999,6394.08,0.0
2011-03-26 20:00:00,B3820,0.215,0.0,0.0,36.33,0.215,5812.799999999999,6394.08,0.0
2011-03-26 21:00:00,B3820,0.214,0.0,0.0,36.33,0.214,5812.799999999999,6394.08,0.0
2011-03-26 22:00:00,B3820,0.214,0.0,0.0,36.33,0.214,5812.799999999999,6394.08,0.0
2011-03-26 23:00:00,B3820,0.119,0.0,0.0,36.33,0.119,5812.799999999999,6394.08,0.0
2011-03-27 00:00:00,B3820,0.119,0.0,0.0,36.33,0.119,5812.799999999999,6394.08,0.0
2011-03-27 01:00:00,B3820,0.119,0.0,0.0,36.33,0.119,5812.799999999999,6394.08,0.0
2011-03-27 02:00:00,B3820,0.119,0.0,0.0,36.33,0.119,5812.799999999999,6394.08,0.0
2011-03-27 03:00:00,B3820,0.119,0.0,0.0,36.33,0.119,5812.799999999999,6394.08,0.0
2011-03-27 04:00:00,B3820,0.119,0.0,0.0,36.33,0.119,5812.799999999999,6394.08,0.0
2011-03-27 05:00:00,B3820,0.214,0.0,0.0,36.33,0.214,5812.799999999999,6394.08,0.0
2011-03-27 06:00:00,B3820,0.786,0.0,0.0,36.33,0.786,5812.799999999999,6394.08,0.0
2011-03-27 07:00:00,B3820,0.215,0.0,0.39,36.33,-0.23500000000000001,5812.799999999999,6394.08,0.45
2011-03-27 08:00:00,B3820,2.52,2.4,0.86,36.33,1.6,5812.799999999999,6394.08,0.92
2011-03-27 09:00:00,B3820,2.52,2.4,1.23,36.33,1.24,5812.799999999999,6394.08,1.28
2011-03-27 10:00:00,B3820,2.52,2.4,1.52,36.33,0.96,5812.799999999999,6394.08,1.56
2011-03-27 11:00:00,B3820,2.52,2.4,1.78,36.33,0.71,5812.799999999999,6394.08,1.81
2011-03-27 12:00:00,B3820,3.186,2.4,1.84,36.33,1.3359999999999999,5812.799999999999,6394.08,1.85
2011-03-27 13:00:00,B3820,0.215,0.0,1.71,36.33,-1.515,5812.799999999999,6394.08,1.73
2011-03-27 14:00:00,B3820,0.12,0.0,1.53,36.33,-1.4300000000000002,5812.799999999999,6394.08,1.55
2011-03-27 15:00:00,B3820,0.12,0.0,1.12,36.33,-1.02,5812.799999999999,6394.08,1.14
2011-03-27 16:00:00,B3820,0.12,0.0,0.65,36.33,-0.55,5812.799999999999,6394.08,0.67
2011-03-27 17:00:00,B3820,0.215,0.0,0.28,36.33,-0.06500000000000003,5812.799999999999,6394.08,0.28
2011-03-27 18:00:00,B3820,0.786,0.0,0.0,36.33,0.786,5812.799999999999,6394.08,0.0
2011-03-27 19:00:00,B3820,0.977,0.0,0.0,36.33,0.977,5812.799999999999,6394.08,0.0
2011-03-27 20:00:00,B3820,0.215,0.0,0.0,36.33,0.215,5812.799999999999,6394.08,0.0
2011-03-27 21:00:00,B3820,0.214,0.0,0.0,36.33,0.214,5812.799999999999,6394.08,0.0
2011-03-27 22:00:00,B3820,0.214,0.0,0.0,36.33,0.214,5812.799999999999,6394.08,0.0
2011-03-27 23:00:00,B3820,0.119,0.0,0.0,36.33,0.119,5812.799999999999,6394.08,0.0
2011-03-28 00:00:00,B3820,2.519,2.4,0.0,36.33,2.519,5812.799999999999,6394.08,0.0
2011-03-28 01:00:00,B3820,2.519,2.4,0.0,36.33,2.519,5812.799999999999,6394.08,0.0
2011-03-28 02:00:00,B3820,2.519,2.4,0.0,36.33,2.519,5812.799999999999,6394.08,0.0
2011-03-28 03:00:00,B3820,2.519,2.4,0.0,36.33,2.519,5812.799999999999,6394.08,0.0
2011-03-28 04:00:00,B3820,2.519,2.4,0.0,36.33,2.519,5812.799999999999,6394.08,0.0
2011-03-28 05:00:00,B3820,0.214,0.0,0.0,36.33,0.214,5812.799999999999,6394.08,0.0
2011-03-28 06:00:00,B3820,0.787,0.0,0.0,36.33,0.787,5812.799999999999,6394.08,0.0
2011-03-28 07:00:00,B3820,0.215,0.0,0.41,36.33,-0.24500000000000002,5812.799999999999,6394.08,0.46
2011-03-28 08:00:00,B3820,0.12,0.0,0.86,36.33,-0.81,5812.799999999999,6394.08,0.93
2011-03-28 09:00:00,B3820,0.12,0.0,1.24,36.33,-1.1800000000000002,5812.799999999999,6394.08,1.3
2011-03-28 10:00:00,B3820,0.12,0.0,1.49,36.33,-1.4100000000000001,5812.799999999999,6394.08,1.53
2011-03-28 11:00:00,B3820,0.12,0.0,1.62,36.33,-1.5299999999999998,5812.799999999999,6394.08,1.65
2011-03-28 12:00:00,B3820,0.786,0.0,1.64,36.33,-0.8739999999999999,5812.799999999999,6394.08,1.66
2011-03-28 13:00:00,B3820,0.215,0.0,1.52,36.33,-1.325,5812.799999999999,6394.08,1.54
2011-03-28 14:00:00,B3820,0.12,0.0,1.2,36.33,-1.0899999999999999,5812.799999999999,6394.08,1.21
2011-03-28 15:00:00,B3820,0.12,0.0,0.88,36.33,-0.77,5812.799999999999,6394.08,0.89
2011-03-28 16:00:00,B3820,0.12,0.0,0.47,36.33,-0.35,5812.799999999999,6394.08,0.47
2011-03-28 17:00:00,B3820,0.215,0.0,0.0,36.33,0.215,5812.799999999999,6394.08,0.0
2011-03-28 18:00:00,B3820,0.786,0.0,0.0,36.33,0.786,5812.799999999999,6394.08,0.0
2011-03-28 19:00:00,B3820,0.977,0.0,0.0,36.33,0.977,5812.799999999999,6394.08,0.0
2011-03-28 20:00:00,B3820,0.215,0.0,0.0,36.33,0.215,5812.799999999999,6394.08,0.0
2011-03-28 21:00:00,B3820,0.214,0.0,0.0,36.33,0.214,5812.799999999999,6394.08,0.0
2011-03-28 22:00:00,B3820,0.214,0.0,0.0,36.33,0.214,5812.799999999999,6394.08,0.0
2011-03-28 23:00:00,B3820,0.119,0.0,0.0,36.33,0.119,5812.799999999999,6394.08,0.0
2011-03-29 00:00:00,B3820,2.519,2.4,0.0,36.33,2.519,5812.799999999999,6394.08,0.0
2011-03-29 01:00:00,B3820,2.519,2.4,0.0,36.33,2.519,5812.799999999999,6394.08,0.0
2011-03-29 02:00:00,B3820,2.519,2.4,0.0,36.33,2.519,5812.799999999999,6394.08,0.0
2011-03-29 03:00:00,B3820,2.519,2.4,0.0,36.33,2.519,5812.799999999999,6394.08,0.0
2011-03-29 04:00:00,B3820,2.519,2.4,0.0,36.33,2.519,5812.799999999999,6394.08,0.0
2011-03-29 05:00:00,B3820,0.214,0.0,0.0,36.33,0.214,5812.799999999999,6394.08,0.0
2011-03-29 06:00:00,B3820,0.787,0.0,0.0,36.33,0.787,5812.799999999999,6394.08,0.0
2011-03-29 07:00:00,B3820,0.215,0.0,0.5,36.33,-0.3350000000000001,5812.799999999999,6394.08,0.55
2011-03-29 08:00:00,B3820,0.12,0.0,0.9,36.33,-0.85,5812.799999999999,6394.08,0.97
2011-03-29 09:00:00,B3820,0.12,0.0,1.4,36.33,-1.35,5812.799999999999,6394.08,1.47
2011-03-29 10:00:00,B3820,0.12,0.0,1.79,36.33,-1.71,5812.799999999999,6394.08,1.83
2011-03-29 11:00:00,B3820,0.12,0.0,1.92,36.33,-1.8199999999999998,5812.799999999999,6394.08,1.94
2011-03-29 12:00:00,B3820,0.786,0.0,1.92,36.33,-1.154,5812.799999999999,6394.08,1.94
2011-03-29 13:00:00,B3820,0.215,0.0,1.86,36.33,-1.655,5812.799999999999,6394.08,1.87
2011-03-29 14:00:00,B3820,0.12,0.0,1.68,36.33,-1.5699999999999998,5812.799999999999,6394.08,1.69
2011-03-29 15:00:00,B3820,0.12,0.0,1.37,36.33,-1.2599999999999998,5812.799999999999,6394.08,1.38
2011-03-29 16:00:00,B3820,0.12,0.0,0.97,36.33,-0.85,5812.799999999999,6394.08,0.97
2011-03-29 17:00:00,B3820,0.215,0.0,0.47,36.33,-0.255,5812.799999999999,6394.08,0.47
2011-03-29 18:00:00,B3820,0.786,0.0,0.0,36.33,0.786,5812.799999999999,6394.08,0.0
2011-03-29 19:00:00,B3820,0.977,0.0,0.0,36.33,0.977,5812.799999999999,6394.08,0.0
2011-03-29 20:00:00,B3820,0.215,0.0,0.0,36.33,0.215,5812.799999999999,6394.08,0.0
2011-03-29 21:00:00,B3820,0.214,0.0,0.0,36.33,0.214,5812.799999999999,6394.08,0.0
2011-03-29 22:00:00,B3820,0.214,0.0,0.0,36.33,0.214,5812.799999999999,6394.08,0.0
2011-03-29 23:00:00,B3820,0.119,0.0,0.0,36.33,0.119,5812.799999999999,6394.08,0.0
2011-03-30 00:00:00,B3820,2.519,2.4,0.0,36.33,2.519,5812.799999999999,6394.08,0.0
2011-03-30 01:00:00,B3820,2.519,2.4,0.0,36.33,2.519,5812.799999999999,6394.08,0.0
2011-03-30 02:00:00,B3820,2.519,2.4,0.0,36.33,2.519,5812.799999999999,6394.08,0.0
2011-03-30 03:00:00,B3820,2.519,2.4,0.0,36.33,2.519,5812.799999999999,6394.08,0.0
2011-03-30 04:00:00,B3820,2.519,2.4,0.0,36.33,2.519,5812.799999999999,6394.08,0.0
2011-03-30 05:00:00,B3820,0.214,0.0,0.0,36.33,0.214,5812.799999999999,6394.08,0.0
2011-03-30 06:00:00,B3820,0.787,0.0,0.0,36.33,0.787,5812.799999999999,6394.08,0.0
2011-03-30 07:00:00,B3820,0.215,0.0,0.51,36.33,-0.365,5812.799999999999,6394.08,0.58
2011-03-30 08:00:00,B3820,0.12,0.0,1.01,36.33,-0.9600000000000001,5812.799999999999,6394.08,1.08
2011-03-30 09:00:00,B3820,0.12,0.0,1.44,36.33,-1.3900000000000001,5812.799999999999,6394.08,1.51
2011-03-30 10:00:00,B3820,0.12,0.0,1.77,36.33,-1.71,5812.799999999999,6394.08,1.83
2011-03-30 11:00:00,B3820,0.12,0.0,1.97,36.33,-1.88,5812.799999999999,6394.08,2.0
2011-03-30 12:00:00,B3820,0.786,0.0,2.0,36.33,-1.234,5812.799999999999,6394.08,2.02
2011-03-30 13:00:00,B3820,0.215,0.0,1.92,36.33,-1.7149999999999999,5812.799999999999,6394.08,1.93
2011-03-30 14:00:00,B3820,0.12,0.0,1.68,36.33,-1.56,5812.799999999999,6394.08,1.68
2011-03-30 15:00:00,B3820,0.12,0.0,1.36,36.33,-1.25,5812.799999999999,6394.08,1.37
2011-03-30 16:00:00,B3820,0.12,0.0,0.97,36.33,-0.85,5812.799999999999,6394.08,0.97
2011-03-30 17:00:00,B3820,0.215,0.0,0.49,36.33,-0.275,5812.799999999999,6394.08,0.49
2011-03-30 18:00:00,B3820,0.786,0.0,0.0,36.33,0.786,5812.799999999999,6394.08,0.0
2011-03-30 19:00:00,B3820,0.977,0.0,0.0,36.33,0.977,5812.799999999999,6394.08,0.0
2011-03-30 20:00:00,B3820,0.215,0.0,0.0,36.33,0.215,5812.799999999999,6394.08,0.0
2011-03-30 21:00:00,B3820,0.214,0.0,0.0,36.33,0.214,5812.799999999999,6394.08,0.0
2011-03-30 22:00:00,B3820,0.214,0.0,0.0,36.33,0.214,5812.799999999999,6394.08,0.0
2011-03-30 23:00:00,B3820,0.119,0.0,0.0,36.33,0.119,5812.799999999999,6394.08,0.0
2011-03-31 00:00:00,B3820,2.519,2.4,0.0,36.33,2.519,5812.799999999999,6394.08,0.0
2011-03-31 01:00:00,B3820,2.519,2.4,0.0,36.33,2.519,5812.799999999999,6394.08,0.0
2011-03-31 02:00:00,B3820,2.519,2.4,0.0,36.33,2.519,5812.799999999999,6394.08,0.0
2011-03-31 03:00:00,B3820,2.519,2.4,0.0,36.33,2.519,5812.799999999999,6394.08,0.0
2011-03-31 04:00:00,B3820,2.519,2.4,0.0,36.33,2.519,5812.799999999999,6394.08,0.0
2011-03-31 05:00:00,B3820,0.214,0.0,0.0,36.33,0.214,5812.799999999999,6394.08,0.0
2011-03-31 06:00:00,B3820,0.787,0.0,0.0,36.33,0.787,5812.799999999999,6394.08,0.0
2011-03-31 07:00:00,B3820,0.215,0.0,0.5,36.33,-0.365,5812.799999999999,6394.08,0.58
2011-03-31 08:00:00,B3820,0.12,0.0,0.93,36.33,-0.87,5812.799999999999,6394.08,0.99
2011-03-31 09:00:00,B3820,0.12,0.0,1.36,36.33,-1.29,5812.799999999999,6394.08,1.41
2011-03-31 10:00:00,B3820,0.12,0.0,1.64,36.33,-1.5499999999999998,5812.799999999999,6394.08,1.67
2011-03-31 11:00:00,B3820,0.12,0.0,1.83,36.33,-1.73,5812.799999999999,6394.08,1.85
2011-03-31 12:00:00,B3820,0.786,0.0,1.9,36.33,-1.1239999999999999,5812.799999999999,6394.08,1.91
2011-03-31 13:00:00,B3820,0.214,0.0,1.86,36.33,-1.6560000000000001,5812.799999999999,6394.08,1.87
2011-03-31 14:00:00,B3820,0.119,0.0,1.69,36.33,-1.571,5812.799999999999,6394.08,1.69
2011-03-31 15:00:00,B3820,0.119,0.0,1.39,36.33,-1.281,5812.799999999999,6394.08,1.4
2011-03-31 16:00:00,B3820,0.119,0.0,1.0,36.33,-0.881,5812.799999999999,6394.08,1.0
2011-03-31 17:00:00,B3820,0.214,0.0,0.51,36.33,-0.29600000000000004,5812.799999999999,6394.08,0.51
2011-03-31 18:00:00,B3820,0.786,0.0,0.0,36.33,0.786,5812.799999999999,6394.08,0.0
2011-03-31 19:00:00,B3820,0.977,0.0,0.0,36.33,0.977,5812.799999999999,6394.08,0.0
2011-03-31 20:00:00,B3820,0.214,0.0,0.0,36.33,0.214,5812.799999999999,6394.08,0.0
2011-03-31 21:00:00,B3820,0.214,0.0,0.0,36.33,0.214,5812.799999999999,6394.08,0.0
2011-03-31 22:00:00,B3820,0.214,0.0,0.0,36.33,0.214,5812.799999999999,6394.08,0.0
2011-03-31 23:00:00,B3820,0.119,0.0,0.0,36.33,0.119,5812.799999999999,6394.08,0.0
2011-04-01 00:00:00,B3820,2.519,2.4,0.0,36.33,2.519,5812.799999999999,6394.08,0.0
2011-04-01 01:00:00,B3820,2.519,2.4,0.0,36.33,2.519,5812.799999999999,6394.08,0.0
2011-04-01 02:00:00,B3820,2.519,2.4,0.0,36.33,2.519,5812.799999999999,6394.08,0.0
2011-04-01 03:00:00,B3820,2.519,2.4,0.0,36.33,2.519,5812.799999999999,6394.08,0.0
2011-04-01 04:00:00,B3820,2.519,2.4,0.0,36.33,2.519,5812.799999999999,6394.08,0.0
2011-04-01 05:00:00,B3820,0.214,0.0,0.0,36.33,0.214,5812.799999999999,6394.08,0.0
2011-04-01 06:00:00,B3820,0.787,0.0,0.0,36.33,0.787,5812.799999999999,6394.08,0.0
2011-04-01 07:00:00,B3820,0.215,0.0,0.53,36.33,-0.365,5812.799999999999,6394.08,0.58
2011-04-01 08:00:00,B3820,0.12,0.0,1.07,36.33,-1.02,5812.799999999999,6394.08,1.14
2011-04-01 09:00:00,B3820,0.12,0.0,1.47,36.33,-1.42,5812.799999999999,6394.08,1.54
2011-04-01 10:00:00,B3820,0.12,0.0,1.75,36.33,-1.6800000000000002,5812.799999999999,6394.08,1.8
2011-04-01 11:00:00,B3820,0.12,0.0,1.83,36.33,-1.75,5812.799999999999,6394.08,1.87
2011-04-01 12:00:00,B3820,0.786,0.0,1.77,36.33,-1.004,5812.799999999999,6394.08,1.79
2011-04-01 13:00:00,B3820,0.215,0.0,1.54,36.33,-1.345,5812.799999999999,6394.08,1.56
2011-04-01 14:00:00,B3820,0.12,0.0,1.4,36.33,-1.29,5812.799999999999,6394.08,1.41
2011-04-01 15:00:00,B3820,0.12,0.0,1.35,36.33,-1.2400000000000002,5812.799999999999,6394.08,1.36
2011-04-01 16:00:00,B3820,0.12,0.0,1.06,36.33,-0.9500000000000001,5812.799999999999,6394.08,1.07
2011-04-01 17:00:00,B3820,0.215,0.0,0.55,36.33,-0.3350000000000001,5812.799999999999,6394.08,0.55
2011-04-01 18:00:00,B3820,0.786,0.0,0.0,36.33,0.786,5812.799999999999,6394.08,0.0
2011-04-01 19:00:00,B3820,0.977,0.0,0.0,36.33,0.977,5812.799999999999,6394.08,0.0
2011-04-01 20:00:00,B3820,0.215,0.0,0.0,36.33,0.215,5812.799999999999,6394.08,0.0
2011-04-01 21:00:00,B3820,0.214,0.0,0.0,36.33,0.214,5812.799999999999,6394.08,0.0
2011-04-01 22:00:00,B3820,0.214,0.0,0.0,36.33,0.214,5812.799999999999,6394.08,0.0
2011-04-01 23:00:00,B3820,0.119,0.0,0.0,36.33,0.119,5812.799999999999,6394.08,0.0
2011-04-02 00:00:00,B3820,0.119,0.0,0.0,36.33,0.119,5812.799999999999,6394.08,0.0
2011-04-02 01:00:00,B3820,0.119,0.0,0.0,36.33,0.119,5812.799999999999,6394.08,0.0
2011-04-02 02:00:00,B3820,0.119,0.0,0.0,36.33,0.119,5812.799999999999,6394.08,0.0
2011-04-02 03:00:00,B3820,0.119,0.0,0.0,36.33,0.119,5812.799999999999,6394.08,0.0
2011-04-02 04:00:00,B3820,0.119,0.0,0.0,36.33,0.119,5812.799999999999,6394.08,0.0
2011-04-02 05:00:00,B3820,0.214,0.0,0.0,36.33,0.214,5812.799999999999,6394.08,0.0
2011-04-02 06:00:00,B3820,0.787,0.0,0.0,36.33,0.787,5812.799999999999,6394.08,0.0
2011-04-02 07:00:00,B3820,0.215,0.0,0.58,36.33,-0.44500000000000006,5812.799999999999,6394.08,0.66
2011-04-02 08:00:00,B3820,2.52,2.4,1.03,36.33,1.43,5812.799999999999,6394.08,1.09
2011-04-02 09:00:00,B3820,2.52,2.4,1.46,36.33,1.01,5812.799999999999,6394.08,1.51
2011-04-02 10:00:00,B3820,2.52,2.4,1.73,36.33,0.76,5812.799999999999,6394.08,1.76
2011-04-02 11:00:00,B3820,2.52,2.4,1.91,36.33,0.6000000000000001,5812.799999999999,6394.08,1.92
2011-04-02 12:00:00,B3820,3.186,2.4,1.97,36.33,1.206,5812.799999999999,6394.08,1.98
2011-04-02 13:00:00,B3820,0.214,0.0,1.9,36.33,-1.696,5812.799999999999,6394.08,1.91
2011-04-02 14:00:00,B3820,0.12,0.0,1.73,36.33,-1.62,5812.799999999999,6394.08,1.74
2011-04-02 15:00:00,B3820,0.12,0.0,1.44,36.33,-1.3199999999999998,5812.799999999999,6394.08,1.44
2011-04-02 16:00:00,B3820,0.12,0.0,1.04,36.33,-0.92,5812.799999999999,6394.08,1.04
2011-04-02 17:00:00,B3820,0.215,0.0,0.54,36.33,-0.32500000000000007,5812.799999999999,6394.08,0.54
2011-04-02 18:00:00,B3820,0.786,0.0,0.0,36.33,0.786,5812.799999999999,6394.08,0.0
2011-04-02 19:00:00,B3820,0.977,0.0,0.0,36.33,0.977,5812.799999999999,6394.08,0.0
2011-04-02 20:00:00,B3820,0.215,0.0,0.0,36.33,0.215,5812.799999999999,6394.08,0.0
2011-04-02 21:00:00,B3820,0.214,0.0,0.0,36.33,0.214,5812.799999999999,6394.08,0.0
2011-04-02 22:00:00,B3820,0.214,0.0,0.0,36.33,0.214,5812.799999999999,6394.08,0.0
2011-04-02 23:00:00,B3820,0.119,0.0,0.0,36.33,0.119,5812.799999999999,6394.08,0.0
2011-04-03 00:00:00,B3820,0.119,0.0,0.0,36.33,0.119,5812.799999999999,6394.08,0.0
2011-04-03 01:00:00,B3820,0.119,0.0,0.0,36.33,0.119,5812.799999999999,6394.08,0.0
2011-04-03 02:00:00,B3820,0.119,0.0,0.0,36.33,0.119,5812.799999999999,6394.08,0.0
2011-04-03 03:00:00,B3820,0.119,0.0,0.0,36.33,0.119,5812.799999999999,6394.08,0.0
2011-04-03 04:00:00,B3820,0.119,0.0,0.0,36.33,0.119,5812.799999999999,6394.08,0.0
2011-04-03 05:00:00,B3820,0.214,0.0,0.0,36.33,0.214,5812.799999999999,6394.08,0.0
2011-04-03 06:00:00,B3820,0.787,0.0,0.0,36.33,0.787,5812.799999999999,6394.08,0.0
2011-04-03 07:00:00,B3820,0.215,0.0,0.62,36.33,-0.485,5812.799999999999,6394.08,0.7
2011-04-03 08:00:00,B3820,2.52,2.4,1.06,36.33,1.3900000000000001,5812.799999999999,6394.08,1.13
2011-04-03 09:00:00,B3820,2.52,2.4,1.48,36.33,0.99,5812.799999999999,6394.08,1.53
2011-04-03 10:00:00,B3820,2.52,2.4,1.76,36.33,0.73,5812.799999999999,6394.08,1.79
2011-04-03 11:00:00,B3820,2.52,2.4,1.93,36.33,0.5700000000000001,5812.799999999999,6394.08,1.95
2011-04-03 12:00:00,B3820,3.186,2.4,1.99,36.33,1.186,5812.799999999999,6394.08,2.0
2011-04-03 13:00:00,B3820,0.214,0.0,1.93,36.33,-1.726,5812.799999999999,6394.08,1.94
2011-04-03 14:00:00,B3820,0.119,0.0,1.75,36.33,-1.641,5812.799999999999,6394.08,1.76
2011-04-03 15:00:00,B3820,0.119,0.0,1.45,36.33,-1.341,5812.799999999999,6394.08,1.46
2011-04-03 16:00:00,B3820,0.119,0.0,1.05,36.33,-0.931,5812.799999999999,6394.08,1.05
2011-04-03 17:00:00,B3820,0.214,0.0,0.55,36.33,-0.3360000000000001,5812.799999999999,6394.08,0.55
2011-04-03 18:00:00,B3820,0.786,0.0,0.0,36.33,0.786,5812.799999999999,6394.08,0.0
2011-04-03 19:00:00,B3820,0.977,0.0,0.0,36.33,0.977,5812.799999999999,6394.08,0.0
2011-04-03 20:00:00,B3820,0.214,0.0,0.0,36.33,0.214,5812.799999999999,6394.08,0.0
2011-04-03 21:00:00,B3820,0.214,0.0,0.0,36.33,0.214,5812.799999999999,6394.08,0.0
2011-04-03 22:00:00,B3820,0.214,0.0,0.0,36.33,0.214,5812.799999999999,6394.08,0.0
2011-04-03 23:00:00,B3820,0.119,0.0,0.0,36.33,0.119,5812.799999999999,6394.08,0.0
2011-04-04 00:00:00,B3820,2.519,2.4,0.0,36.33,2.519,5812.799999999999,6394.08,0.0
2011-04-04 01:00:00,B3820,2.519,2.4,0.0,36.33,2.519,5812.799999999999,6394.08,0.0
2011-04-04 02:00:00,B3820,2.519,2.4,0.0,36.33,2.519,5812.799999999999,6394.08,0.0
2011-04-04 03:00:00,B3820,2.519,2.4,0.0,36.33,2.519,5812.799999999999,6394.08,0.0
2011-04-04 04:00:00,B3820,2.519,2.4,0.0,36.33,2.519,5812.799999999999,6394.08,0.0
2011-04-04 05:00:00,B3820,0.214,0.0,0.0,36.33,0.214,5812.799999999999,6394.08,0.0
2011-04-04 06:00:00,B3820,0.786,0.0,0.0,36.33,0.786,5812.799999999999,6394.08,0.0
2011-04-04 07:00:00,B3820,0.215,0.0,0.66,36.33,-0.535,5812.799999999999,6394.08,0.75
2011-04-04 08:00:00,B3820,0.12,0.0,1.1,36.33,-1.04,5812.799999999999,6394.08,1.16
2011-04-04 09:00:00,B3820,0.12,0.0,1.52,36.33,-1.4500000000000002,5812.799999999999,6394.08,1.57
2011-04-04 10:00:00,B3820,0.12,0.0,1.8,36.33,-1.71,5812.799999999999,6394.08,1.83
2011-04-04 11:00:00,B3820,0.119,0.0,1.98,36.33,-1.881,5812.799999999999,6394.08,2.0
2011-04-04 12:00:00,B3820,0.786,0.0,2.04,36.33,-1.2639999999999998,5812.799999999999,6394.08,2.05
2011-04-04 13:00:00,B3820,0.214,0.0,1.98,36.33,-1.766,5812.799999999999,6394.08,1.98
2011-04-04 14:00:00,B3820,0.119,0.0,1.79,36.33,-1.681,5812.799999999999,6394.08,1.8
2011-04-04 15:00:00,B3820,0.119,0.0,1.49,36.33,-1.381,5812.799999999999,6394.08,1.5
2011-04-04 16:00:00,B3820,0.119,0.0,1.1,36.33,-0.9810000000000001,5812.799999999999,6394.08,1.1
2011-04-04 17:00:00,B3820,0.214,0.0,0.59,36.33,-0.376,5812.799999999999,6394.08,0.59
2011-04-04 18:00:00,B3820,0.786,0.0,0.0,36.33,0.786,5812.799999999999,6394.08,0.0
2011-04-04 19:00:00,B3820,0.977,0.0,0.0,36.33,0.977,5812.799999999999,6394.08,0.0
2011-04-04 20:00:00,B3820,0.214,0.0,0.0,36.33,0.214,5812.799999999999,6394.08,0.0
2011-04-04 21:00:00,B3820,0.214,0.0,0.0,36.33,0.214,5812.799999999999,6394.08,0.0
2011-04-04 22:00:00,B3820,0.214,0.0,0.0,36.33,0.214,5812.799999999999,6394.08,0.0
2011-04-04 23:00:00,B3820,0.119,0.0,0.0,36.33,0.119,5812.799999999999,6394.08,0.0
2011-04-05 00:00:00,B3820,2.519,2.4,0.0,36.33,2.519,5812.799999999999,6394.08,0.0
2011-04-05 01:00:00,B3820,2.519,2.4,0.0,36.33,2.519,5812.799999999999,6394.08,0.0
2011-04-05 02:00:00,B3820,2.519,2.4,0.0,36.33,2.519,5812.799999999999,6394.08,0.0
2011-04-05 03:00:00,B3820,2.519,2.4,0.0,36.33,2.519,5812.799999999999,6394.08,0.0
2011-04-05 04:00:00,B3820,2.519,2.4,0.0,36.33,2.519,5812.799999999999,6394.08,0.0
2011-04-05 05:00:00,B3820,0.214,0.0,0.0,36.33,0.214,5812.799999999999,6394.08,0.0
2011-04-05 06:00:00,B3820,0.786,0.0,0.0,36.33,0.786,5812.799999999999,6394.08,0.0
2011-04-05 07:00:00,B3820,0.215,0.0,0.7,36.33,-0.5650000000000001,5812.799999999999,6394.08,0.78
2011-04-05 08:00:00,B3820,0.119,0.0,1.14,36.33,-1.081,5812.799999999999,6394.08,1.2
2011-04-05 09:00:00,B3820,0.119,0.0,1.54,36.33,-1.471,5812.799999999999,6394.08,1.59
2011-04-05 10:00:00,B3820,0.119,0.0,1.84,36.33,-1.7510000000000001,5812.799999999999,6394.08,1.87
2011-04-05 11:00:00,B3820,0.119,0.0,2.03,36.33,-1.921,5812.799999999999,6394.08,2.04
2011-04-05 12:00:00,B3820,0.786,0.0,2.09,36.33,-1.314,5812.799999999999,6394.08,2.1
2011-04-05 13:00:00,B3820,0.214,0.0,2.03,36.33,-1.8159999999999998,5812.799999999999,6394.08,2.03
2011-04-05 14:00:00,B3820,0.119,0.0,1.82,36.33,-1.711,5812.799999999999,6394.08,1.83
2011-04-05 15:00:00,B3820,0.119,0.0,1.52,36.33,-1.401,5812.799999999999,6394.08,1.52
2011-04-05 16:00:00,B3820,0.119,0.0,1.11,36.33,-0.9910000000000001,5812.799999999999,6394.08,1.11
2011-04-05 17:00:00,B3820,0.214,0.0,0.6,36.33,-0.386,5812.799999999999,6394.08,0.6
2011-04-05 18:00:00,B3820,0.786,0.0,0.0,36.33,0.786,5812.799999999999,6394.08,0.0
2011-04-05 19:00:00,B3820,0.977,0.0,0.0,36.33,0.977,5812.799999999999,6394.08,0.0
2011-04-05 20:00:00,B3820,0.214,0.0,0.0,36.33,0.214,5812.799999999999,6394.08,0.0
2011-04-05 21:00:00,B3820,0.214,0.0,0.0,36.33,0.214,5812.799999999999,6394.08,0.0
2011-04-05 22:00:00,B3820,0.214,0.0,0.0,36.33,0.214,5812.799999999999,6394.08,0.0
2011-04-05 23:00:00,B3820,0.119,0.0,0.0,36.33,0.119,5812.799999999999,6394.08,0.0
2011-04-06 00:00:00,B3820,2.519,2.4,0.0,36.33,2.519,5812.799999999999,6394.08,0.0
2011-04-06 01:00:00,B3820,2.519,2.4,0.0,36.33,2.519,5812.799999999999,6394.08,0.0
2011-04-06 02:00:00,B3820,2.519,2.4,0.0,36.33,2.519,5812.799999999999,6394.08,0.0
2011-04-06 03:00:00,B3820,2.519,2.4,0.0,36.33,2.519,5812.799999999999,6394.08,0.0
2011-04-06 04:00:00,B3820,2.519,2.4,0.0,36.33,2.519,5812.799999999999,6394.08,0.0
2011-04-06 05:00:00,B3820,0.214,0.0,0.0,36.33,0.214,5812.799999999999,6394.08,0.0
2011-04-06 06:00:00,B3820,0.786,0.0,0.0,36.33,0.786,5812.799999999999,6394.08,0.0
2011-04-06 07:00:00,B3820,0.215,0.0,0.75,36.33,-0.625,5812.799999999999,6394.08,0.84
2011-04-06 08:00:00,B3820,0.119,0.0,1.23,36.33,-1.181,5812.799999999999,6394.08,1.3
2011-04-06 09:00:00,B3820,0.119,0.0,1.67,36.33,-1.611,5812.799999999999,6394.08,1.73
2011-04-06 10:00:00,B3820,0.119,0.0,1.98,36.33,-1.901,5812.799999999999,6394.08,2.02
2011-04-06 11:00:00,B3820,0.119,0.0,2.09,36.33,-2.0010000000000003,5812.799999999999,6394.08,2.12
2011-04-06 12:00:00,B3820,0.786,0.0,2.04,36.33,-1.2839999999999998,5812.799999999999,6394.08,2.07
2011-04-06 13:00:00,B3820,0.214,0.0,1.94,36.33,-1.756,5812.799999999999,6394.08,1.97
2011-04-06 14:00:00,B3820,0.119,0.0,1.67,36.33,-1.571,5812.799999999999,6394.08,1.69
2011-04-06 15:00:00,B3820,0.119,0.0,1.41,36.33,-1.311,5812.799999999999,6394.08,1.43
2011-04-06 16:00:00,B3820,0.119,0.0,1.08,36.33,-0.9710000000000001,5812.799999999999,6394.08,1.09
2011-04-06 17:00:00,B3820,0.214,0.0,0.49,36.33,-0.276,5812.799999999999,6394.08,0.49
2011-04-06 18:00:00,B3820,0.786,0.0,0.0,36.33,0.786,5812.799999999999,6394.08,0.0
2011-04-06 19:00:00,B3820,0.977,0.0,0.0,36.33,0.977,5812.799999999999,6394.08,0.0
2011-04-06 20:00:00,B3820,0.214,0.0,0.0,36.33,0.214,5812.799999999999,6394.08,0.0
2011-04-06 21:00:00,B3820,0.214,0.0,0.0,36.33,0.214,5812.799999999999,6394.08,0.0
2011-04-06 22:00:00,B3820,0.214,0.0,0.0,36.33,0.214,5812.799999999999,6394.08,0.0
2011-04-06 23:00:00,B3820,0.119,0.0,0.0,36.33,0.119,5812.799999999999,6394.08,0.0
2011-04-07 00:00:00,B3820,2.519,2.4,0.0,36.33,2.519,5812.799999999999,6394.08,0.0
2011-04-07 01:00:00,B3820,2.519,2.4,0.0,36.33,2.519,5812.799999999999,6394.08,0.0
2011-04-07 02:00:00,B3820,2.519,2.4,0.0,36.33,2.519,5812.799999999999,6394.08,0.0
2011-04-07 03:00:00,B3820,2.519,2.4,0.0,36.33,2.519,5812.799999999999,6394.08,0.0
2011-04-07 04:00:00,B3820,2.519,2.4,0.0,36.33,2.519,5812.799999999999,6394.08,0.0
2011-04-07 05:00:00,B3820,0.214,0.0,0.0,36.33,0.214,5812.799999999999,6394.08,0.0
2011-04-07 06:00:00,B3820,0.786,0.0,0.0,36.33,0.786,5812.799999999999,6394.08,0.0
2011-04-07 07:00:00,B3820,0.215,0.0,0.75,36.33,-0.625,5812.799999999999,6394.08,0.84
2011-04-07 08:00:00,B3820,0.119,0.0,1.25,36.33,-1.201,5812.799999999999,6394.08,1.32
2011-04-07 09:00:00,B3820,0.119,0.0,1.64,36.33,-1.581,5812.799999999999,6394.08,1.7
2011-04-07 10:00:00,B3820,0.119,0.0,1.94,36.33,-1.851,5812.799999999999,6394.08,1.97
2011-04-07 11:00:00,B3820,0.119,0.0,2.15,36.33,-2.051,5812.799999999999,6394.08,2.17
2011-04-07 12:00:00,B3820,0.786,0.0,2.25,36.33,-1.4739999999999998,5812.799999999999,6394.08,2.26
2011-04-07 13:00:00,B3820,0.214,0.0,2.14,36.33,-1.936,5812.799999999999,6394.08,2.15
2011-04-07 14:00:00,B3820,0.119,0.0,1.92,36.33,-1.811,5812.799999999999,6394.08,1.93
2011-04-07 15:00:00,B3820,0.119,0.0,1.58,36.33,-1.471,5812.799999999999,6394.08,1.59
2011-04-07 16:00:00,B3820,0.119,0.0,1.14,36.33,-1.031,5812.799999999999,6394.08,1.15
2011-04-07 17:00:00,B3820,0.214,0.0,0.6,36.33,-0.386,5812.799999999999,6394.08,0.6
2011-04-07 18:00:00,B3820,0.786,0.0,0.0,36.33,0.786,5812.799999999999,6394.08,0.0
2011-04-07 19:00:00,B3820,0.977,0.0,0.0,36.33,0.977,5812.799999999999,6394.08,0.0
2011-04-07 20:00:00,B3820,0.214,0.0,0.0,36.33,0.214,5812.799999999999,6394.08,0.0
2011-04-07 21:00:00,B3820,0.214,0.0,0.0,36.33,0.214,5812.799999999999,6394.08,0.0
2011-04-07 22:00:00,B3820,0.214,0.0,0.0,36.33,0.214,5812.799999999999,6394.08,0.0
2011-04-07 23:00:00,B3820,0.119,0.0,0.0,36.33,0.119,5812.799999999999,6394.08,0.0
2011-04-08 00:00:00,B3820,2.519,2.4,0.0,36.33,2.519,5812.799999999999,6394.08,0.0
2011-04-08 01:00:00,B3820,2.519,2.4,0.0,36.33,2.519,5812.799999999999,6394.08,0.0
2011-04-08 02:00:00,B3820,2.519,2.4,0.0,36.33,2.519,5812.799999999999,6394.08,0.0
2011-04-08 03:00:00,B3820,2.519,2.4,0.0,36.33,2.519,5812.799999999999,6394.08,0.0
2011-04-08 04:00:00,B3820,2.519,2.4,0.0,36.33,2.519,5812.799999999999,6394.08,0.0
2011-04-08 05:00:00,B3820,0.214,0.0,0.0,36.33,0.214,5812.799999999999,6394.08,0.0
2011-04-08 06:00:00,B3820,0.786,0.0,0.0,36.33,0.786,5812.799999999999,6394.08,0.0
2011-04-08 07:00:00,B3820,0.215,0.0,0.38,36.33,-0.19499999999999998,5812.799999999999,6394.08,0.41
2011-04-08 08:00:00,B3820,0.119,0.0,0.94,36.33,-0.881,5812.799999999999,6394.08,1.0
2011-04-08 09:00:00,B3820,0.119,0.0,1.43,36.33,-1.381,5812.799999999999,6394.08,1.5
2011-04-08 10:00:00,B3820,0.119,0.0,1.47,36.33,-1.401,5812.799999999999,6394.08,1.52
2011-04-08 11:00:00,B3820,0.119,0.0,1.62,36.33,-1.531,5812.799999999999,6394.08,1.65
2011-04-08 12:00:00,B3820,0.786,0.0,1.89,36.33,-1.1139999999999999,5812.799999999999,6394.08,1.9
2011-04-08 13:00:00,B3820,0.214,0.0,1.9,36.33,-1.696,5812.799999999999,6394.08,1.91
2011-04-08 14:00:00,B3820,0.119,0.0,1.57,36.33,-1.461,5812.799999999999,6394.08,1.58
2011-04-08 15:00:00,B3820,0.119,0.0,1.13,36.33,-1.021,5812.799999999999,6394.08,1.14
2011-04-08 16:00:00,B3820,0.119,0.0,0.75,36.33,-0.651,5812.799999999999,6394.08,0.77
2011-04-08 17:00:00,B3820,0.214,0.0,0.44,36.33,-0.226,5812.799999999999,6394.08,0.44
2011-04-08 18:00:00,B3820,0.786,0.0,0.0,36.33,0.786,5812.799999999999,6394.08,0.0
2011-04-08 19:00:00,B3820,0.977,0.0,0.0,36.33,0.977,5812.799999999999,6394.08,0.0
2011-04-08 20:00:00,B3820,0.214,0.0,0.0,36.33,0.214,5812.799999999999,6394.08,0.0
2011-04-08 21:00:00,B3820,0.214,0.0,0.0,36.33,0.214,5812.799999999999,6394.08,0.0
2011-04-08 22:00:00,B3820,0.214,0.0,0.0,36.33,0.214,5812.799999999999,6394.08,0.0
2011-04-08 23:00:00,B3820,0.119,0.0,0.0,36.33,0.119,5812.799999999999,6394.08,0.0
2011-04-09 00:00:00,B3820,0.119,0.0,0.0,36.33,0.119,5812.799999999999,6394.08,0.0
2011-04-09 01:00:00,B3820,0.119,0.0,0.0,36.33,0.119,5812.799999999999,6394.08,0.0
2011-04-09 02:00:00,B3820,0.119,0.0,0.0,36.33,0.119,5812.799999999999,6394.08,0.0
2011-04-09 03:00:00,B3820,0.119,0.0,0.0,36.33,0.119,5812.799999999999,6394.08,0.0
2011-04-09 04:00:00,B3820,0.119,0.0,0.0,36.33,0.119,5812.799999999999,6394.08,0.0
2011-04-09 05:00:00,B3820,0.214,0.0,0.0,36.33,0.214,5812.799999999999,6394.08,0.0
2011-04-09 06:00:00,B3820,0.786,0.0,0.0,36.33,0.786,5812.799999999999,6394.08,0.0
2011-04-09 07:00:00,B3820,0.214,0.0,0.6,36.33,-0.43600000000000005,5812.799999999999,6394.08,0.65
2011-04-09 08:00:00,B3820,2.519,2.4,0.65,36.33,1.8290000000000002,5812.799999999999,6394.08,0.69
2011-04-09 09:00:00,B3820,2.519,2.4,0.64,36.33,1.859,5812.799999999999,6394.08,0.66
2011-04-09 10:00:00,B3820,2.519,2.4,0.98,36.33,1.499,5812.799999999999,6394.08,1.02
2011-04-09 11:00:00,B3820,2.519,2.4,1.03,36.33,1.469,5812.799999999999,6394.08,1.05
2011-04-09 12:00:00,B3820,3.186,2.4,0.77,36.33,2.396,5812.799999999999,6394.08,0.79
2011-04-09 13:00:00,B3820,0.214,0.0,0.81,36.33,-0.616,5812.799999999999,6394.08,0.83
2011-04-09 14:00:00,B3820,0.119,0.0,1.04,36.33,-0.9410000000000001,5812.799999999999,6394.08,1.06
2011-04-09 15:00:00,B3820,0.119,0.0,1.01,36.33,-0.911,5812.799999999999,6394.08,1.03
2011-04-09 16:00:00,B3820,0.119,0.0,0.67,36.33,-0.571,5812.799999999999,6394.08,0.69
2011-04-09 17:00:00,B3820,0.214,0.0,0.36,36.33,-0.146,5812.799999999999,6394.08,0.36
2011-04-09 18:00:00,B3820,0.786,0.0,0.0,36.33,0.786,5812.799999999999,6394.08,0.0
2011-04-09 19:00:00,B3820,0.977,0.0,0.0,36.33,0.977,5812.799999999999,6394.08,0.0
2011-04-09 20:00:00,B3820,0.214,0.0,0.0,36.33,0.214,5812.799999999999,6394.08,0.0
2011-04-09 21:00:00,B3820,0.214,0.0,0.0,36.33,0.214,5812.799999999999,6394.08,0.0
2011-04-09 22:00:00,B3820,0.214,0.0,0.0,36.33,0.214,5812.799999999999,6394.08,0.0
2011-04-09 23:00:00,B3820,0.119,0.0,0.0,36.33,0.119,5812.799999999999,6394.08,0.0
2011-04-10 00:00:00,B3820,0.119,0.0,0.0,36.33,0.119,5812.799999999999,6394.08,0.0
2011-04-10 01:00:00,B3820,0.119,0.0,0.0,36.33,0.119,5812.799999999999,6394.08,0.0
2011-04-10 02:00:00,B3820,0.119,0.0,0.0,36.33,0.119,5812.799999999999,6394.08,0.0
2011-04-10 03:00:00,B3820,0.119,0.0,0.0,36.33,0.119,5812.799999999999,6394.08,0.0
2011-04-10 04:00:00,B3820,0.119,0.0,0.0,36.33,0.119,5812.799999999999,6394.08,0.0
2011-04-10 05:00:00,B3820,0.214,0.0,0.0,36.33,0.214,5812.799999999999,6394.08,0.0
2011-04-10 06:00:00,B3820,0.786,0.0,0.0,36.33,0.786,5812.799999999999,6394.08,0.0
2011-04-10 07:00:00,B3820,0.214,0.0,0.46,36.33,-0.28600000000000003,5812.799999999999,6394.08,0.5
2011-04-10 08:00:00,B3820,2.519,2.4,0.92,36.33,1.5490000000000002,5812.799999999999,6394.08,0.97
2011-04-10 09:00:00,B3820,2.519,2.4,1.35,36.33,1.1090000000000002,5812.799999999999,6394.08,1.41
2011-04-10 10:00:00,B3820,2.519,2.4,1.56,36.33,0.919,5812.799999999999,6394.08,1.6
2011-04-10 11:00:00,B3820,2.519,2.4,1.79,36.33,0.6990000000000001,5812.799999999999,6394.08,1.82
2011-04-10 12:00:00,B3820,3.186,2.4,2.01,36.33,1.146,5812.799999999999,6394.08,2.04
2011-04-10 13:00:00,B3820,0.214,0.0,1.82,36.33,-1.6260000000000001,5812.799999999999,6394.08,1.84
2011-04-10 14:00:00,B3820,0.119,0.0,1.49,36.33,-1.391,5812.799999999999,6394.08,1.51
2011-04-10 15:00:00,B3820,0.119,0.0,1.14,36.33,-1.031,5812.799999999999,6394.08,1.15
2011-04-10 16:00:00,B3820,0.119,0.0,0.73,36.33,-0.621,5812.799999999999,6394.08,0.74
2011-04-10 17:00:00,B3820,0.214,0.0,0.34,36.33,-0.12600000000000003,5812.799999999999,6394.08,0.34
2011-04-10 18:00:00,B3820,0.786,0.0,0.0,36.33,0.786,5812.799999999999,6394.08,0.0
2011-04-10 19:00:00,B3820,0.977,0.0,0.0,36.33,0.977,5812.799999999999,6394.08,0.0
2011-04-10 20:00:00,B3820,0.214,0.0,0.0,36.33,0.214,5812.799999999999,6394.08,0.0
2011-04-10 21:00:00,B3820,0.214,0.0,0.0,36.33,0.214,5812.799999999999,6394.08,0.0
2011-04-10 22:00:00,B3820,0.214,0.0,0.0,36.33,0.214,5812.799999999999,6394.08,0.0
2011-04-10 23:00:00,B3820,0.119,0.0,0.0,36.33,0.119,5812.799999999999,6394.08,0.0
2011-04-11 00:00:00,B3820,2.519,2.4,0.0,36.33,2.519,5812.799999999999,6394.08,0.0
2011-04-11 01:00:00,B3820,2.519,2.4,0.0,36.33,2.519,5812.799999999999,6394.08,0.0
2011-04-11 02:00:00,B3820,2.519,2.4,0.0,36.33,2.519,5812.799999999999,6394.08,0.0
2011-04-11 03:00:00,B3820,2.519,2.4,0.0,36.33,2.519,5812.799999999999,6394.08,0.0
2011-04-11 04:00:00,B3820,2.519,2.4,0.0,36.33,2.519,5812.799999999999,6394.08,0.0
2011-04-11 05:00:00,B3820,0.214,0.0,0.0,36.33,0.214,5812.799999999999,6394.08,0.0
2011-04-11 06:00:00,B3820,0.786,0.0,0.0,36.33,0.786,5812.799999999999,6394.08,0.0
2011-04-11 07:00:00,B3820,0.215,0.0,0.43,36.33,-0.255,5812.799999999999,6394.08,0.47
2011-04-11 08:00:00,B3820,0.119,0.0,0.98,36.33,-0.921,5812.799999999999,6394.08,1.04
2011-04-11 09:00:00,B3820,0.119,0.0,1.41,36.33,-1.341,5812.799999999999,6394.08,1.46
2011-04-11 10:00:00,B3820,0.119,0.0,1.61,36.33,-1.531,5812.799999999999,6394.08,1.65
2011-04-11 11:00:00,B3820,0.119,0.0,2.05,36.33,-1.9509999999999998,5812.799999999999,6394.08,2.07
2011-04-11 12:00:00,B3820,0.786,0.0,2.21,36.33,-1.4540000000000002,5812.799999999999,6394.08,2.24
2011-04-11 13:00:00,B3820,0.214,0.0,1.73,36.33,-1.536,5812.799999999999,6394.08,1.75
2011-04-11 14:00:00,B3820,0.12,0.0,1.44,36.33,-1.33,5812.799999999999,6394.08,1.45
2011-04-11 15:00:00,B3820,0.12,0.0,1.44,36.33,-1.33,5812.799999999999,6394.08,1.45
2011-04-11 16:00:00,B3820,0.12,0.0,0.94,36.33,-0.82,5812.799999999999,6394.08,0.94
2011-04-11 17:00:00,B3820,0.215,0.0,0.41,36.33,-0.19499999999999998,5812.799999999999,6394.08,0.41
2011-04-11 18:00:00,B3820,0.786,0.0,0.0,36.33,0.786,5812.799999999999,6394.08,0.0
2011-04-11 19:00:00,B3820,0.977,0.0,0.0,36.33,0.977,5812.799999999999,6394.08,0.0
2011-04-11 20:00:00,B3820,0.215,0.0,0.0,36.33,0.215,5812.799999999999,6394.08,0.0
2011-04-11 21:00:00,B3820,0.214,0.0,0.0,36.33,0.214,5812.799999999999,6394.08,0.0
2011-04-11 22:00:00,B3820,0.214,0.0,0.0,36.33,0.214,5812.799999999999,6394.08,0.0
2011-04-11 23:00:00,B3820,0.119,0.0,0.0,36.33,0.119,5812.799999999999,6394.08,0.0
2011-04-12 00:00:00,B3820,2.519,2.4,0.0,36.33,2.519,5812.799999999999,6394.08,0.0
2011-04-12 01:00:00,B3820,2.519,2.4,0.0,36.33,2.519,5812.799999999999,6394.08,0.0
2011-04-12 02:00:00,B3820,2.519,2.4,0.0,36.33,2.519,5812.799999999999,6394.08,0.0
2011-04-12 03:00:00,B3820,2.519,2.4,0.0,36.33,2.519,5812.799999999999,6394.08,0.0
2011-04-12 04:00:00,B3820,2.519,2.4,0.0,36.33,2.519,5812.799999999999,6394.08,0.0
2011-04-12 05:00:00,B3820,0.214,0.0,0.0,36.33,0.214,5812.799999999999,6394.08,0.0
2011-04-12 06:00:00,B3820,0.787,0.0,0.0,36.33,0.787,5812.799999999999,6394.08,0.0
2011-04-12 07:00:00,B3820,0.215,0.0,0.77,36.33,-0.645,5812.799999999999,6394.08,0.86
2011-04-12 08:00:00,B3820,0.12,0.0,1.2,36.33,-1.15,5812.799999999999,6394.08,1.27
2011-04-12 09:00:00,B3820,0.12,0.0,1.61,36.33,-1.54,5812.799999999999,6394.08,1.66
2011-04-12 10:00:00,B3820,0.12,0.0,1.83,36.33,-1.75,5812.799999999999,6394.08,1.87
2011-04-12 11:00:00,B3820,0.12,0.0,2.01,36.33,-1.9099999999999997,5812.799999999999,6394.08,2.03
2011-04-12 12:00:00,B3820,0.786,0.0,2.12,36.33,-1.3439999999999999,5812.799999999999,6394.08,2.13
2011-04-12 13:00:00,B3820,0.215,0.0,2.03,36.33,-1.825,5812.799999999999,6394.08,2.04
2011-04-12 14:00:00,B3820,0.12,0.0,1.77,36.33,-1.65,5812.799999999999,6394.08,1.77
2011-04-12 15:00:00,B3820,0.12,0.0,1.55,36.33,-1.44,5812.799999999999,6394.08,1.56
2011-04-12 16:00:00,B3820,0.12,0.0,1.19,36.33,-1.08,5812.799999999999,6394.08,1.2
2011-04-12 17:00:00,B3820,0.215,0.0,0.65,36.33,-0.43500000000000005,5812.799999999999,6394.08,0.65
2011-04-12 18:00:00,B3820,0.786,0.0,0.0,36.33,0.786,5812.799999999999,6394.08,0.0
2011-04-12 19:00:00,B3820,0.977,0.0,0.0,36.33,0.977,5812.799999999999,6394.08,0.0
2011-04-12 20:00:00,B3820,0.215,0.0,0.0,36.33,0.215,5812.799999999999,6394.08,0.0
2011-04-12 21:00:00,B3820,0.214,0.0,0.0,36.33,0.214,5812.799999999999,6394.08,0.0
2011-04-12 22:00:00,B3820,0.214,0.0,0.0,36.33,0.214,5812.799999999999,6394.08,0.0
2011-04-12 23:00:00,B3820,0.119,0.0,0.0,36.33,0.119,5812.799999999999,6394.08,0.0
2011-04-13 00:00:00,B3820,2.519,2.4,0.0,36.33,2.519,5812.799999999999,6394.08,0.0
2011-04-13 01:00:00,B3820,2.519,2.4,0.0,36.33,2.519,5812.799999999999,6394.08,0.0
2011-04-13 02:00:00,B3820,2.519,2.4,0.0,36.33,2.519,5812.799999999999,6394.08,0.0
2011-04-13 03:00:00,B3820,2.519,2.4,0.0,36.33,2.519,5812.799999999999,6394.08,0.0
2011-04-13 04:00:00,B3820,2.519,2.4,0.0,36.33,2.519,5812.799999999999,6394.08,0.0
2011-04-13 05:00:00,B3820,0.214,0.0,0.0,36.33,0.214,5812.799999999999,6394.08,0.0
2011-04-13 06:00:00,B3820,0.787,0.0,0.0,36.33,0.787,5812.799999999999,6394.08,0.0
2011-04-13 07:00:00,B3820,0.215,0.0,0.89,36.33,-0.775,5812.799999999999,6394.08,0.99
2011-04-13 08:00:00,B3820,0.12,0.0,1.39,36.33,-1.3399999999999999,5812.799999999999,6394.08,1.46
2011-04-13 09:00:00,B3820,0.12,0.0,1.7,36.33,-1.63,5812.799999999999,6394.08,1.75
2011-04-13 10:00:00,B3820,0.12,0.0,2.02,36.33,-1.9499999999999997,5812.799999999999,6394.08,2.07
2011-04-13 11:00:00,B3820,0.12,0.0,2.31,36.33,-2.2199999999999998,5812.799999999999,6394.08,2.34
2011-04-13 12:00:00,B3820,0.786,0.0,2.38,36.33,-1.6139999999999999,5812.799999999999,6394.08,2.4
2011-04-13 13:00:00,B3820,0.215,0.0,2.32,36.33,-2.125,5812.799999999999,6394.08,2.34
2011-04-13 14:00:00,B3820,0.12,0.0,2.04,36.33,-1.9299999999999997,5812.799999999999,6394.08,2.05
2011-04-13 15:00:00,B3820,0.12,0.0,1.6,36.33,-1.4900000000000002,5812.799999999999,6394.08,1.61
2011-04-13 16:00:00,B3820,0.12,0.0,1.11,36.33,-1.0,5812.799999999999,6394.08,1.12
2011-04-13 17:00:00,B3820,0.215,0.0,0.57,36.33,-0.355,5812.799999999999,6394.08,0.57
2011-04-13 18:00:00,B3820,0.787,0.0,0.0,36.33,0.787,5812.799999999999,6394.08,0.0
2011-04-13 19:00:00,B3820,0.977,0.0,0.0,36.33,0.977,5812.799999999999,6394.08,0.0
2011-04-13 20:00:00,B3820,0.215,0.0,0.0,36.33,0.215,5812.799999999999,6394.08,0.0
2011-04-13 21:00:00,B3820,0.214,0.0,0.0,36.33,0.214,5812.799999999999,6394.08,0.0
2011-04-13 22:00:00,B3820,0.214,0.0,0.0,36.33,0.214,5812.799999999999,6394.08,0.0
2011-04-13 23:00:00,B3820,0.119,0.0,0.0,36.33,0.119,5812.799999999999,6394.08,0.0
2011-04-14 00:00:00,B3820,2.519,2.4,0.0,36.33,2.519,5812.799999999999,6394.08,0.0
2011-04-14 01:00:00,B3820,2.519,2.4,0.0,36.33,2.519,5812.799999999999,6394.08,0.0
2011-04-14 02:00:00,B3820,2.519,2.4,0.0,36.33,2.519,5812.799999999999,6394.08,0.0
2011-04-14 03:00:00,B3820,2.519,2.4,0.0,36.33,2.519,5812.799999999999,6394.08,0.0
2011-04-14 04:00:00,B3820,2.519,2.4,0.0,36.33,2.519,5812.799999999999,6394.08,0.0
2011-04-14 05:00:00,B3820,0.214,0.0,0.0,36.33,0.214,5812.799999999999,6394.08,0.0
2011-04-14 06:00:00,B3820,0.787,0.0,0.0,36.33,0.787,5812.799999999999,6394.08,0.0
2011-04-14 07:00:00,B3820,0.215,0.0,0.91,36.33,-0.795,5812.799999999999,6394.08,1.01
2011-04-14 08:00:00,B3820,0.12,0.0,1.35,36.33,-1.2999999999999998,5812.799999999999,6394.08,1.42
2011-04-14 09:00:00,B3820,0.12,0.0,1.71,36.33,-1.6400000000000001,5812.799999999999,6394.08,1.76
2011-04-14 10:00:00,B3820,0.12,0.0,2.01,36.33,-1.92,5812.799999999999,6394.08,2.04
2011-04-14 11:00:00,B3820,0.12,0.0,2.18,36.33,-2.08,5812.799999999999,6394.08,2.2
2011-04-14 12:00:00,B3820,0.786,0.0,2.2,36.33,-1.4340000000000002,5812.799999999999,6394.08,2.22
2011-04-14 13:00:00,B3820,0.215,0.0,2.08,36.33,-1.8749999999999998,5812.799999999999,6394.08,2.09
2011-04-14 14:00:00,B3820,0.12,0.0,1.9,36.33,-1.79,5812.799999999999,6394.08,1.91
2011-04-14 15:00:00,B3820,0.12,0.0,1.61,36.33,-1.5,5812.799999999999,6394.08,1.62
2011-04-14 16:00:00,B3820,0.12,0.0,1.2,36.33,-1.08,5812.799999999999,6394.08,1.2
2011-04-14 17:00:00,B3820,0.215,0.0,0.68,36.33,-0.4650000000000001,5812.799999999999,6394.08,0.68
2011-04-14 18:00:00,B3820,0.786,0.0,0.0,36.33,0.786,5812.799999999999,6394.08,0.0
2011-04-14 19:00:00,B3820,0.977,0.0,0.0,36.33,0.977,5812.799999999999,6394.08,0.0
2011-04-14 20:00:00,B3820,0.215,0.0,0.0,36.33,0.215,5812.799999999999,6394.08,0.0
2011-04-14 21:00:00,B3820,0.214,0.0,0.0,36.33,0.214,5812.799999999999,6394.08,0.0
2011-04-14 22:00:00,B3820,0.214,0.0,0.0,36.33,0.214,5812.799999999999,6394.08,0.0
2011-04-14 23:00:00,B3820,0.119,0.0,0.0,36.33,0.119,5812.799999999999,6394.08,0.0
2011-04-15 00:00:00,B3820,2.519,2.4,0.0,36.33,2.519,5812.799999999999,6394.08,0.0
2011-04-15 01:00:00,B3820,2.519,2.4,0.0,36.33,2.519,5812.799999999999,6394.08,0.0
2011-04-15 02:00:00,B3820,2.519,2.4,0.0,36.33,2.519,5812.799999999999,6394.08,0.0
2011-04-15 03:00:00,B3820,2.519,2.4,0.0,36.33,2.519,5812.799999999999,6394.08,0.0
2011-04-15 04:00:00,B3820,2.519,2.4,0.0,36.33,2.519,5812.799999999999,6394.08,0.0
2011-04-15 05:00:00,B3820,0.214,0.0,0.0,36.33,0.214,5812.799999999999,6394.08,0.0
2011-04-15 06:00:00,B3820,0.787,0.0,0.0,36.33,0.787,5812.799999999999,6394.08,0.0
2011-04-15 07:00:00,B3820,0.215,0.0,1.07,36.33,-0.975,5812.799999999999,6394.08,1.19
2011-04-15 08:00:00,B3820,0.12,0.0,1.58,36.33,-1.5299999999999998,5812.799999999999,6394.08,1.65
2011-04-15 09:00:00,B3820,0.12,0.0,1.97,36.33,-1.9,5812.799999999999,6394.08,2.02
2011-04-15 10:00:00,B3820,0.12,0.0,2.24,36.33,-2.15,5812.799999999999,6394.08,2.27
2011-04-15 11:00:00,B3820,0.12,0.0,2.41,36.33,-2.3,5812.799999999999,6394.08,2.42
2011-04-15 12:00:00,B3820,0.786,0.0,2.45,36.33,-1.674,5812.799999999999,6394.08,2.46
2011-04-15 13:00:00,B3820,0.215,0.0,2.36,36.33,-2.1550000000000002,5812.799999999999,6394.08,2.37
2011-04-15 14:00:00,B3820,0.12,0.0,2.18,36.33,-2.06,5812.799999999999,6394.08,2.18
2011-04-15 15:00:00,B3820,0.12,0.0,1.85,36.33,-1.7400000000000002,5812.799999999999,6394.08,1.86
2011-04-15 16:00:00,B3820,0.12,0.0,1.39,36.33,-1.2799999999999998,5812.799999999999,6394.08,1.4
2011-04-15 17:00:00,B3820,0.215,0.0,0.82,36.33,-0.605,5812.799999999999,6394.08,0.82
2011-04-15 18:00:00,B3820,0.786,0.0,0.0,36.33,0.786,5812.799999999999,6394.08,0.0
2011-04-15 19:00:00,B3820,0.977,0.0,0.0,36.33,0.977,5812.799999999999,6394.08,0.0
2011-04-15 20:00:00,B3820,0.215,0.0,0.0,36.33,0.215,5812.799999999999,6394.08,0.0
2011-04-15 21:00:00,B3820,0.214,0.0,0.0,36.33,0.214,5812.799999999999,6394.08,0.0
2011-04-15 22:00:00,B3820,0.214,0.0,0.0,36.33,0.214,5812.799999999999,6394.08,0.0
2011-04-15 23:00:00,B3820,0.119,0.0,0.0,36.33,0.119,5812.799999999999,6394.08,0.0
2011-04-16 00:00:00,B3820,0.119,0.0,0.0,36.33,0.119,5812.799999999999,6394.08,0.0
2011-04-16 01:00:00,B3820,0.119,0.0,0.0,36.33,0.119,5812.799999999999,6394.08,0.0
2011-04-16 02:00:00,B3820,0.119,0.0,0.0,36.33,0.119,5812.799999999999,6394.08,0.0
2011-04-16 03:00:00,B3820,0.119,0.0,0.0,36.33,0.119,5812.799999999999,6394.08,0.0
2011-04-16 04:00:00,B3820,0.119,0.0,0.0,36.33,0.119,5812.799999999999,6394.08,0.0
2011-04-16 05:00:00,B3820,0.214,0.0,0.0,36.33,0.214,5812.799999999999,6394.08,0.0
2011-04-16 06:00:00,B3820,0.787,0.0,0.0,36.33,0.787,5812.799999999999,6394.08,0.0
2011-04-16 07:00:00,B3820,0.215,0.0,0.94,36.33,-0.795,5812.799999999999,6394.08,1.01
2011-04-16 08:00:00,B3820,2.52,2.4,1.49,36.33,0.95,5812.799999999999,6394.08,1.57
2011-04-16 09:00:00,B3820,2.52,2.4,1.93,36.33,0.5100000000000002,5812.799999999999,6394.08,2.01
2011-04-16 10:00:00,B3820,2.52,2.4,2.19,36.33,0.27,5812.799999999999,6394.08,2.25
2011-04-16 11:00:00,B3820,2.52,2.4,2.33,36.33,0.1499999999999999,5812.799999999999,6394.08,2.37
2011-04-16 12:00:00,B3820,3.186,2.4,2.39,36.33,0.766,5812.799999999999,6394.08,2.42
2011-04-16 13:00:00,B3820,0.215,0.0,2.29,36.33,-2.095,5812.799999999999,6394.08,2.31
2011-04-16 14:00:00,B3820,0.12,0.0,2.06,36.33,-1.96,5812.799999999999,6394.08,2.08
2011-04-16 15:00:00,B3820,0.12,0.0,1.65,36.33,-1.5499999999999998,5812.799999999999,6394.08,1.67
2011-04-16 16:00:00,B3820,0.12,0.0,1.1,36.33,-0.9900000000000001,5812.799999999999,6394.08,1.11
2011-04-16 17:00:00,B3820,0.215,0.0,0.56,36.33,-0.3450000000000001,5812.799999999999,6394.08,0.56
2011-04-16 18:00:00,B3820,0.786,0.0,0.0,36.33,0.786,5812.799999999999,6394.08,0.0
2011-04-16 19:00:00,B3820,0.977,0.0,0.0,36.33,0.977,5812.799999999999,6394.08,0.0
2011-04-16 20:00:00,B3820,0.215,0.0,0.0,36.33,0.215,5812.799999999999,6394.08,0.0
2011-04-16 21:00:00,B3820,0.214,0.0,0.0,36.33,0.214,5812.799999999999,6394.08,0.0
2011-04-16 22:00:00,B3820,0.214,0.0,0.0,36.33,0.214,5812.799999999999,6394.08,0.0
2011-04-16 23:00:00,B3820,0.119,0.0,0.0,36.33,0.119,5812.799999999999,6394.08,0.0
2011-04-17 00:00:00,B3820,0.119,0.0,0.0,36.33,0.119,5812.799999999999,6394.08,0.0
2011-04-17 01:00:00,B3820,0.119,0.0,0.0,36.33,0.119,5812.799999999999,6394.08,0.0
2011-04-17 02:00:00,B3820,0.119,0.0,0.0,36.33,0.119,5812.799999999999,6394.08,0.0
2011-04-17 03:00:00,B3820,0.119,0.0,0.0,36.33,0.119,5812.799999999999,6394.08,0.0
2011-04-17 04:00:00,B3820,0.119,0.0,0.0,36.33,0.119,5812.799999999999,6394.08,0.0
2011-04-17 05:00:00,B3820,0.214,0.0,0.0,36.33,0.214,5812.799999999999,6394.08,0.0
2011-04-17 06:00:00,B3820,0.787,0.0,0.0,36.33,0.787,5812.799999999999,6394.08,0.0
2011-04-17 07:00:00,B3820,0.215,0.0,1.12,36.33,-1.035,5812.799999999999,6394.08,1.25
2011-04-17 08:00:00,B3820,2.52,2.4,1.62,36.33,0.8300000000000001,5812.799999999999,6394.08,1.69
2011-04-17 09:00:00,B3820,2.52,2.4,1.98,36.33,0.48,5812.799999999999,6394.08,2.04
2011-04-17 10:00:00,B3820,2.52,2.4,2.22,36.33,0.26000000000000023,5812.799999999999,6394.08,2.26
2011-04-17 11:00:00,B3820,2.52,2.4,2.38,36.33,0.1200000000000001,5812.799999999999,6394.08,2.4
2011-04-17 12:00:00,B3820,3.186,2.4,2.42,36.33,0.746,5812.799999999999,6394.08,2.44
2011-04-17 13:00:00,B3820,0.215,0.0,2.22,36.33,-2.0250000000000004,5812.799999999999,6394.08,2.24
2011-04-17 14:00:00,B3820,0.12,0.0,1.82,36.33,-1.73,5812.799999999999,6394.08,1.85
2011-04-17 15:00:00,B3820,0.12,0.0,1.23,36.33,-1.13,5812.799999999999,6394.08,1.25
2011-04-17 16:00:00,B3820,0.12,0.0,0.69,36.33,-0.59,5812.799999999999,6394.08,0.71
2011-04-17 17:00:00,B3820,0.215,0.0,0.28,36.33,-0.06500000000000003,5812.799999999999,6394.08,0.28
2011-04-17 18:00:00,B3820,0.786,0.0,0.0,36.33,0.786,5812.799999999999,6394.08,0.0
2011-04-17 19:00:00,B3820,0.977,0.0,0.0,36.33,0.977,5812.799999999999,6394.08,0.0
2011-04-17 20:00:00,B3820,0.215,0.0,0.0,36.33,0.215,5812.799999999999,6394.08,0.0
2011-04-17 21:00:00,B3820,0.214,0.0,0.0,36.33,0.214,5812.799999999999,6394.08,0.0
2011-04-17 22:00:00,B3820,0.214,0.0,0.0,36.33,0.214,5812.799999999999,6394.08,0.0
2011-04-17 23:00:00,B3820,0.119,0.0,0.0,36.33,0.119,5812.799999999999,6394.08,0.0
2011-04-18 00:00:00,B3820,2.519,2.4,0.0,36.33,2.519,5812.799999999999,6394.08,0.0
2011-04-18 01:00:00,B3820,2.519,2.4,0.0,36.33,2.519,5812.799999999999,6394.08,0.0
2011-04-18 02:00:00,B3820,2.519,2.4,0.0,36.33,2.519,5812.799999999999,6394.08,0.0
2011-04-18 03:00:00,B3820,2.519,2.4,0.0,36.33,2.519,5812.799999999999,6394.08,0.0
2011-04-18 04:00:00,B3820,2.519,2.4,0.0,36.33,2.519,5812.799999999999,6394.08,0.0
2011-04-18 05:00:00,B3820,0.214,0.0,0.0,36.33,0.214,5812.799999999999,6394.08,0.0
2011-04-18 06:00:00,B3820,0.787,0.0,0.0,36.33,0.787,5812.799999999999,6394.08,0.0
2011-04-18 07:00:00,B3820,0.215,0.0,0.76,36.33,-0.5950000000000001,5812.799999999999,6394.08,0.81
2011-04-18 08:00:00,B3820,0.12,0.0,1.03,36.33,-0.9700000000000001,5812.799999999999,6394.08,1.09
2011-04-18 09:00:00,B3820,0.12,0.0,1.02,36.33,-0.9500000000000001,5812.799999999999,6394.08,1.07
2011-04-18 10:00:00,B3820,0.12,0.0,1.42,36.33,-1.35,5812.799999999999,6394.08,1.47
2011-04-18 11:00:00,B3820,0.12,0.0,1.71,36.33,-1.62,5812.799999999999,6394.08,1.74
2011-04-18 12:00:00,B3820,0.786,0.0,1.36,36.33,-0.6039999999999999,5812.799999999999,6394.08,1.39
2011-04-18 13:00:00,B3820,0.215,0.0,1.14,36.33,-0.945,5812.799999999999,6394.08,1.16
2011-04-18 14:00:00,B3820,0.12,0.0,1.03,36.33,-0.93,5812.799999999999,6394.08,1.05
2011-04-18 15:00:00,B3820,0.12,0.0,0.78,36.33,-0.68,5812.799999999999,6394.08,0.8
2011-04-18 16:00:00,B3820,0.12,0.0,0.45,36.33,-0.33,5812.799999999999,6394.08,0.45
2011-04-18 17:00:00,B3820,0.215,0.0,0.0,36.33,0.215,5812.799999999999,6394.08,0.0
2011-04-18 18:00:00,B3820,0.786,0.0,0.0,36.33,0.786,5812.799999999999,6394.08,0.0
2011-04-18 19:00:00,B3820,0.977,0.0,0.0,36.33,0.977,5812.799999999999,6394.08,0.0
2011-04-18 20:00:00,B3820,0.215,0.0,0.0,36.33,0.215,5812.799999999999,6394.08,0.0
2011-04-18 21:00:00,B3820,0.214,0.0,0.0,36.33,0.214,5812.799999999999,6394.08,0.0
2011-04-18 22:00:00,B3820,0.214,0.0,0.0,36.33,0.214,5812.799999999999,6394.08,0.0
2011-04-18 23:00:00,B3820,0.119,0.0,0.0,36.33,0.119,5812.799999999999,6394.08,0.0
2011-04-19 00:00:00,B3820,2.519,2.4,0.0,36.33,2.519,5812.799999999999,6394.08,0.0
2011-04-19 01:00:00,B3820,2.519,2.4,0.0,36.33,2.519,5812.799999999999,6394.08,0.0
2011-04-19 02:00:00,B3820,2.519,2.4,0.0,36.33,2.519,5812.799999999999,6394.08,0.0
2011-04-19 03:00:00,B3820,2.519,2.4,0.0,36.33,2.519,5812.799999999999,6394.08,0.0
2011-04-19 04:00:00,B3820,2.519,2.4,0.0,36.33,2.519,5812.799999999999,6394.08,0.0
2011-04-19 05:00:00,B3820,0.214,0.0,0.0,36.33,0.214,5812.799999999999,6394.08,0.0
2011-04-19 06:00:00,B3820,0.787,0.0,0.0,36.33,0.787,5812.799999999999,6394.08,0.0
2011-04-19 07:00:00,B3820,0.215,0.0,1.03,36.33,-0.9149999999999999,5812.799999999999,6394.08,1.13
2011-04-19 08:00:00,B3820,0.12,0.0,1.63,36.33,-1.5899999999999999,5812.799999999999,6394.08,1.71
2011-04-19 09:00:00,B3820,0.12,0.0,2.04,36.33,-1.9899999999999998,5812.799999999999,6394.08,2.11
2011-04-19 10:00:00,B3820,0.12,0.0,2.23,36.33,-2.1599999999999997,5812.799999999999,6394.08,2.28
2011-04-19 11:00:00,B3820,0.12,0.0,2.33,36.33,-2.2399999999999998,5812.799999999999,6394.08,2.36
2011-04-19 12:00:00,B3820,0.786,0.0,2.45,36.33,-1.6840000000000002,5812.799999999999,6394.08,2.47
2011-04-19 13:00:00,B3820,0.215,0.0,2.31,36.33,-2.115,5812.799999999999,6394.08,2.33
2011-04-19 14:00:00,B3820,0.12,0.0,2.01,36.33,-1.9,5812.799999999999,6394.08,2.02
2011-04-19 15:00:00,B3820,0.12,0.0,1.71,36.33,-1.6,5812.799999999999,6394.08,1.72
2011-04-19 16:00:00,B3820,0.12,0.0,1.3,36.33,-1.19,5812.799999999999,6394.08,1.31
2011-04-19 17:00:00,B3820,0.215,0.0,0.65,36.33,-0.43500000000000005,5812.799999999999,6394.08,0.65
2011-04-19 18:00:00,B3820,0.786,0.0,0.0,36.33,0.786,5812.799999999999,6394.08,0.0
2011-04-19 19:00:00,B3820,0.977,0.0,0.0,36.33,0.977,5812.799999999999,6394.08,0.0
2011-04-19 20:00:00,B3820,0.215,0.0,0.0,36.33,0.215,5812.799999999999,6394.08,0.0
2011-04-19 21:00:00,B3820,0.214,0.0,0.0,36.33,0.214,5812.799999999999,6394.08,0.0
2011-04-19 22:00:00,B3820,0.214,0.0,0.0,36.33,0.214,5812.799999999999,6394.08,0.0
2011-04-19 23:00:00,B3820,0.119,0.0,0.0,36.33,0.119,5812.799999999999,6394.08,0.0
2011-04-20 00:00:00,B3820,2.519,2.4,0.0,36.33,2.519,5812.799999999999,6394.08,0.0
2011-04-20 01:00:00,B3820,2.519,2.4,0.0,36.33,2.519,5812.799999999999,6394.08,0.0
2011-04-20 02:00:00,B3820,2.519,2.4,0.0,36.33,2.519,5812.799999999999,6394.08,0.0
2011-04-20 03:00:00,B3820,2.519,2.4,0.0,36.33,2.519,5812.799999999999,6394.08,0.0
2011-04-20 04:00:00,B3820,2.519,2.4,0.0,36.33,2.519,5812.799999999999,6394.08,0.0
2011-04-20 05:00:00,B3820,0.214,0.0,0.0,36.33,0.214,5812.799999999999,6394.08,0.0
2011-04-20 06:00:00,B3820,0.787,0.0,0.0,36.33,0.787,5812.799999999999,6394.08,0.0
2011-04-20 07:00:00,B3820,0.215,0.0,0.9,36.33,-0.755,5812.799999999999,6394.08,0.97
2011-04-20 08:00:00,B3820,0.12,0.0,1.22,36.33,-1.17,5812.799999999999,6394.08,1.29
2011-04-20 09:00:00,B3820,0.12,0.0,1.64,36.33,-1.58,5812.799999999999,6394.08,1.7
2011-04-20 10:00:00,B3820,0.12,0.0,2.09,36.33,-2.01,5812.799999999999,6394.08,2.13
2011-04-20 11:00:00,B3820,0.12,0.0,2.29,36.33,-2.1999999999999997,5812.799999999999,6394.08,2.32
2011-04-20 12:00:00,B3820,0.786,0.0,2.31,36.33,-1.544,5812.799999999999,6394.08,2.33
2011-04-20 13:00:00,B3820,0.215,0.0,2.21,36.33,-2.015,5812.799999999999,6394.08,2.23
2011-04-20 14:00:00,B3820,0.12,0.0,2.03,36.33,-1.92,5812.799999999999,6394.08,2.04
2011-04-20 15:00:00,B3820,0.12,0.0,1.66,36.33,-1.5499999999999998,5812.799999999999,6394.08,1.67
2011-04-20 16:00:00,B3820,0.12,0.0,1.21,36.33,-1.1,5812.799999999999,6394.08,1.22
2011-04-20 17:00:00,B3820,0.215,0.0,0.66,36.33,-0.44500000000000006,5812.799999999999,6394.08,0.66
2011-04-20 18:00:00,B3820,0.787,0.0,0.0,36.33,0.787,5812.799999999999,6394.08,0.0
2011-04-20 19:00:00,B3820,0.978,0.0,0.0,36.33,0.978,5812.799999999999,6394.08,0.0
2011-04-20 20:00:00,B3820,0.215,0.0,0.0,36.33,0.215,5812.799999999999,6394.08,0.0
2011-04-20 21:00:00,B3820,0.214,0.0,0.0,36.33,0.214,5812.799999999999,6394.08,0.0
2011-04-20 22:00:00,B3820,0.214,0.0,0.0,36.33,0.214,5812.799999999999,6394.08,0.0
2011-04-20 23:00:00,B3820,0.119,0.0,0.0,36.33,0.119,5812.799999999999,6394.08,0.0
2011-04-21 00:00:00,B3820,2.519,2.4,0.0,36.33,2.519,5812.799999999999,6394.08,0.0
2011-04-21 01:00:00,B3820,2.519,2.4,0.0,36.33,2.519,5812.799999999999,6394.08,0.0
2011-04-21 02:00:00,B3820,2.519,2.4,0.0,36.33,2.519,5812.799999999999,6394.08,0.0
2011-04-21 03:00:00,B3820,2.519,2.4,0.0,36.33,2.519,5812.799999999999,6394.08,0.0
2011-04-21 04:00:00,B3820,2.519,2.4,0.0,36.33,2.519,5812.799999999999,6394.08,0.0
2011-04-21 05:00:00,B3820,0.214,0.0,0.0,36.33,0.214,5812.799999999999,6394.08,0.0
2011-04-21 06:00:00,B3820,0.787,0.0,0.0,36.33,0.787,5812.799999999999,6394.08,0.0
2011-04-21 07:00:00,B3820,0.215,0.0,0.94,36.33,-0.805,5812.799999999999,6394.08,1.02
2011-04-21 08:00:00,B3820,0.12,0.0,1.42,36.33,-1.38,5812.799999999999,6394.08,1.5
2011-04-21 09:00:00,B3820,0.12,0.0,1.89,36.33,-1.8399999999999999,5812.799999999999,6394.08,1.96
2011-04-21 10:00:00,B3820,0.12,0.0,2.2,36.33,-2.13,5812.799999999999,6394.08,2.25
2011-04-21 11:00:00,B3820,0.12,0.0,2.3,36.33,-2.21,5812.799999999999,6394.08,2.33
2011-04-21 12:00:00,B3820,0.786,0.0,2.38,36.33,-1.6139999999999999,5812.799999999999,6394.08,2.4
2011-04-21 13:00:00,B3820,0.215,0.0,2.19,36.33,-1.9949999999999999,5812.799999999999,6394.08,2.21
2011-04-21 14:00:00,B3820,0.12,0.0,1.91,36.33,-1.7999999999999998,5812.799999999999,6394.08,1.92
2011-04-21 15:00:00,B3820,0.12,0.0,1.57,36.33,-1.46,5812.799999999999,6394.08,1.58
2011-04-21 16:00:00,B3820,0.12,0.0,1.18,36.33,-1.0699999999999998,5812.799999999999,6394.08,1.19
2011-04-21 17:00:00,B3820,0.215,0.0,0.76,36.33,-0.545,5812.799999999999,6394.08,0.76
2011-04-21 18:00:00,B3820,0.787,0.0,0.0,36.33,0.787,5812.799999999999,6394.08,0.0
2011-04-21 19:00:00,B3820,0.977,0.0,0.0,36.33,0.977,5812.799999999999,6394.08,0.0
2011-04-21 20:00:00,B3820,0.215,0.0,0.0,36.33,0.215,5812.799999999999,6394.08,0.0
2011-04-21 21:00:00,B3820,0.214,0.0,0.0,36.33,0.214,5812.799999999999,6394.08,0.0
2011-04-21 22:00:00,B3820,0.214,0.0,0.0,36.33,0.214,5812.799999999999,6394.08,0.0
2011-04-21 23:00:00,B3820,0.119,0.0,0.0,36.33,0.119,5812.799999999999,6394.08,0.0
2011-04-22 00:00:00,B3820,2.519,2.4,0.0,36.33,2.519,5812.799999999999,6394.08,0.0
2011-04-22 01:00:00,B3820,2.519,2.4,0.0,36.33,2.519,5812.799999999999,6394.08,0.0
2011-04-22 02:00:00,B3820,2.519,2.4,0.0,36.33,2.519,5812.799999999999,6394.08,0.0
2011-04-22 03:00:00,B3820,2.519,2.4,0.0,36.33,2.519,5812.799999999999,6394.08,0.0
2011-04-22 04:00:00,B3820,2.519,2.4,0.0,36.33,2.519,5812.799999999999,6394.08,0.0
2011-04-22 05:00:00,B3820,0.214,0.0,0.0,36.33,0.214,5812.799999999999,6394.08,0.0
2011-04-22 06:00:00,B3820,0.787,0.0,0.0,36.33,0.787,5812.799999999999,6394.08,0.0
2011-04-22 07:00:00,B3820,0.215,0.0,1.14,36.33,-1.045,5812.799999999999,6394.08,1.26
2011-04-22 08:00:00,B3820,0.12,0.0,1.54,36.33,-1.48,5812.799999999999,6394.08,1.6
2011-04-22 09:00:00,B3820,0.12,0.0,1.78,36.33,-1.7200000000000002,5812.799999999999,6394.08,1.84
2011-04-22 10:00:00,B3820,0.12,0.0,2.06,36.33,-1.98,5812.799999999999,6394.08,2.1
2011-04-22 11:00:00,B3820,0.12,0.0,2.2,36.33,-2.1,5812.799999999999,6394.08,2.22
2011-04-22 12:00:00,B3820,0.786,0.0,2.27,36.33,-1.504,5812.799999999999,6394.08,2.29
2011-04-22 13:00:00,B3820,0.215,0.0,2.29,36.33,-2.085,5812.799999999999,6394.08,2.3
2011-04-22 14:00:00,B3820,0.12,0.0,2.26,36.33,-2.15,5812.799999999999,6394.08,2.27
2011-04-22 15:00:00,B3820,0.12,0.0,1.95,36.33,-1.8399999999999999,5812.799999999999,6394.08,1.96
2011-04-22 16:00:00,B3820,0.12,0.0,1.5,36.33,-1.3900000000000001,5812.799999999999,6394.08,1.51
2011-04-22 17:00:00,B3820,0.215,0.0,0.89,36.33,-0.675,5812.799999999999,6394.08,0.89
2011-04-22 18:00:00,B3820,0.786,0.0,0.0,36.33,0.786,5812.799999999999,6394.08,0.0
2011-04-22 19:00:00,B3820,0.977,0.0,0.0,36.33,0.977,5812.799999999999,6394.08,0.0
2011-04-22 20:00:00,B3820,0.215,0.0,0.0,36.33,0.215,5812.799999999999,6394.08,0.0
2011-04-22 21:00:00,B3820,0.214,0.0,0.0,36.33,0.214,5812.799999999999,6394.08,0.0
2011-04-22 22:00:00,B3820,0.214,0.0,0.0,36.33,0.214,5812.799999999999,6394.08,0.0
2011-04-22 23:00:00,B3820,0.119,0.0,0.0,36.33,0.119,5812.799999999999,6394.08,0.0
2011-04-23 00:00:00,B3820,0.119,0.0,0.0,36.33,0.119,5812.799999999999,6394.08,0.0
2011-04-23 01:00:00,B3820,0.119,0.0,0.0,36.33,0.119,5812.799999999999,6394.08,0.0
2011-04-23 02:00:00,B3820,0.119,0.0,0.0,36.33,0.119,5812.799999999999,6394.08,0.0
2011-04-23 03:00:00,B3820,0.119,0.0,0.0,36.33,0.119,5812.799999999999,6394.08,0.0
2011-04-23 04:00:00,B3820,0.119,0.0,0.0,36.33,0.119,5812.799999999999,6394.08,0.0
2011-04-23 05:00:00,B3820,0.214,0.0,0.0,36.33,0.214,5812.799999999999,6394.08,0.0
2011-04-23 06:00:00,B3820,0.787,0.0,0.2,36.33,0.5670000000000001,5812.799999999999,6394.08,0.22
2011-04-23 07:00:00,B3820,0.215,0.0,1.24,36.33,-1.155,5812.799999999999,6394.08,1.37
2011-04-23 08:00:00,B3820,2.52,2.4,1.76,36.33,0.6799999999999999,5812.799999999999,6394.08,1.84
2011-04-23 09:00:00,B3820,2.52,2.4,2.02,36.33,0.43999999999999995,5812.799999999999,6394.08,2.08
2011-04-23 10:00:00,B3820,2.52,2.4,2.17,36.33,0.2999999999999998,5812.799999999999,6394.08,2.22
2011-04-23 11:00:00,B3820,2.52,2.4,2.4,36.33,0.08999999999999986,5812.799999999999,6394.08,2.43
2011-04-23 12:00:00,B3820,3.186,2.4,2.23,36.33,0.9359999999999999,5812.799999999999,6394.08,2.25
2011-04-23 13:00:00,B3820,0.215,0.0,1.88,36.33,-1.6849999999999998,5812.799999999999,6394.08,1.9
2011-04-23 14:00:00,B3820,0.12,0.0,1.84,36.33,-1.73,5812.799999999999,6394.08,1.85
2011-04-23 15:00:00,B3820,0.12,0.0,1.66,36.33,-1.5499999999999998,5812.799999999999,6394.08,1.67
2011-04-23 16:00:00,B3820,0.12,0.0,1.25,36.33,-1.1400000000000001,5812.799999999999,6394.08,1.26
2011-04-23 17:00:00,B3820,0.215,0.0,0.75,36.33,-0.535,5812.799999999999,6394.08,0.75
2011-04-23 18:00:00,B3820,0.786,0.0,0.0,36.33,0.786,5812.799999999999,6394.08,0.0
2011-04-23 19:00:00,B3820,0.977,0.0,0.0,36.33,0.977,5812.799999999999,6394.08,0.0
2011-04-23 20:00:00,B3820,0.215,0.0,0.0,36.33,0.215,5812.799999999999,6394.08,0.0
2011-04-23 21:00:00,B3820,0.214,0.0,0.0,36.33,0.214,5812.799999999999,6394.08,0.0
2011-04-23 22:00:00,B3820,0.214,0.0,0.0,36.33,0.214,5812.799999999999,6394.08,0.0
2011-04-23 23:00:00,B3820,0.119,0.0,0.0,36.33,0.119,5812.799999999999,6394.08,0.0
2011-04-24 00:00:00,B3820,0.119,0.0,0.0,36.33,0.119,5812.799999999999,6394.08,0.0
2011-04-24 01:00:00,B3820,0.119,0.0,0.0,36.33,0.119,5812.799999999999,6394.08,0.0
2011-04-24 02:00:00,B3820,0.119,0.0,0.0,36.33,0.119,5812.799999999999,6394.08,0.0
2011-04-24 03:00:00,B3820,0.119,0.0,0.0,36.33,0.119,5812.799999999999,6394.08,0.0
2011-04-24 04:00:00,B3820,0.119,0.0,0.0,36.33,0.119,5812.799999999999,6394.08,0.0
2011-04-24 05:00:00,B3820,0.214,0.0,0.0,36.33,0.214,5812.799999999999,6394.08,0.0
2011-04-24 06:00:00,B3820,0.786,0.0,0.26,36.33,0.506,5812.799999999999,6394.08,0.28
2011-04-24 07:00:00,B3820,0.215,0.0,1.03,36.33,-0.9050000000000001,5812.799999999999,6394.08,1.12
2011-04-24 08:00:00,B3820,2.52,2.4,1.63,36.33,0.81,5812.799999999999,6394.08,1.71
2011-04-24 09:00:00,B3820,2.52,2.4,1.85,36.33,0.6100000000000001,5812.799999999999,6394.08,1.91
2011-04-24 10:00:00,B3820,2.52,2.4,1.89,36.33,0.5800000000000001,5812.799999999999,6394.08,1.94
2011-04-24 11:00:00,B3820,2.52,2.4,1.95,36.33,0.54,5812.799999999999,6394.08,1.98
2011-04-24 12:00:00,B3820,3.186,2.4,2.06,36.33,1.096,5812.799999999999,6394.08,2.09
2011-04-24 13:00:00,B3820,0.214,0.0,2.09,36.33,-1.896,5812.799999999999,6394.08,2.11
2011-04-24 14:00:00,B3820,0.12,0.0,1.97,36.33,-1.87,5812.799999999999,6394.08,1.99
2011-04-24 15:00:00,B3820,0.12,0.0,1.71,36.33,-1.6,5812.799999999999,6394.08,1.72
2011-04-24 16:00:00,B3820,0.12,0.0,1.3,36.33,-1.19,5812.799999999999,6394.08,1.31
2011-04-24 17:00:00,B3820,0.215,0.0,0.82,36.33,-0.605,5812.799999999999,6394.08,0.82
2011-04-24 18:00:00,B3820,0.786,0.0,0.0,36.33,0.786,5812.799999999999,6394.08,0.0
2011-04-24 19:00:00,B3820,0.977,0.0,0.0,36.33,0.977,5812.799999999999,6394.08,0.0
2011-04-24 20:00:00,B3820,0.215,0.0,0.0,36.33,0.215,5812.799999999999,6394.08,0.0
2011-04-24 21:00:00,B3820,0.214,0.0,0.0,36.33,0.214,5812.799999999999,6394.08,0.0
2011-04-24 22:00:00,B3820,0.214,0.0,0.0,36.33,0.214,5812.799999999999,6394.08,0.0
2011-04-24 23:00:00,B3820,0.119,0.0,0.0,36.33,0.119,5812.799999999999,6394.08,0.0
2011-04-25 00:00:00,B3820,2.519,2.4,0.0,36.33,2.519,5812.799999999999,6394.08,0.0
2011-04-25 01:00:00,B3820,2.519,2.4,0.0,36.33,2.519,5812.799999999999,6394.08,0.0
2011-04-25 02:00:00,B3820,2.519,2.4,0.0,36.33,2.519,5812.799999999999,6394.08,0.0
2011-04-25 03:00:00,B3820,2.519,2.4,0.0,36.33,2.519,5812.799999999999,6394.08,0.0
2011-04-25 04:00:00,B3820,2.519,2.4,0.0,36.33,2.519,5812.799999999999,6394.08,0.0
2011-04-25 05:00:00,B3820,0.214,0.0,0.0,36.33,0.214,5812.799999999999,6394.08,0.0
2011-04-25 06:00:00,B3820,0.787,0.0,0.15,36.33,0.607,5812.799999999999,6394.08,0.18
2011-04-25 07:00:00,B3820,0.215,0.0,1.38,36.33,-1.315,5812.799999999999,6394.08,1.53
2011-04-25 08:00:00,B3820,0.12,0.0,1.86,36.33,-1.81,5812.799999999999,6394.08,1.93
2011-04-25 09:00:00,B3820,0.12,0.0,2.19,36.33,-2.12,5812.799999999999,6394.08,2.24
2011-04-25 10:00:00,B3820,0.12,0.0,2.45,36.33,-2.37,5812.799999999999,6394.08,2.49
2011-04-25 11:00:00,B3820,0.12,0.0,2.6,36.33,-2.51,5812.799999999999,6394.08,2.63
2011-04-25 12:00:00,B3820,0.786,0.0,2.61,36.33,-1.8439999999999999,5812.799999999999,6394.08,2.63
2011-04-25 13:00:00,B3820,0.214,0.0,2.51,36.33,-2.306,5812.799999999999,6394.08,2.52
2011-04-25 14:00:00,B3820,0.119,0.0,2.33,36.33,-2.221,5812.799999999999,6394.08,2.34
2011-04-25 15:00:00,B3820,0.119,0.0,1.94,36.33,-1.831,5812.799999999999,6394.08,1.95
2011-04-25 16:00:00,B3820,0.119,0.0,1.5,36.33,-1.391,5812.799999999999,6394.08,1.51
2011-04-25 17:00:00,B3820,0.214,0.0,0.95,36.33,-0.736,5812.799999999999,6394.08,0.95
2011-04-25 18:00:00,B3820,0.786,0.0,0.25,36.33,0.536,5812.799999999999,6394.08,0.25
2011-04-25 19:00:00,B3820,0.977,0.0,0.0,36.33,0.977,5812.799999999999,6394.08,0.0
2011-04-25 20:00:00,B3820,0.214,0.0,0.0,36.33,0.214,5812.799999999999,6394.08,0.0
2011-04-25 21:00:00,B3820,0.214,0.0,0.0,36.33,0.214,5812.799999999999,6394.08,0.0
2011-04-25 22:00:00,B3820,0.214,0.0,0.0,36.33,0.214,5812.799999999999,6394.08,0.0
2011-04-25 23:00:00,B3820,0.119,0.0,0.0,36.33,0.119,5812.799999999999,6394.08,0.0
2011-04-26 00:00:00,B3820,2.519,2.4,0.0,36.33,2.519,5812.799999999999,6394.08,0.0
2011-04-26 01:00:00,B3820,2.519,2.4,0.0,36.33,2.519,5812.799999999999,6394.08,0.0
2011-04-26 02:00:00,B3820,2.519,2.4,0.0,36.33,2.519,5812.799999999999,6394.08,0.0
2011-04-26 03:00:00,B3820,2.519,2.4,0.0,36.33,2.519,5812.799999999999,6394.08,0.0
2011-04-26 04:00:00,B3820,2.519,2.4,0.0,36.33,2.519,5812.799999999999,6394.08,0.0
2011-04-26 05:00:00,B3820,0.214,0.0,0.0,36.33,0.214,5812.799999999999,6394.08,0.0
2011-04-26 06:00:00,B3820,0.786,0.0,0.2,36.33,0.556,5812.799999999999,6394.08,0.23
2011-04-26 07:00:00,B3820,0.215,0.0,1.34,36.33,-1.265,5812.799999999999,6394.08,1.48
2011-04-26 08:00:00,B3820,0.119,0.0,1.83,36.33,-1.781,5812.799999999999,6394.08,1.9
2011-04-26 09:00:00,B3820,0.119,0.0,2.15,36.33,-2.0810000000000004,5812.799999999999,6394.08,2.2
2011-04-26 10:00:00,B3820,0.119,0.0,2.4,36.33,-2.311,5812.799999999999,6394.08,2.43
2011-04-26 11:00:00,B3820,0.119,0.0,2.55,36.33,-2.4509999999999996,5812.799999999999,6394.08,2.57
2011-04-26 12:00:00,B3820,0.786,0.0,2.57,36.33,-1.794,5812.799999999999,6394.08,2.58
2011-04-26 13:00:00,B3820,0.214,0.0,2.48,36.33,-2.2760000000000002,5812.799999999999,6394.08,2.49
2011-04-26 14:00:00,B3820,0.119,0.0,2.27,36.33,-2.1609999999999996,5812.799999999999,6394.08,2.28
2011-04-26 15:00:00,B3820,0.119,0.0,1.96,36.33,-1.841,5812.799999999999,6394.08,1.96
2011-04-26 16:00:00,B3820,0.119,0.0,1.53,36.33,-1.411,5812.799999999999,6394.08,1.53
2011-04-26 17:00:00,B3820,0.214,0.0,0.96,36.33,-0.746,5812.799999999999,6394.08,0.96
2011-04-26 18:00:00,B3820,0.786,0.0,0.26,36.33,0.526,5812.799999999999,6394.08,0.26
2011-04-26 19:00:00,B3820,0.977,0.0,0.0,36.33,0.977,5812.799999999999,6394.08,0.0
2011-04-26 20:00:00,B3820,0.214,0.0,0.0,36.33,0.214,5812.799999999999,6394.08,0.0
2011-04-26 21:00:00,B3820,0.214,0.0,0.0,36.33,0.214,5812.799999999999,6394.08,0.0
2011-04-26 22:00:00,B3820,0.214,0.0,0.0,36.33,0.214,5812.799999999999,6394.08,0.0
2011-04-26 23:00:00,B3820,0.119,0.0,0.0,36.33,0.119,5812.799999999999,6394.08,0.0
2011-04-27 00:00:00,B3820,2.519,2.4,0.0,36.33,2.519,5812.799999999999,6394.08,0.0
2011-04-27 01:00:00,B3820,2.519,2.4,0.0,36.33,2.519,5812.799999999999,6394.08,0.0
2011-04-27 02:00:00,B3820,2.519,2.4,0.0,36.33,2.519,5812.799999999999,6394.08,0.0
2011-04-27 03:00:00,B3820,2.519,2.4,0.0,36.33,2.519,5812.799999999999,6394.08,0.0
2011-04-27 04:00:00,B3820,2.519,2.4,0.0,36.33,2.519,5812.799999999999,6394.08,0.0
2011-04-27 05:00:00,B3820,0.214,0.0,0.0,36.33,0.214,5812.799999999999,6394.08,0.0
2011-04-27 06:00:00,B3820,0.786,0.0,0.16,36.33,0.5960000000000001,5812.799999999999,6394.08,0.19
2011-04-27 07:00:00,B3820,0.215,0.0,1.42,36.33,-1.365,5812.799999999999,6394.08,1.58
2011-04-27 08:00:00,B3820,0.119,0.0,1.9,36.33,-1.841,5812.799999999999,6394.08,1.96
2011-04-27 09:00:00,B3820,0.119,0.0,2.22,36.33,-2.1609999999999996,5812.799999999999,6394.08,2.28
2011-04-27 10:00:00,B3820,0.119,0.0,2.47,36.33,-2.391,5812.799999999999,6394.08,2.51
2011-04-27 11:00:00,B3820,0.119,0.0,2.67,36.33,-2.5810000000000004,5812.799999999999,6394.08,2.7
2011-04-27 12:00:00,B3820,0.786,0.0,2.64,36.33,-1.874,5812.799999999999,6394.08,2.66
2011-04-27 13:00:00,B3820,0.214,0.0,2.56,36.33,-2.356,5812.799999999999,6394.08,2.57
2011-04-27 14:00:00,B3820,0.119,0.0,2.33,36.33,-2.231,5812.799999999999,6394.08,2.35
2011-04-27 15:00:00,B3820,0.119,0.0,1.96,36.33,-1.851,5812.799999999999,6394.08,1.97
2011-04-27 16:00:00,B3820,0.119,0.0,1.49,36.33,-1.381,5812.799999999999,6394.08,1.5
2011-04-27 17:00:00,B3820,0.214,0.0,0.97,36.33,-0.756,5812.799999999999,6394.08,0.97
2011-04-27 18:00:00,B3820,0.786,0.0,0.28,36.33,0.506,5812.799999999999,6394.08,0.28
2011-04-27 19:00:00,B3820,0.977,0.0,0.0,36.33,0.977,5812.799999999999,6394.08,0.0
2011-04-27 20:00:00,B3820,0.214,0.0,0.0,36.33,0.214,5812.799999999999,6394.08,0.0
2011-04-27 21:00:00,B3820,0.214,0.0,0.0,36.33,0.214,5812.799999999999,6394.08,0.0
2011-04-27 22:00:00,B3820,0.214,0.0,0.0,36.33,0.214,5812.799999999999,6394.08,0.0
2011-04-27 23:00:00,B3820,0.119,0.0,0.0,36.33,0.119,5812.799999999999,6394.08,0.0
2011-04-28 00:00:00,B3820,2.519,2.4,0.0,36.33,2.519,5812.799999999999,6394.08,0.0
2011-04-28 01:00:00,B3820,2.519,2.4,0.0,36.33,2.519,5812.799999999999,6394.08,0.0
2011-04-28 02:00:00,B3820,2.519,2.4,0.0,36.33,2.519,5812.799999999999,6394.08,0.0
2011-04-28 03:00:00,B3820,2.519,2.4,0.0,36.33,2.519,5812.799999999999,6394.08,0.0
2011-04-28 04:00:00,B3820,2.519,2.4,0.0,36.33,2.519,5812.799999999999,6394.08,0.0
2011-04-28 05:00:00,B3820,0.214,0.0,0.0,36.33,0.214,5812.799999999999,6394.08,0.0
2011-04-28 06:00:00,B3820,0.786,0.0,0.15,36.33,0.6060000000000001,5812.799999999999,6394.08,0.18
2011-04-28 07:00:00,B3820,0.215,0.0,1.48,36.33,-1.4349999999999998,5812.799999999999,6394.08,1.65
2011-04-28 08:00:00,B3820,0.119,0.0,1.96,36.33,-1.9109999999999998,5812.799999999999,6394.08,2.03
2011-04-28 09:00:00,B3820,0.119,0.0,2.28,36.33,-2.2110000000000003,5812.799999999999,6394.08,2.33
2011-04-28 10:00:00,B3820,0.119,0.0,2.52,36.33,-2.441,5812.799999999999,6394.08,2.56
2011-04-28 11:00:00,B3820,0.119,0.0,2.67,36.33,-2.5709999999999997,5812.799999999999,6394.08,2.69
2011-04-28 12:00:00,B3820,0.786,0.0,2.7,36.33,-1.924,5812.799999999999,6394.08,2.71
2011-04-28 13:00:00,B3820,0.214,0.0,2.63,36.33,-2.426,5812.799999999999,6394.08,2.64
2011-04-28 14:00:00,B3820,0.119,0.0,2.42,36.33,-2.301,5812.799999999999,6394.08,2.42
2011-04-28 15:00:00,B3820,0.119,0.0,2.1,36.33,-1.981,5812.799999999999,6394.08,2.1
2011-04-28 16:00:00,B3820,0.119,0.0,1.65,36.33,-1.531,5812.799999999999,6394.08,1.65
2011-04-28 17:00:00,B3820,0.214,0.0,1.07,36.33,-0.8560000000000001,5812.799999999999,6394.08,1.07
2011-04-28 18:00:00,B3820,0.786,0.0,0.3,36.33,0.48600000000000004,5812.799999999999,6394.08,0.3
2011-04-28 19:00:00,B3820,0.977,0.0,0.0,36.33,0.977,5812.799999999999,6394.08,0.0
2011-04-28 20:00:00,B3820,0.214,0.0,0.0,36.33,0.214,5812.799999999999,6394.08,0.0
2011-04-28 21:00:00,B3820,0.214,0.0,0.0,36.33,0.214,5812.799999999999,6394.08,0.0
2011-04-28 22:00:00,B3820,0.214,0.0,0.0,36.33,0.214,5812.799999999999,6394.08,0.0
2011-04-28 23:00:00,B3820,0.119,0.0,0.0,36.33,0.119,5812.799999999999,6394.08,0.0
2011-04-29 00:00:00,B3820,2.519,2.4,0.0,36.33,2.519,5812.799999999999,6394.08,0.0
2011-04-29 01:00:00,B3820,2.519,2.4,0.0,36.33,2.519,5812.799999999999,6394.08,0.0
2011-04-29 02:00:00,B3820,2.519,2.4,0.0,36.33,2.519,5812.799999999999,6394.08,0.0
2011-04-29 03:00:00,B3820,2.519,2.4,0.0,36.33,2.519,5812.799999999999,6394.08,0.0
2011-04-29 04:00:00,B3820,2.519,2.4,0.0,36.33,2.519,5812.799999999999,6394.08,0.0
2011-04-29 05:00:00,B3820,0.214,0.0,0.0,36.33,0.214,5812.799999999999,6394.08,0.0
2011-04-29 06:00:00,B3820,0.786,0.0,0.38,36.33,0.37600000000000006,5812.799999999999,6394.08,0.41
2011-04-29 07:00:00,B3820,0.215,0.0,1.14,36.33,-1.025,5812.799999999999,6394.08,1.24
2011-04-29 08:00:00,B3820,0.119,0.0,1.64,36.33,-1.601,5812.799999999999,6394.08,1.72
2011-04-29 09:00:00,B3820,0.119,0.0,2.05,36.33,-2.0010000000000003,5812.799999999999,6394.08,2.12
2011-04-29 10:00:00,B3820,0.119,0.0,2.36,36.33,-2.2910000000000004,5812.799999999999,6394.08,2.41
2011-04-29 11:00:00,B3820,0.119,0.0,2.38,36.33,-2.2910000000000004,5812.799999999999,6394.08,2.41
2011-04-29 12:00:00,B3820,0.786,0.0,2.41,36.33,-1.6440000000000001,5812.799999999999,6394.08,2.43
2011-04-29 13:00:00,B3820,0.214,0.0,2.49,36.33,-2.286,5812.799999999999,6394.08,2.5
2011-04-29 14:00:00,B3820,0.119,0.0,2.28,36.33,-2.1710000000000003,5812.799999999999,6394.08,2.29
2011-04-29 15:00:00,B3820,0.119,0.0,2.04,36.33,-1.9309999999999998,5812.799999999999,6394.08,2.05
2011-04-29 16:00:00,B3820,0.119,0.0,1.5,36.33,-1.381,5812.799999999999,6394.08,1.5
2011-04-29 17:00:00,B3820,0.214,0.0,0.91,36.33,-0.6960000000000001,5812.799999999999,6394.08,0.91
2011-04-29 18:00:00,B3820,0.786,0.0,0.28,36.33,0.506,5812.799999999999,6394.08,0.28
2011-04-29 19:00:00,B3820,0.977,0.0,0.0,36.33,0.977,5812.799999999999,6394.08,0.0
2011-04-29 20:00:00,B3820,0.214,0.0,0.0,36.33,0.214,5812.799999999999,6394.08,0.0
2011-04-29 21:00:00,B3820,0.214,0.0,0.0,36.33,0.214,5812.799999999999,6394.08,0.0
2011-04-29 22:00:00,B3820,0.214,0.0,0.0,36.33,0.214,5812.799999999999,6394.08,0.0
2011-04-29 23:00:00,B3820,0.119,0.0,0.0,36.33,0.119,5812.799999999999,6394.08,0.0
2011-04-30 00:00:00,B3820,0.119,0.0,0.0,36.33,0.119,5812.799999999999,6394.08,0.0
2011-04-30 01:00:00,B3820,0.119,0.0,0.0,36.33,0.119,5812.799999999999,6394.08,0.0
2011-04-30 02:00:00,B3820,0.119,0.0,0.0,36.33,0.119,5812.799999999999,6394.08,0.0
2011-04-30 03:00:00,B3820,0.119,0.0,0.0,36.33,0.119,5812.799999999999,6394.08,0.0
2011-04-30 04:00:00,B3820,0.119,0.0,0.0,36.33,0.119,5812.799999999999,6394.08,0.0
2011-04-30 05:00:00,B3820,0.214,0.0,0.0,36.33,0.214,5812.799999999999,6394.08,0.0
2011-04-30 06:00:00,B3820,0.786,0.0,0.31,36.33,0.43600000000000005,5812.799999999999,6394.08,0.35
2011-04-30 07:00:00,B3820,0.214,0.0,1.28,36.33,-1.176,5812.799999999999,6394.08,1.39
2011-04-30 08:00:00,B3820,2.519,2.4,1.62,36.33,0.8090000000000002,5812.799999999999,6394.08,1.71
2011-04-30 09:00:00,B3820,2.519,2.4,1.79,36.33,0.649,5812.799999999999,6394.08,1.87
2011-04-30 10:00:00,B3820,2.519,2.4,2.02,36.33,0.43900000000000006,5812.799999999999,6394.08,2.08
2011-04-30 11:00:00,B3820,2.519,2.4,2.09,36.33,0.38900000000000023,5812.799999999999,6394.08,2.13
2011-04-30 12:00:00,B3820,3.186,2.4,2.0,36.33,1.1560000000000001,5812.799999999999,6394.08,2.03
2011-04-30 13:00:00,B3820,0.214,0.0,1.87,36.33,-1.686,5812.799999999999,6394.08,1.9
2011-04-30 14:00:00,B3820,0.119,0.0,1.68,36.33,-1.581,5812.799999999999,6394.08,1.7
2011-04-30 15:00:00,B3820,0.119,0.0,1.4,36.33,-1.301,5812.799999999999,6394.08,1.42
2011-04-30 16:00:00,B3820,0.119,0.0,1.16,36.33,-1.051,5812.799999999999,6394.08,1.17
2011-04-30 17:00:00,B3820,0.214,0.0,0.75,36.33,-0.536,5812.799999999999,6394.08,0.75
2011-04-30 18:00:00,B3820,0.786,0.0,0.0,36.33,0.786,5812.799999999999,6394.08,0.0
2011-04-30 19:00:00,B3820,0.977,0.0,0.0,36.33,0.977,5812.799999999999,6394.08,0.0
2011-04-30 20:00:00,B3820,0.214,0.0,0.0,36.33,0.214,5812.799999999999,6394.08,0.0
2011-04-30 21:00:00,B3820,0.214,0.0,0.0,36.33,0.214,5812.799999999999,6394.08,0.0
2011-04-30 22:00:00,B3820,0.214,0.0,0.0,36.33,0.214,5812.799999999999,6394.08,0.0
2011-04-30 23:00:00,B3820,0.119,0.0,0.0,36.33,0.119,5812.799999999999,6394.08,0.0
2011-05-01 00:00:00,B3820,0.119,0.0,0.0,36.33,0.119,5812.799999999999,6394.08,0.0
2011-05-01 01:00:00,B3820,0.119,0.0,0.0,36.33,0.119,5812.799999999999,6394.08,0.0
2011-05-01 02:00:00,B3820,0.119,0.0,0.0,36.33,0.119,5812.799999999999,6394.08,0.0
2011-05-01 03:00:00,B3820,0.119,0.0,0.0,36.33,0.119,5812.799999999999,6394.08,0.0
2011-05-01 04:00:00,B3820,0.119,0.0,0.0,36.33,0.119,5812.799999999999,6394.08,0.0
2011-05-01 05:00:00,B3820,0.214,0.0,0.0,36.33,0.214,5812.799999999999,6394.08,0.0
2011-05-01 06:00:00,B3820,0.786,0.0,0.3,36.33,0.456,5812.799999999999,6394.08,0.33
2011-05-01 07:00:00,B3820,0.214,0.0,1.29,36.33,-1.196,5812.799999999999,6394.08,1.41
2011-05-01 08:00:00,B3820,2.519,2.4,1.94,36.33,0.5090000000000003,5812.799999999999,6394.08,2.01
2011-05-01 09:00:00,B3820,2.519,2.4,2.34,36.33,0.11900000000000022,5812.799999999999,6394.08,2.4
2011-05-01 10:00:00,B3820,2.519,2.4,2.63,36.33,-0.1509999999999998,5812.799999999999,6394.08,2.67
2011-05-01 11:00:00,B3820,2.519,2.4,2.79,36.33,-0.2909999999999999,5812.799999999999,6394.08,2.81
2011-05-01 12:00:00,B3820,3.186,2.4,2.82,36.33,0.35599999999999987,5812.799999999999,6394.08,2.83
2011-05-01 13:00:00,B3820,0.214,0.0,2.73,36.33,-2.5260000000000002,5812.799999999999,6394.08,2.74
2011-05-01 14:00:00,B3820,0.119,0.0,2.53,36.33,-2.4210000000000003,5812.799999999999,6394.08,2.54
2011-05-01 15:00:00,B3820,0.119,0.0,2.2,36.33,-2.0810000000000004,5812.799999999999,6394.08,2.2
2011-05-01 16:00:00,B3820,0.119,0.0,1.74,36.33,-1.631,5812.799999999999,6394.08,1.75
2011-05-01 17:00:00,B3820,0.214,0.0,1.15,36.33,-0.9359999999999999,5812.799999999999,6394.08,1.15
2011-05-01 18:00:00,B3820,0.786,0.0,0.34,36.33,0.446,5812.799999999999,6394.08,0.34
2011-05-01 19:00:00,B3820,0.977,0.0,0.0,36.33,0.977,5812.799999999999,6394.08,0.0
2011-05-01 20:00:00,B3820,0.214,0.0,0.0,36.33,0.214,5812.799999999999,6394.08,0.0
2011-05-01 21:00:00,B3820,0.214,0.0,0.0,36.33,0.214,5812.799999999999,6394.08,0.0
2011-05-01 22:00:00,B3820,0.214,0.0,0.0,36.33,0.214,5812.799999999999,6394.08,0.0
2011-05-01 23:00:00,B3820,0.119,0.0,0.0,36.33,0.119,5812.799999999999,6394.08,0.0
2011-05-02 00:00:00,B3820,2.519,2.4,0.0,36.33,2.519,5812.799999999999,6394.08,0.0
2011-05-02 01:00:00,B3820,2.519,2.4,0.0,36.33,2.519,5812.799999999999,6394.08,0.0
2011-05-02 02:00:00,B3820,2.519,2.4,0.0,36.33,2.519,5812.799999999999,6394.08,0.0
2011-05-02 03:00:00,B3820,2.519,2.4,0.0,36.33,2.519,5812.799999999999,6394.08,0.0
2011-05-02 04:00:00,B3820,2.519,2.4,0.0,36.33,2.519,5812.799999999999,6394.08,0.0
2011-05-02 05:00:00,B3820,0.214,0.0,0.0,36.33,0.214,5812.799999999999,6394.08,0.0
2011-05-02 06:00:00,B3820,0.786,0.0,0.16,36.33,0.5960000000000001,5812.799999999999,6394.08,0.19
2011-05-02 07:00:00,B3820,0.215,0.0,1.61,36.33,-1.575,5812.799999999999,6394.08,1.79
2011-05-02 08:00:00,B3820,0.119,0.0,2.09,36.33,-2.0309999999999997,5812.799999999999,6394.08,2.15
2011-05-02 09:00:00,B3820,0.119,0.0,2.37,36.33,-2.301,5812.799999999999,6394.08,2.42
2011-05-02 10:00:00,B3820,0.119,0.0,2.61,36.33,-2.5309999999999997,5812.799999999999,6394.08,2.65
2011-05-02 11:00:00,B3820,0.119,0.0,2.76,36.33,-2.6609999999999996,5812.799999999999,6394.08,2.78
2011-05-02 12:00:00,B3820,0.786,0.0,2.78,36.33,-2.004,5812.799999999999,6394.08,2.79
2011-05-02 13:00:00,B3820,0.214,0.0,2.69,36.33,-2.486,5812.799999999999,6394.08,2.7
2011-05-02 14:00:00,B3820,0.119,0.0,2.47,36.33,-2.3609999999999998,5812.799999999999,6394.08,2.48
2011-05-02 15:00:00,B3820,0.119,0.0,2.14,36.33,-2.021,5812.799999999999,6394.08,2.14
2011-05-02 16:00:00,B3820,0.119,0.0,1.69,36.33,-1.581,5812.799999999999,6394.08,1.7
2011-05-02 17:00:00,B3820,0.214,0.0,1.12,36.33,-0.9060000000000001,5812.799999999999,6394.08,1.12
2011-05-02 18:00:00,B3820,0.786,0.0,0.33,36.33,0.456,5812.799999999999,6394.08,0.33
2011-05-02 19:00:00,B3820,0.977,0.0,0.0,36.33,0.977,5812.799999999999,6394.08,0.0
2011-05-02 20:00:00,B3820,0.214,0.0,0.0,36.33,0.214,5812.799999999999,6394.08,0.0
2011-05-02 21:00:00,B3820,0.214,0.0,0.0,36.33,0.214,5812.799999999999,6394.08,0.0
2011-05-02 22:00:00,B3820,0.214,0.0,0.0,36.33,0.214,5812.799999999999,6394.08,0.0
2011-05-02 23:00:00,B3820,0.119,0.0,0.0,36.33,0.119,5812.799999999999,6394.08,0.0
2011-05-03 00:00:00,B3820,2.519,2.4,0.0,36.33,2.519,5812.799999999999,6394.08,0.0
2011-05-03 01:00:00,B3820,2.519,2.4,0.0,36.33,2.519,5812.799999999999,6394.08,0.0
2011-05-03 02:00:00,B3820,2.519,2.4,0.0,36.33,2.519,5812.799999999999,6394.08,0.0
2011-05-03 03:00:00,B3820,2.519,2.4,0.0,36.33,2.519,5812.799999999999,6394.08,0.0
2011-05-03 04:00:00,B3820,2.519,2.4,0.0,36.33,2.519,5812.799999999999,6394.08,0.0
2011-05-03 05:00:00,B3820,0.214,0.0,0.0,36.33,0.214,5812.799999999999,6394.08,0.0
2011-05-03 06:00:00,B3820,0.786,0.0,0.16,36.33,0.5960000000000001,5812.799999999999,6394.08,0.19
2011-05-03 07:00:00,B3820,0.215,0.0,1.61,36.33,-1.585,5812.799999999999,6394.08,1.8
2011-05-03 08:00:00,B3820,0.119,0.0,2.09,36.33,-2.0309999999999997,5812.799999999999,6394.08,2.15
2011-05-03 09:00:00,B3820,0.119,0.0,2.38,36.33,-2.311,5812.799999999999,6394.08,2.43
2011-05-03 10:00:00,B3820,0.119,0.0,2.62,36.33,-2.5309999999999997,5812.799999999999,6394.08,2.65
2011-05-03 11:00:00,B3820,0.119,0.0,2.76,36.33,-2.6609999999999996,5812.799999999999,6394.08,2.78
2011-05-03 12:00:00,B3820,0.786,0.0,2.78,36.33,-2.004,5812.799999999999,6394.08,2.79
2011-05-03 13:00:00,B3820,0.214,0.0,2.7,36.33,-2.496,5812.799999999999,6394.08,2.71
2011-05-03 14:00:00,B3820,0.119,0.0,2.5,36.33,-2.391,5812.799999999999,6394.08,2.51
2011-05-03 15:00:00,B3820,0.119,0.0,2.17,36.33,-2.061,5812.799999999999,6394.08,2.18
2011-05-03 16:00:00,B3820,0.119,0.0,1.73,36.33,-1.611,5812.799999999999,6394.08,1.73
2011-05-03 17:00:00,B3820,0.214,0.0,1.15,36.33,-0.9359999999999999,5812.799999999999,6394.08,1.15
2011-05-03 18:00:00,B3820,0.786,0.0,0.34,36.33,0.446,5812.799999999999,6394.08,0.34
2011-05-03 19:00:00,B3820,0.977,0.0,0.0,36.33,0.977,5812.799999999999,6394.08,0.0
2011-05-03 20:00:00,B3820,0.214,0.0,0.0,36.33,0.214,5812.799999999999,6394.08,0.0
2011-05-03 21:00:00,B3820,0.214,0.0,0.0,36.33,0.214,5812.799999999999,6394.08,0.0
2011-05-03 22:00:00,B3820,0.214,0.0,0.0,36.33,0.214,5812.799999999999,6394.08,0.0
2011-05-03 23:00:00,B3820,0.119,0.0,0.0,36.33,0.119,5812.799999999999,6394.08,0.0
2011-05-04 00:00:00,B3820,2.519,2.4,0.0,36.33,2.519,5812.799999999999,6394.08,0.0
2011-05-04 01:00:00,B3820,2.519,2.4,0.0,36.33,2.519,5812.799999999999,6394.08,0.0
2011-05-04 02:00:00,B3820,2.519,2.4,0.0,36.33,2.519,5812.799999999999,6394.08,0.0
2011-05-04 03:00:00,B3820,2.519,2.4,0.0,36.33,2.519,5812.799999999999,6394.08,0.0
2011-05-04 04:00:00,B3820,2.519,2.4,0.0,36.33,2.519,5812.799999999999,6394.08,0.0
2011-05-04 05:00:00,B3820,0.214,0.0,0.0,36.33,0.214,5812.799999999999,6394.08,0.0
2011-05-04 06:00:00,B3820,0.786,0.0,0.17,36.33,0.5860000000000001,5812.799999999999,6394.08,0.2
2011-05-04 07:00:00,B3820,0.215,0.0,1.66,36.33,-1.625,5812.799999999999,6394.08,1.84
2011-05-04 08:00:00,B3820,0.119,0.0,2.14,36.33,-2.0810000000000004,5812.799999999999,6394.08,2.2
2011-05-04 09:00:00,B3820,0.119,0.0,2.43,36.33,-2.3609999999999998,5812.799999999999,6394.08,2.48
2011-05-04 10:00:00,B3820,0.119,0.0,2.66,36.33,-2.5709999999999997,5812.799999999999,6394.08,2.69
2011-05-04 11:00:00,B3820,0.119,0.0,2.8,36.33,-2.7009999999999996,5812.799999999999,6394.08,2.82
2011-05-04 12:00:00,B3820,0.786,0.0,2.83,36.33,-2.054,5812.799999999999,6394.08,2.84
2011-05-04 13:00:00,B3820,0.214,0.0,2.74,36.33,-2.536,5812.799999999999,6394.08,2.75
2011-05-04 14:00:00,B3820,0.119,0.0,2.54,36.33,-2.431,5812.799999999999,6394.08,2.55
2011-05-04 15:00:00,B3820,0.119,0.0,2.21,36.33,-2.101,5812.799999999999,6394.08,2.22
2011-05-04 16:00:00,B3820,0.119,0.0,1.76,36.33,-1.651,5812.799999999999,6394.08,1.77
2011-05-04 17:00:00,B3820,0.214,0.0,1.18,36.33,-0.966,5812.799999999999,6394.08,1.18
2011-05-04 18:00:00,B3820,0.786,0.0,0.36,36.33,0.42600000000000005,5812.799999999999,6394.08,0.36
2011-05-04 19:00:00,B3820,0.977,0.0,0.0,36.33,0.977,5812.799999999999,6394.08,0.0
2011-05-04 20:00:00,B3820,0.214,0.0,0.0,36.33,0.214,5812.799999999999,6394.08,0.0
2011-05-04 21:00:00,B3820,0.214,0.0,0.0,36.33,0.214,5812.799999999999,6394.08,0.0
2011-05-04 22:00:00,B3820,0.214,0.0,0.0,36.33,0.214,5812.799999999999,6394.08,0.0
2011-05-04 23:00:00,B3820,0.119,0.0,0.0,36.33,0.119,5812.799999999999,6394.08,0.0
2011-05-05 00:00:00,B3820,2.519,2.4,0.0,36.33,2.519,5812.799999999999,6394.08,0.0
2011-05-05 01:00:00,B3820,2.519,2.4,0.0,36.33,2.519,5812.799999999999,6394.08,0.0
2011-05-05 02:00:00,B3820,2.519,2.4,0.0,36.33,2.519,5812.799999999999,6394.08,0.0
2011-05-05 03:00:00,B3820,2.519,2.4,0.0,36.33,2.519,5812.799999999999,6394.08,0.0
2011-05-05 04:00:00,B3820,2.519,2.4,0.0,36.33,2.519,5812.799999999999,6394.08,0.0
2011-05-05 05:00:00,B3820,0.214,0.0,0.0,36.33,0.214,5812.799999999999,6394.08,0.0
2011-05-05 06:00:00,B3820,0.786,0.0,0.24,36.33,0.506,5812.799999999999,6394.08,0.28
2011-05-05 07:00:00,B3820,0.215,0.0,1.64,36.33,-1.605,5812.799999999999,6394.08,1.82
2011-05-05 08:00:00,B3820,0.119,0.0,2.19,36.33,-2.1310000000000002,5812.799999999999,6394.08,2.25
2011-05-05 09:00:00,B3820,0.119,0.0,2.48,36.33,-2.4109999999999996,5812.799999999999,6394.08,2.53
2011-05-05 10:00:00,B3820,0.119,0.0,2.68,36.33,-2.601,5812.799999999999,6394.08,2.72
2011-05-05 11:00:00,B3820,0.119,0.0,2.84,36.33,-2.7409999999999997,5812.799999999999,6394.08,2.86
2011-05-05 12:00:00,B3820,0.786,0.0,2.84,36.33,-2.064,5812.799999999999,6394.08,2.85
2011-05-05 13:00:00,B3820,0.214,0.0,2.77,36.33,-2.566,5812.799999999999,6394.08,2.78
2011-05-05 14:00:00,B3820,0.119,0.0,2.57,36.33,-2.4610000000000003,5812.799999999999,6394.08,2.58
2011-05-05 15:00:00,B3820,0.119,0.0,2.23,36.33,-2.1210000000000004,5812.799999999999,6394.08,2.24
2011-05-05 16:00:00,B3820,0.119,0.0,1.77,36.33,-1.651,5812.799999999999,6394.08,1.77
2011-05-05 17:00:00,B3820,0.214,0.0,1.21,36.33,-0.996,5812.799999999999,6394.08,1.21
2011-05-05 18:00:00,B3820,0.786,0.0,0.38,36.33,0.406,5812.799999999999,6394.08,0.38
2011-05-05 19:00:00,B3820,0.977,0.0,0.0,36.33,0.977,5812.799999999999,6394.08,0.0
2011-05-05 20:00:00,B3820,0.214,0.0,0.0,36.33,0.214,5812.799999999999,6394.08,0.0
2011-05-05 21:00:00,B3820,0.214,0.0,0.0,36.33,0.214,5812.799999999999,6394.08,0.0
2011-05-05 22:00:00,B3820,0.214,0.0,0.0,36.33,0.214,5812.799999999999,6394.08,0.0
2011-05-05 23:00:00,B3820,0.119,0.0,0.0,36.33,0.119,5812.799999999999,6394.08,0.0
2011-05-06 00:00:00,B3820,2.519,2.4,0.0,36.33,2.519,5812.799999999999,6394.08,0.0
2011-05-06 01:00:00,B3820,2.519,2.4,0.0,36.33,2.519,5812.799999999999,6394.08,0.0
2011-05-06 02:00:00,B3820,2.519,2.4,0.0,36.33,2.519,5812.799999999999,6394.08,0.0
2011-05-06 03:00:00,B3820,2.519,2.4,0.0,36.33,2.519,5812.799999999999,6394.08,0.0
2011-05-06 04:00:00,B3820,2.519,2.4,0.0,36.33,2.519,5812.799999999999,6394.08,0.0
2011-05-06 05:00:00,B3820,0.214,0.0,0.0,36.33,0.214,5812.799999999999,6394.08,0.0
2011-05-06 06:00:00,B3820,0.786,0.0,0.25,36.33,0.49600000000000005,5812.799999999999,6394.08,0.29
2011-05-06 07:00:00,B3820,0.215,0.0,1.66,36.33,-1.625,5812.799999999999,6394.08,1.84
2011-05-06 08:00:00,B3820,0.119,0.0,2.18,36.33,-2.1310000000000002,5812.799999999999,6394.08,2.25
2011-05-06 09:00:00,B3820,0.119,0.0,2.48,36.33,-2.4210000000000003,5812.799999999999,6394.08,2.54
2011-05-06 10:00:00,B3820,0.119,0.0,2.71,36.33,-2.6310000000000002,5812.799999999999,6394.08,2.75
2011-05-06 11:00:00,B3820,0.119,0.0,2.85,36.33,-2.761,5812.799999999999,6394.08,2.88
2011-05-06 12:00:00,B3820,0.786,0.0,2.87,36.33,-2.104,5812.799999999999,6394.08,2.89
2011-05-06 13:00:00,B3820,0.214,0.0,2.81,36.33,-2.606,5812.799999999999,6394.08,2.82
2011-05-06 14:00:00,B3820,0.119,0.0,2.63,36.33,-2.521,5812.799999999999,6394.08,2.64
2011-05-06 15:00:00,B3820,0.119,0.0,2.3,36.33,-2.191,5812.799999999999,6394.08,2.31
2011-05-06 16:00:00,B3820,0.119,0.0,1.83,36.33,-1.721,5812.799999999999,6394.08,1.84
2011-05-06 17:00:00,B3820,0.214,0.0,1.1,36.33,-0.8860000000000001,5812.799999999999,6394.08,1.1
2011-05-06 18:00:00,B3820,0.786,0.0,0.32,36.33,0.466,5812.799999999999,6394.08,0.32
2011-05-06 19:00:00,B3820,0.977,0.0,0.0,36.33,0.977,5812.799999999999,6394.08,0.0
2011-05-06 20:00:00,B3820,0.214,0.0,0.0,36.33,0.214,5812.799999999999,6394.08,0.0
2011-05-06 21:00:00,B3820,0.214,0.0,0.0,36.33,0.214,5812.799999999999,6394.08,0.0
2011-05-06 22:00:00,B3820,0.214,0.0,0.0,36.33,0.214,5812.799999999999,6394.08,0.0
2011-05-06 23:00:00,B3820,0.119,0.0,0.0,36.33,0.119,5812.799999999999,6394.08,0.0
2011-05-07 00:00:00,B3820,0.119,0.0,0.0,36.33,0.119,5812.799999999999,6394.08,0.0
2011-05-07 01:00:00,B3820,0.119,0.0,0.0,36.33,0.119,5812.799999999999,6394.08,0.0
2011-05-07 02:00:00,B3820,0.119,0.0,0.0,36.33,0.119,5812.799999999999,6394.08,0.0
2011-05-07 03:00:00,B3820,0.119,0.0,0.0,36.33,0.119,5812.799999999999,6394.08,0.0
2011-05-07 04:00:00,B3820,0.119,0.0,0.0,36.33,0.119,5812.799999999999,6394.08,0.0
2011-05-07 05:00:00,B3820,0.214,0.0,0.0,36.33,0.214,5812.799999999999,6394.08,0.0
2011-05-07 06:00:00,B3820,0.786,0.0,0.38,36.33,0.36600000000000005,5812.799999999999,6394.08,0.42
2011-05-07 07:00:00,B3820,0.214,0.0,1.45,36.33,-1.366,5812.799999999999,6394.08,1.58
2011-05-07 08:00:00,B3820,2.519,2.4,1.98,36.33,0.4490000000000003,5812.799999999999,6394.08,2.07
2011-05-07 09:00:00,B3820,2.519,2.4,2.26,36.33,0.17900000000000027,5812.799999999999,6394.08,2.34
2011-05-07 10:00:00,B3820,2.519,2.4,2.51,36.33,-0.05099999999999971,5812.799999999999,6394.08,2.57
2011-05-07 11:00:00,B3820,2.519,2.4,2.61,36.33,-0.121,5812.799999999999,6394.08,2.64
2011-05-07 12:00:00,B3820,3.186,2.4,2.43,36.33,0.7359999999999998,5812.799999999999,6394.08,2.45
2011-05-07 13:00:00,B3820,0.214,0.0,2.13,36.33,-1.9260000000000002,5812.799999999999,6394.08,2.14
2011-05-07 14:00:00,B3820,0.119,0.0,2.2,36.33,-2.091,5812.799999999999,6394.08,2.21
2011-05-07 15:00:00,B3820,0.119,0.0,2.16,36.33,-2.051,5812.799999999999,6394.08,2.17
2011-05-07 16:00:00,B3820,0.119,0.0,1.74,36.33,-1.621,5812.799999999999,6394.08,1.74
2011-05-07 17:00:00,B3820,0.214,0.0,1.16,36.33,-0.946,5812.799999999999,6394.08,1.16
2011-05-07 18:00:00,B3820,0.786,0.0,0.37,36.33,0.41600000000000004,5812.799999999999,6394.08,0.37
2011-05-07 19:00:00,B3820,0.977,0.0,0.0,36.33,0.977,5812.799999999999,6394.08,0.0
2011-05-07 20:00:00,B3820,0.214,0.0,0.0,36.33,0.214,5812.799999999999,6394.08,0.0
2011-05-07 21:00:00,B3820,0.214,0.0,0.0,36.33,0.214,5812.799999999999,6394.08,0.0
2011-05-07 22:00:00,B3820,0.214,0.0,0.0,36.33,0.214,5812.799999999999,6394.08,0.0
2011-05-07 23:00:00,B3820,0.119,0.0,0.0,36.33,0.119,5812.799999999999,6394.08,0.0
2011-05-08 00:00:00,B3820,0.119,0.0,0.0,36.33,0.119,5812.799999999999,6394.08,0.0
2011-05-08 01:00:00,B3820,0.119,0.0,0.0,36.33,0.119,5812.799999999999,6394.08,0.0
2011-05-08 02:00:00,B3820,0.119,0.0,0.0,36.33,0.119,5812.799999999999,6394.08,0.0
2011-05-08 03:00:00,B3820,0.119,0.0,0.0,36.33,0.119,5812.799999999999,6394.08,0.0
2011-05-08 04:00:00,B3820,0.119,0.0,0.0,36.33,0.119,5812.799999999999,6394.08,0.0
2011-05-08 05:00:00,B3820,0.214,0.0,0.0,36.33,0.214,5812.799999999999,6394.08,0.0
2011-05-08 06:00:00,B3820,0.786,0.0,0.31,36.33,0.43600000000000005,5812.799999999999,6394.08,0.35
2011-05-08 07:00:00,B3820,0.214,0.0,1.56,36.33,-1.506,5812.799999999999,6394.08,1.72
2011-05-08 08:00:00,B3820,2.519,2.4,2.1,36.33,0.33899999999999997,5812.799999999999,6394.08,2.18
2011-05-08 09:00:00,B3820,2.519,2.4,2.42,36.33,0.039000000000000146,5812.799999999999,6394.08,2.48
2011-05-08 10:00:00,B3820,2.519,2.4,2.7,36.33,-0.21099999999999985,5812.799999999999,6394.08,2.73
2011-05-08 11:00:00,B3820,2.519,2.4,2.82,36.33,-0.33099999999999996,5812.799999999999,6394.08,2.85
2011-05-08 12:00:00,B3820,3.186,2.4,2.84,36.33,0.33599999999999985,5812.799999999999,6394.08,2.85
2011-05-08 13:00:00,B3820,0.214,0.0,2.74,36.33,-2.536,5812.799999999999,6394.08,2.75
2011-05-08 14:00:00,B3820,0.119,0.0,2.56,36.33,-2.4509999999999996,5812.799999999999,6394.08,2.57
2011-05-08 15:00:00,B3820,0.119,0.0,2.23,36.33,-2.1210000000000004,5812.799999999999,6394.08,2.24
2011-05-08 16:00:00,B3820,0.119,0.0,1.78,36.33,-1.661,5812.799999999999,6394.08,1.78
2011-05-08 17:00:00,B3820,0.214,0.0,1.21,36.33,-0.996,5812.799999999999,6394.08,1.21
2011-05-08 18:00:00,B3820,0.786,0.0,0.38,36.33,0.406,5812.799999999999,6394.08,0.38
2011-05-08 19:00:00,B3820,0.977,0.0,0.0,36.33,0.977,5812.799999999999,6394.08,0.0
2011-05-08 20:00:00,B3820,0.214,0.0,0.0,36.33,0.214,5812.799999999999,6394.08,0.0
2011-05-08 21:00:00,B3820,0.214,0.0,0.0,36.33,0.214,5812.799999999999,6394.08,0.0
2011-05-08 22:00:00,B3820,0.214,0.0,0.0,36.33,0.214,5812.799999999999,6394.08,0.0
2011-05-08 23:00:00,B3820,0.119,0.0,0.0,36.33,0.119,5812.799999999999,6394.08,0.0
2011-05-09 00:00:00,B3820,2.519,2.4,0.0,36.33,2.519,5812.799999999999,6394.08,0.0
2011-05-09 01:00:00,B3820,2.519,2.4,0.0,36.33,2.519,5812.799999999999,6394.08,0.0
2011-05-09 02:00:00,B3820,2.519,2.4,0.0,36.33,2.519,5812.799999999999,6394.08,0.0
2011-05-09 03:00:00,B3820,2.519,2.4,0.0,36.33,2.519,5812.799999999999,6394.08,0.0
2011-05-09 04:00:00,B3820,2.519,2.4,0.0,36.33,2.519,5812.799999999999,6394.08,0.0
2011-05-09 05:00:00,B3820,0.214,0.0,0.0,36.33,0.214,5812.799999999999,6394.08,0.0
2011-05-09 06:00:00,B3820,0.786,0.0,0.32,36.33,0.43600000000000005,5812.799999999999,6394.08,0.35
2011-05-09 07:00:00,B3820,0.215,0.0,1.51,36.33,-1.4549999999999998,5812.799999999999,6394.08,1.67
2011-05-09 08:00:00,B3820,0.119,0.0,2.12,36.33,-2.0810000000000004,5812.799999999999,6394.08,2.2
2011-05-09 09:00:00,B3820,0.119,0.0,2.45,36.33,-2.3810000000000002,5812.799999999999,6394.08,2.5
2011-05-09 10:00:00,B3820,0.119,0.0,2.71,36.33,-2.6210000000000004,5812.799999999999,6394.08,2.74
2011-05-09 11:00:00,B3820,0.119,0.0,2.85,36.33,-2.7510000000000003,5812.799999999999,6394.08,2.87
2011-05-09 12:00:00,B3820,0.786,0.0,2.85,36.33,-2.074,5812.799999999999,6394.08,2.86
2011-05-09 13:00:00,B3820,0.214,0.0,2.77,36.33,-2.566,5812.799999999999,6394.08,2.78
2011-05-09 14:00:00,B3820,0.119,0.0,2.58,36.33,-2.471,5812.799999999999,6394.08,2.59
2011-05-09 15:00:00,B3820,0.119,0.0,2.22,36.33,-2.101,5812.799999999999,6394.08,2.22
2011-05-09 16:00:00,B3820,0.119,0.0,1.74,36.33,-1.631,5812.799999999999,6394.08,1.75
2011-05-09 17:00:00,B3820,0.214,0.0,1.17,36.33,-0.956,5812.799999999999,6394.08,1.17
2011-05-09 18:00:00,B3820,0.786,0.0,0.38,36.33,0.406,5812.799999999999,6394.08,0.38
2011-05-09 19:00:00,B3820,0.977,0.0,0.0,36.33,0.977,5812.799999999999,6394.08,0.0
2011-05-09 20:00:00,B3820,0.214,0.0,0.0,36.33,0.214,5812.799999999999,6394.08,0.0
2011-05-09 21:00:00,B3820,0.214,0.0,0.0,36.33,0.214,5812.799999999999,6394.08,0.0
2011-05-09 22:00:00,B3820,0.214,0.0,0.0,36.33,0.214,5812.799999999999,6394.08,0.0
2011-05-09 23:00:00,B3820,0.119,0.0,0.0,36.33,0.119,5812.799999999999,6394.08,0.0
2011-05-10 00:00:00,B3820,2.519,2.4,0.0,36.33,2.519,5812.799999999999,6394.08,0.0
2011-05-10 01:00:00,B3820,2.519,2.4,0.0,36.33,2.519,5812.799999999999,6394.08,0.0
2011-05-10 02:00:00,B3820,2.519,2.4,0.0,36.33,2.519,5812.799999999999,6394.08,0.0
2011-05-10 03:00:00,B3820,2.519,2.4,0.0,36.33,2.519,5812.799999999999,6394.08,0.0
2011-05-10 04:00:00,B3820,2.519,2.4,0.0,36.33,2.519,5812.799999999999,6394.08,0.0
2011-05-10 05:00:00,B3820,0.214,0.0,0.0,36.33,0.214,5812.799999999999,6394.08,0.0
2011-05-10 06:00:00,B3820,0.786,0.0,0.33,36.33,0.41600000000000004,5812.799999999999,6394.08,0.37
2011-05-10 07:00:00,B3820,0.215,0.0,1.46,36.33,-1.385,5812.799999999999,6394.08,1.6
2011-05-10 08:00:00,B3820,0.119,0.0,2.01,36.33,-1.9709999999999999,5812.799999999999,6394.08,2.09
2011-05-10 09:00:00,B3820,0.119,0.0,2.39,36.33,-2.3310000000000004,5812.799999999999,6394.08,2.45
2011-05-10 10:00:00,B3820,0.119,0.0,2.67,36.33,-2.601,5812.799999999999,6394.08,2.72
2011-05-10 11:00:00,B3820,0.119,0.0,2.83,36.33,-2.7409999999999997,5812.799999999999,6394.08,2.86
2011-05-10 12:00:00,B3820,0.786,0.0,2.86,36.33,-2.094,5812.799999999999,6394.08,2.88
2011-05-10 13:00:00,B3820,0.214,0.0,2.8,36.33,-2.596,5812.799999999999,6394.08,2.81
2011-05-10 14:00:00,B3820,0.119,0.0,2.59,36.33,-2.481,5812.799999999999,6394.08,2.6
2011-05-10 15:00:00,B3820,0.119,0.0,2.24,36.33,-2.1310000000000002,5812.799999999999,6394.08,2.25
2011-05-10 16:00:00,B3820,0.119,0.0,1.76,36.33,-1.651,5812.799999999999,6394.08,1.77
2011-05-10 17:00:00,B3820,0.214,0.0,1.12,36.33,-0.9060000000000001,5812.799999999999,6394.08,1.12
2011-05-10 18:00:00,B3820,0.786,0.0,0.36,36.33,0.42600000000000005,5812.799999999999,6394.08,0.36
2011-05-10 19:00:00,B3820,0.977,0.0,0.0,36.33,0.977,5812.799999999999,6394.08,0.0
2011-05-10 20:00:00,B3820,0.214,0.0,0.0,36.33,0.214,5812.799999999999,6394.08,0.0
2011-05-10 21:00:00,B3820,0.214,0.0,0.0,36.33,0.214,5812.799999999999,6394.08,0.0
2011-05-10 22:00:00,B3820,0.214,0.0,0.0,36.33,0.214,5812.799999999999,6394.08,0.0
2011-05-10 23:00:00,B3820,0.119,0.0,0.0,36.33,0.119,5812.799999999999,6394.08,0.0
2011-05-11 00:00:00,B3820,2.519,2.4,0.0,36.33,2.519,5812.799999999999,6394.08,0.0
2011-05-11 01:00:00,B3820,2.519,2.4,0.0,36.33,2.519,5812.799999999999,6394.08,0.0
2011-05-11 02:00:00,B3820,2.519,2.4,0.0,36.33,2.519,5812.799999999999,6394.08,0.0
2011-05-11 03:00:00,B3820,2.519,2.4,0.0,36.33,2.519,5812.799999999999,6394.08,0.0
2011-05-11 04:00:00,B3820,2.519,2.4,0.0,36.33,2.519,5812.799999999999,6394.08,0.0
2011-05-11 05:00:00,B3820,0.214,0.0,0.0,36.33,0.214,5812.799999999999,6394.08,0.0
2011-05-11 06:00:00,B3820,0.786,0.0,0.4,36.33,0.34600000000000003,5812.799999999999,6394.08,0.44
2011-05-11 07:00:00,B3820,0.215,0.0,1.32,36.33,-1.2149999999999999,5812.799999999999,6394.08,1.43
2011-05-11 08:00:00,B3820,0.119,0.0,1.96,36.33,-1.9309999999999998,5812.799999999999,6394.08,2.05
2011-05-11 09:00:00,B3820,0.119,0.0,2.41,36.33,-2.351,5812.799999999999,6394.08,2.47
2011-05-11 10:00:00,B3820,0.119,0.0,2.76,36.33,-2.681,5812.799999999999,6394.08,2.8
2011-05-11 11:00:00,B3820,0.119,0.0,2.94,36.33,-2.841,5812.799999999999,6394.08,2.96
2011-05-11 12:00:00,B3820,0.786,0.0,2.98,36.33,-2.204,5812.799999999999,6394.08,2.99
2011-05-11 13:00:00,B3820,0.214,0.0,2.9,36.33,-2.696,5812.799999999999,6394.08,2.91
2011-05-11 14:00:00,B3820,0.119,0.0,2.71,36.33,-2.601,5812.799999999999,6394.08,2.72
2011-05-11 15:00:00,B3820,0.119,0.0,2.38,36.33,-2.271,5812.799999999999,6394.08,2.39
2011-05-11 16:00:00,B3820,0.119,0.0,1.93,36.33,-1.811,5812.799999999999,6394.08,1.93
2011-05-11 17:00:00,B3820,0.214,0.0,1.33,36.33,-1.116,5812.799999999999,6394.08,1.33
2011-05-11 18:00:00,B3820,0.786,0.0,0.44,36.33,0.34600000000000003,5812.799999999999,6394.08,0.44
2011-05-11 19:00:00,B3820,0.977,0.0,0.0,36.33,0.977,5812.799999999999,6394.08,0.0
2011-05-11 20:00:00,B3820,0.214,0.0,0.0,36.33,0.214,5812.799999999999,6394.08,0.0
2011-05-11 21:00:00,B3820,0.214,0.0,0.0,36.33,0.214,5812.799999999999,6394.08,0.0
2011-05-11 22:00:00,B3820,0.214,0.0,0.0,36.33,0.214,5812.799999999999,6394.08,0.0
2011-05-11 23:00:00,B3820,0.119,0.0,0.0,36.33,0.119,5812.799999999999,6394.08,0.0
2011-05-12 00:00:00,B3820,2.519,2.4,0.0,36.33,2.519,5812.799999999999,6394.08,0.0
2011-05-12 01:00:00,B3820,2.519,2.4,0.0,36.33,2.519,5812.799999999999,6394.08,0.0
2011-05-12 02:00:00,B3820,2.519,2.4,0.0,36.33,2.519,5812.799999999999,6394.08,0.0
2011-05-12 03:00:00,B3820,2.519,2.4,0.0,36.33,2.519,5812.799999999999,6394.08,0.0
2011-05-12 04:00:00,B3820,2.519,2.4,0.0,36.33,2.519,5812.799999999999,6394.08,0.0
2011-05-12 05:00:00,B3820,0.214,0.0,0.0,36.33,0.214,5812.799999999999,6394.08,0.0
2011-05-12 06:00:00,B3820,0.786,0.0,0.2,36.33,0.546,5812.799999999999,6394.08,0.24
2011-05-12 07:00:00,B3820,0.215,0.0,1.87,36.33,-1.865,5812.799999999999,6394.08,2.08
2011-05-12 08:00:00,B3820,0.119,0.0,2.33,36.33,-2.2809999999999997,5812.799999999999,6394.08,2.4
2011-05-12 09:00:00,B3820,0.119,0.0,2.6,36.33,-2.5309999999999997,5812.799999999999,6394.08,2.65
2011-05-12 10:00:00,B3820,0.119,0.0,2.81,36.33,-2.731,5812.799999999999,6394.08,2.85
2011-05-12 11:00:00,B3820,0.119,0.0,2.95,36.33,-2.851,5812.799999999999,6394.08,2.97
2011-05-12 12:00:00,B3820,0.786,0.0,2.96,36.33,-2.184,5812.799999999999,6394.08,2.97
2011-05-12 13:00:00,B3820,0.214,0.0,2.89,36.33,-2.686,5812.799999999999,6394.08,2.9
2011-05-12 14:00:00,B3820,0.119,0.0,2.69,36.33,-2.5709999999999997,5812.799999999999,6394.08,2.69
2011-05-12 15:00:00,B3820,0.119,0.0,2.37,36.33,-2.261,5812.799999999999,6394.08,2.38
2011-05-12 16:00:00,B3820,0.119,0.0,1.9,36.33,-1.791,5812.799999999999,6394.08,1.91
2011-05-12 17:00:00,B3820,0.214,0.0,1.31,36.33,-1.096,5812.799999999999,6394.08,1.31
2011-05-12 18:00:00,B3820,0.786,0.0,0.43,36.33,0.35600000000000004,5812.799999999999,6394.08,0.43
2011-05-12 19:00:00,B3820,0.977,0.0,0.0,36.33,0.977,5812.799999999999,6394.08,0.0
2011-05-12 20:00:00,B3820,0.214,0.0,0.0,36.33,0.214,5812.799999999999,6394.08,0.0
2011-05-12 21:00:00,B3820,0.214,0.0,0.0,36.33,0.214,5812.799999999999,6394.08,0.0
2011-05-12 22:00:00,B3820,0.214,0.0,0.0,36.33,0.214,5812.799999999999,6394.08,0.0
2011-05-12 23:00:00,B3820,0.119,0.0,0.0,36.33,0.119,5812.799999999999,6394.08,0.0
2011-05-13 00:00:00,B3820,2.519,2.4,0.0,36.33,2.519,5812.799999999999,6394.08,0.0
2011-05-13 01:00:00,B3820,2.519,2.4,0.0,36.33,2.519,5812.799999999999,6394.08,0.0
2011-05-13 02:00:00,B3820,2.519,2.4,0.0,36.33,2.519,5812.799999999999,6394.08,0.0
2011-05-13 03:00:00,B3820,2.519,2.4,0.0,36.33,2.519,5812.799999999999,6394.08,0.0
2011-05-13 04:00:00,B3820,2.519,2.4,0.0,36.33,2.519,5812.799999999999,6394.08,0.0
2011-05-13 05:00:00,B3820,0.214,0.0,0.0,36.33,0.214,5812.799999999999,6394.08,0.0
2011-05-13 06:00:00,B3820,0.786,0.0,1.6,36.33,-1.334,5812.799999999999,6394.08,2.12
2011-05-13 07:00:00,B3820,0.215,0.0,1.91,36.33,-1.905,5812.799999999999,6394.08,2.12
2011-05-13 08:00:00,B3820,0.119,0.0,2.37,36.33,-2.3209999999999997,5812.799999999999,6394.08,2.44
2011-05-13 09:00:00,B3820,0.119,0.0,2.64,36.33,-2.5709999999999997,5812.799999999999,6394.08,2.69
2011-05-13 10:00:00,B3820,0.119,0.0,2.87,36.33,-2.7809999999999997,5812.799999999999,6394.08,2.9
2011-05-13 11:00:00,B3820,0.119,0.0,3.0,36.33,-2.901,5812.799999999999,6394.08,3.02
2011-05-13 12:00:00,B3820,0.786,0.0,3.02,36.33,-2.2439999999999998,5812.799999999999,6394.08,3.03
2011-05-13 13:00:00,B3820,0.214,0.0,2.91,36.33,-2.706,5812.799999999999,6394.08,2.92
2011-05-13 14:00:00,B3820,0.119,0.0,2.71,36.33,-2.601,5812.799999999999,6394.08,2.72
2011-05-13 15:00:00,B3820,0.119,0.0,2.38,36.33,-2.271,5812.799999999999,6394.08,2.39
2011-05-13 16:00:00,B3820,0.119,0.0,1.93,36.33,-1.821,5812.799999999999,6394.08,1.94
2011-05-13 17:00:00,B3820,0.214,0.0,1.35,36.33,-1.1360000000000001,5812.799999999999,6394.08,1.35
2011-05-13 18:00:00,B3820,0.786,0.0,0.45,36.33,0.336,5812.799999999999,6394.08,0.45
2011-05-13 19:00:00,B3820,0.977,0.0,0.0,36.33,0.977,5812.799999999999,6394.08,0.0
2011-05-13 20:00:00,B3820,0.214,0.0,0.0,36.33,0.214,5812.799999999999,6394.08,0.0
2011-05-13 21:00:00,B3820,0.214,0.0,0.0,36.33,0.214,5812.799999999999,6394.08,0.0
2011-05-13 22:00:00,B3820,0.214,0.0,0.0,36.33,0.214,5812.799999999999,6394.08,0.0
2011-05-13 23:00:00,B3820,0.119,0.0,0.0,36.33,0.119,5812.799999999999,6394.08,0.0
2011-05-14 00:00:00,B3820,0.119,0.0,0.0,36.33,0.119,5812.799999999999,6394.08,0.0
2011-05-14 01:00:00,B3820,0.119,0.0,0.0,36.33,0.119,5812.799999999999,6394.08,0.0
2011-05-14 02:00:00,B3820,0.119,0.0,0.0,36.33,0.119,5812.799999999999,6394.08,0.0
2011-05-14 03:00:00,B3820,0.119,0.0,0.0,36.33,0.119,5812.799999999999,6394.08,0.0
2011-05-14 04:00:00,B3820,0.119,0.0,0.0,36.33,0.119,5812.799999999999,6394.08,0.0
2011-05-14 05:00:00,B3820,0.214,0.0,0.0,36.33,0.214,5812.799999999999,6394.08,0.0
2011-05-14 06:00:00,B3820,0.786,0.0,1.59,36.33,-1.314,5812.799999999999,6394.08,2.1
2011-05-14 07:00:00,B3820,0.214,0.0,1.83,36.33,-1.826,5812.799999999999,6394.08,2.04
2011-05-14 08:00:00,B3820,2.519,2.4,2.28,36.33,0.15900000000000025,5812.799999999999,6394.08,2.36
2011-05-14 09:00:00,B3820,2.519,2.4,2.58,36.33,-0.121,5812.799999999999,6394.08,2.64
2011-05-14 10:00:00,B3820,2.519,2.4,2.8,36.33,-0.33099999999999996,5812.799999999999,6394.08,2.85
2011-05-14 11:00:00,B3820,2.519,2.4,2.92,36.33,-0.4209999999999998,5812.799999999999,6394.08,2.94
2011-05-14 12:00:00,B3820,3.186,2.4,2.91,36.33,0.266,5812.799999999999,6394.08,2.92
2011-05-14 13:00:00,B3820,0.214,0.0,2.82,36.33,-2.616,5812.799999999999,6394.08,2.83
2011-05-14 14:00:00,B3820,0.119,0.0,2.62,36.33,-2.511,5812.799999999999,6394.08,2.63
2011-05-14 15:00:00,B3820,0.119,0.0,2.31,36.33,-2.191,5812.799999999999,6394.08,2.31
2011-05-14 16:00:00,B3820,0.119,0.0,1.87,36.33,-1.7510000000000001,5812.799999999999,6394.08,1.87
2011-05-14 17:00:00,B3820,0.214,0.0,1.32,36.33,-1.106,5812.799999999999,6394.08,1.32
2011-05-14 18:00:00,B3820,0.786,0.0,0.44,36.33,0.34600000000000003,5812.799999999999,6394.08,0.44
2011-05-14 19:00:00,B3820,0.977,0.0,0.0,36.33,0.977,5812.799999999999,6394.08,0.0
2011-05-14 20:00:00,B3820,0.214,0.0,0.0,36.33,0.214,5812.799999999999,6394.08,0.0
2011-05-14 21:00:00,B3820,0.214,0.0,0.0,36.33,0.214,5812.799999999999,6394.08,0.0
2011-05-14 22:00:00,B3820,0.214,0.0,0.0,36.33,0.214,5812.799999999999,6394.08,0.0
2011-05-14 23:00:00,B3820,0.119,0.0,0.0,36.33,0.119,5812.799999999999,6394.08,0.0
2011-05-15 00:00:00,B3820,0.119,0.0,0.0,36.33,0.119,5812.799999999999,6394.08,0.0
2011-05-15 01:00:00,B3820,0.119,0.0,0.0,36.33,0.119,5812.799999999999,6394.08,0.0
2011-05-15 02:00:00,B3820,0.119,0.0,0.0,36.33,0.119,5812.799999999999,6394.08,0.0
2011-05-15 03:00:00,B3820,0.119,0.0,0.0,36.33,0.119,5812.799999999999,6394.08,0.0
2011-05-15 04:00:00,B3820,0.119,0.0,0.0,36.33,0.119,5812.799999999999,6394.08,0.0
2011-05-15 05:00:00,B3820,0.214,0.0,0.0,36.33,0.214,5812.799999999999,6394.08,0.0
2011-05-15 06:00:00,B3820,0.786,0.0,1.56,36.33,-1.294,5812.799999999999,6394.08,2.08
2011-05-15 07:00:00,B3820,0.214,0.0,1.86,36.33,-1.866,5812.799999999999,6394.08,2.08
2011-05-15 08:00:00,B3820,2.519,2.4,2.31,36.33,0.13900000000000023,5812.799999999999,6394.08,2.38
2011-05-15 09:00:00,B3820,2.519,2.4,2.57,36.33,-0.10099999999999998,5812.799999999999,6394.08,2.62
2011-05-15 10:00:00,B3820,2.519,2.4,2.79,36.33,-0.3009999999999997,5812.799999999999,6394.08,2.82
2011-05-15 11:00:00,B3820,2.519,2.4,2.9,36.33,-0.4009999999999998,5812.799999999999,6394.08,2.92
2011-05-15 12:00:00,B3820,3.186,2.4,2.93,36.33,0.23599999999999977,5812.799999999999,6394.08,2.95
2011-05-15 13:00:00,B3820,0.214,0.0,2.85,36.33,-2.646,5812.799999999999,6394.08,2.86
2011-05-15 14:00:00,B3820,0.119,0.0,2.67,36.33,-2.551,5812.799999999999,6394.08,2.67
2011-05-15 15:00:00,B3820,0.119,0.0,2.34,36.33,-2.231,5812.799999999999,6394.08,2.35
2011-05-15 16:00:00,B3820,0.119,0.0,1.89,36.33,-1.781,5812.799999999999,6394.08,1.9
2011-05-15 17:00:00,B3820,0.214,0.0,1.32,36.33,-1.106,5812.799999999999,6394.08,1.32
2011-05-15 18:00:00,B3820,0.786,0.0,0.45,36.33,0.336,5812.799999999999,6394.08,0.45
2011-05-15 19:00:00,B3820,0.977,0.0,0.0,36.33,0.977,5812.799999999999,6394.08,0.0
2011-05-15 20:00:00,B3820,0.214,0.0,0.0,36.33,0.214,5812.799999999999,6394.08,0.0
2011-05-15 21:00:00,B3820,0.214,0.0,0.0,36.33,0.214,5812.799999999999,6394.08,0.0
2011-05-15 22:00:00,B3820,0.214,0.0,0.0,36.33,0.214,5812.799999999999,6394.08,0.0
2011-05-15 23:00:00,B3820,0.119,0.0,0.0,36.33,0.119,5812.799999999999,6394.08,0.0
2011-05-16 00:00:00,B3820,2.519,2.4,0.0,36.33,2.519,5812.799999999999,6394.08,0.0
2011-05-16 01:00:00,B3820,2.519,2.4,0.0,36.33,2.519,5812.799999999999,6394.08,0.0
2011-05-16 02:00:00,B3820,2.519,2.4,0.0,36.33,2.519,5812.799999999999,6394.08,0.0
2011-05-16 03:00:00,B3820,2.519,2.4,0.0,36.33,2.519,5812.799999999999,6394.08,0.0
2011-05-16 04:00:00,B3820,2.519,2.4,0.0,36.33,2.519,5812.799999999999,6394.08,0.0
2011-05-16 05:00:00,B3820,0.214,0.0,0.0,36.33,0.214,5812.799999999999,6394.08,0.0
2011-05-16 06:00:00,B3820,0.786,0.0,1.28,36.33,-0.8539999999999999,5812.799999999999,6394.08,1.64
2011-05-16 07:00:00,B3820,0.215,0.0,1.57,36.33,-1.515,5812.799999999999,6394.08,1.73
2011-05-16 08:00:00,B3820,0.119,0.0,1.96,36.33,-1.921,5812.799999999999,6394.08,2.04
2011-05-16 09:00:00,B3820,0.119,0.0,2.2,36.33,-2.1310000000000002,5812.799999999999,6394.08,2.25
2011-05-16 10:00:00,B3820,0.119,0.0,2.52,36.33,-2.441,5812.799999999999,6394.08,2.56
2011-05-16 11:00:00,B3820,0.119,0.0,2.86,36.33,-2.771,5812.799999999999,6394.08,2.89
2011-05-16 12:00:00,B3820,0.786,0.0,2.89,36.33,-2.124,5812.799999999999,6394.08,2.91
2011-05-16 13:00:00,B3820,0.214,0.0,2.75,36.33,-2.546,5812.799999999999,6394.08,2.76
2011-05-16 14:00:00,B3820,0.119,0.0,2.47,36.33,-2.3609999999999998,5812.799999999999,6394.08,2.48
2011-05-16 15:00:00,B3820,0.119,0.0,1.92,36.33,-1.811,5812.799999999999,6394.08,1.93
2011-05-16 16:00:00,B3820,0.119,0.0,1.39,36.33,-1.281,5812.799999999999,6394.08,1.4
2011-05-16 17:00:00,B3820,0.214,0.0,1.1,36.33,-0.8860000000000001,5812.799999999999,6394.08,1.1
2011-05-16 18:00:00,B3820,0.786,0.0,0.42,36.33,0.36600000000000005,5812.799999999999,6394.08,0.42
2011-05-16 19:00:00,B3820,0.977,0.0,0.0,36.33,0.977,5812.799999999999,6394.08,0.0
2011-05-16 20:00:00,B3820,0.214,0.0,0.0,36.33,0.214,5812.799999999999,6394.08,0.0
2011-05-16 21:00:00,B3820,0.214,0.0,0.0,36.33,0.214,5812.799999999999,6394.08,0.0
2011-05-16 22:00:00,B3820,0.214,0.0,0.0,36.33,0.214,5812.799999999999,6394.08,0.0
2011-05-16 23:00:00,B3820,0.119,0.0,0.0,36.33,0.119,5812.799999999999,6394.08,0.0
2011-05-17 00:00:00,B3820,2.519,2.4,0.0,36.33,2.519,5812.799999999999,6394.08,0.0
2011-05-17 01:00:00,B3820,2.519,2.4,0.0,36.33,2.519,5812.799999999999,6394.08,0.0
2011-05-17 02:00:00,B3820,2.519,2.4,0.0,36.33,2.519,5812.799999999999,6394.08,0.0
2011-05-17 03:00:00,B3820,2.519,2.4,0.0,36.33,2.519,5812.799999999999,6394.08,0.0
2011-05-17 04:00:00,B3820,2.519,2.4,0.0,36.33,2.519,5812.799999999999,6394.08,0.0
2011-05-17 05:00:00,B3820,0.214,0.0,0.0,36.33,0.214,5812.799999999999,6394.08,0.0
2011-05-17 06:00:00,B3820,0.786,0.0,1.64,36.33,-1.404,5812.799999999999,6394.08,2.19
2011-05-17 07:00:00,B3820,0.215,0.0,1.96,36.33,-1.965,5812.799999999999,6394.08,2.18
2011-05-17 08:00:00,B3820,0.119,0.0,2.42,36.33,-2.3810000000000002,5812.799999999999,6394.08,2.5
2011-05-17 09:00:00,B3820,0.119,0.0,2.7,36.33,-2.6310000000000002,5812.799999999999,6394.08,2.75
2011-05-17 10:00:00,B3820,0.119,0.0,2.93,36.33,-2.851,5812.799999999999,6394.08,2.97
2011-05-17 11:00:00,B3820,0.119,0.0,3.07,36.33,-2.971,5812.799999999999,6394.08,3.09
2011-05-17 12:00:00,B3820,0.786,0.0,3.09,36.33,-2.314,5812.799999999999,6394.08,3.1
2011-05-17 13:00:00,B3820,0.214,0.0,3.0,36.33,-2.796,5812.799999999999,6394.08,3.01
2011-05-17 14:00:00,B3820,0.119,0.0,2.79,36.33,-2.681,5812.799999999999,6394.08,2.8
2011-05-17 15:00:00,B3820,0.119,0.0,2.46,36.33,-2.351,5812.799999999999,6394.08,2.47
2011-05-17 16:00:00,B3820,0.119,0.0,2.02,36.33,-1.9109999999999998,5812.799999999999,6394.08,2.03
2011-05-17 17:00:00,B3820,0.214,0.0,1.43,36.33,-1.216,5812.799999999999,6394.08,1.43
2011-05-17 18:00:00,B3820,0.786,0.0,0.5,36.33,0.28600000000000003,5812.799999999999,6394.08,0.5
2011-05-17 19:00:00,B3820,0.977,0.0,0.0,36.33,0.977,5812.799999999999,6394.08,0.0
2011-05-17 20:00:00,B3820,0.214,0.0,0.0,36.33,0.214,5812.799999999999,6394.08,0.0
2011-05-17 21:00:00,B3820,0.214,0.0,0.0,36.33,0.214,5812.799999999999,6394.08,0.0
2011-05-17 22:00:00,B3820,0.214,0.0,0.0,36.33,0.214,5812.799999999999,6394.08,0.0
2011-05-17 23:00:00,B3820,0.119,0.0,0.0,36.33,0.119,5812.799999999999,6394.08,0.0
2011-05-18 00:00:00,B3820,2.519,2.4,0.0,36.33,2.519,5812.799999999999,6394.08,0.0
2011-05-18 01:00:00,B3820,2.519,2.4,0.0,36.33,2.519,5812.799999999999,6394.08,0.0
2011-05-18 02:00:00,B3820,2.519,2.4,0.0,36.33,2.519,5812.799999999999,6394.08,0.0
2011-05-18 03:00:00,B3820,2.519,2.4,0.0,36.33,2.519,5812.799999999999,6394.08,0.0
2011-05-18 04:00:00,B3820,2.519,2.4,0.0,36.33,2.519,5812.799999999999,6394.08,0.0
2011-05-18 05:00:00,B3820,0.214,0.0,0.0,36.33,0.214,5812.799999999999,6394.08,0.0
2011-05-18 06:00:00,B3820,0.786,0.0,1.65,36.33,-1.404,5812.799999999999,6394.08,2.19
2011-05-18 07:00:00,B3820,0.215,0.0,1.96,36.33,-1.965,5812.799999999999,6394.08,2.18
2011-05-18 08:00:00,B3820,0.119,0.0,2.41,36.33,-2.3710000000000004,5812.799999999999,6394.08,2.49
2011-05-18 09:00:00,B3820,0.119,0.0,2.68,36.33,-2.6109999999999998,5812.799999999999,6394.08,2.73
2011-05-18 10:00:00,B3820,0.119,0.0,2.91,36.33,-2.8209999999999997,5812.799999999999,6394.08,2.94
2011-05-18 11:00:00,B3820,0.119,0.0,3.04,36.33,-2.941,5812.799999999999,6394.08,3.06
2011-05-18 12:00:00,B3820,0.786,0.0,3.07,36.33,-2.294,5812.799999999999,6394.08,3.08
2011-05-18 13:00:00,B3820,0.214,0.0,2.98,36.33,-2.7760000000000002,5812.799999999999,6394.08,2.99
2011-05-18 14:00:00,B3820,0.119,0.0,2.79,36.33,-2.681,5812.799999999999,6394.08,2.8
2011-05-18 15:00:00,B3820,0.119,0.0,2.47,36.33,-2.3609999999999998,5812.799999999999,6394.08,2.48
2011-05-18 16:00:00,B3820,0.119,0.0,2.02,36.33,-1.9109999999999998,5812.799999999999,6394.08,2.03
2011-05-18 17:00:00,B3820,0.214,0.0,1.37,36.33,-1.1560000000000001,5812.799999999999,6394.08,1.37
2011-05-18 18:00:00,B3820,0.786,0.0,0.47,36.33,0.31600000000000006,5812.799999999999,6394.08,0.47
2011-05-18 19:00:00,B3820,0.977,0.0,0.0,36.33,0.977,5812.799999999999,6394.08,0.0
2011-05-18 20:00:00,B3820,0.214,0.0,0.0,36.33,0.214,5812.799999999999,6394.08,0.0
2011-05-18 21:00:00,B3820,0.214,0.0,0.0,36.33,0.214,5812.799999999999,6394.08,0.0
2011-05-18 22:00:00,B3820,0.214,0.0,0.0,36.33,0.214,5812.799999999999,6394.08,0.0
2011-05-18 23:00:00,B3820,0.119,0.0,0.0,36.33,0.119,5812.799999999999,6394.08,0.0
2011-05-19 00:00:00,B3820,2.519,2.4,0.0,36.33,2.519,5812.799999999999,6394.08,0.0
2011-05-19 01:00:00,B3820,2.519,2.4,0.0,36.33,2.519,5812.799999999999,6394.08,0.0
2011-05-19 02:00:00,B3820,2.519,2.4,0.0,36.33,2.519,5812.799999999999,6394.08,0.0
2011-05-19 03:00:00,B3820,2.519,2.4,0.0,36.33,2.519,5812.799999999999,6394.08,0.0
2011-05-19 04:00:00,B3820,2.519,2.4,0.0,36.33,2.519,5812.799999999999,6394.08,0.0
2011-05-19 05:00:00,B3820,0.214,0.0,0.0,36.33,0.214,5812.799999999999,6394.08,0.0
2011-05-19 06:00:00,B3820,0.786,0.0,1.3,36.33,-0.8639999999999999,5812.799999999999,6394.08,1.65
2011-05-19 07:00:00,B3820,0.215,0.0,1.7,36.33,-1.6649999999999998,5812.799999999999,6394.08,1.88
2011-05-19 08:00:00,B3820,0.119,0.0,2.04,36.33,-2.011,5812.799999999999,6394.08,2.13
2011-05-19 09:00:00,B3820,0.119,0.0,2.27,36.33,-2.2110000000000003,5812.799999999999,6394.08,2.33
2011-05-19 10:00:00,B3820,0.119,0.0,2.48,36.33,-2.4109999999999996,5812.799999999999,6394.08,2.53
2011-05-19 11:00:00,B3820,0.119,0.0,2.37,36.33,-2.271,5812.799999999999,6394.08,2.39
2011-05-19 12:00:00,B3820,0.786,0.0,2.4,36.33,-1.634,5812.799999999999,6394.08,2.42
2011-05-19 13:00:00,B3820,0.214,0.0,2.48,36.33,-2.2760000000000002,5812.799999999999,6394.08,2.49
2011-05-19 14:00:00,B3820,0.119,0.0,2.33,36.33,-2.221,5812.799999999999,6394.08,2.34
2011-05-19 15:00:00,B3820,0.119,0.0,2.09,36.33,-1.981,5812.799999999999,6394.08,2.1
2011-05-19 16:00:00,B3820,0.119,0.0,1.71,36.33,-1.591,5812.799999999999,6394.08,1.71
2011-05-19 17:00:00,B3820,0.214,0.0,1.22,36.33,-1.006,5812.799999999999,6394.08,1.22
2011-05-19 18:00:00,B3820,0.786,0.0,0.45,36.33,0.336,5812.799999999999,6394.08,0.45
2011-05-19 19:00:00,B3820,0.977,0.0,0.0,36.33,0.977,5812.799999999999,6394.08,0.0
2011-05-19 20:00:00,B3820,0.214,0.0,0.0,36.33,0.214,5812.799999999999,6394.08,0.0
2011-05-19 21:00:00,B3820,0.214,0.0,0.0,36.33,0.214,5812.799999999999,6394.08,0.0
2011-05-19 22:00:00,B3820,0.214,0.0,0.0,36.33,0.214,5812.799999999999,6394.08,0.0
2011-05-19 23:00:00,B3820,0.119,0.0,0.0,36.33,0.119,5812.799999999999,6394.08,0.0
2011-05-20 00:00:00,B3820,2.519,2.4,0.0,36.33,2.519,5812.799999999999,6394.08,0.0
2011-05-20 01:00:00,B3820,2.519,2.4,0.0,36.33,2.519,5812.799999999999,6394.08,0.0
2011-05-20 02:00:00,B3820,2.519,2.4,0.0,36.33,2.519,5812.799999999999,6394.08,0.0
2011-05-20 03:00:00,B3820,2.519,2.4,0.0,36.33,2.519,5812.799999999999,6394.08,0.0
2011-05-20 04:00:00,B3820,2.519,2.4,0.0,36.33,2.519,5812.799999999999,6394.08,0.0
2011-05-20 05:00:00,B3820,0.214,0.0,0.0,36.33,0.214,5812.799999999999,6394.08,0.0
2011-05-20 06:00:00,B3820,0.786,0.0,1.12,36.33,-0.5740000000000001,5812.799999999999,6394.08,1.36
2011-05-20 07:00:00,B3820,0.215,0.0,1.38,36.33,-1.295,5812.799999999999,6394.08,1.51
2011-05-20 08:00:00,B3820,0.119,0.0,1.75,36.33,-1.711,5812.799999999999,6394.08,1.83
2011-05-20 09:00:00,B3820,0.119,0.0,2.08,36.33,-2.021,5812.799999999999,6394.08,2.14
2011-05-20 10:00:00,B3820,0.119,0.0,2.53,36.33,-2.4509999999999996,5812.799999999999,6394.08,2.57
2011-05-20 11:00:00,B3820,0.119,0.0,2.67,36.33,-2.5810000000000004,5812.799999999999,6394.08,2.7
2011-05-20 12:00:00,B3820,0.786,0.0,2.7,36.33,-1.944,5812.799999999999,6394.08,2.73
2011-05-20 13:00:00,B3820,0.214,0.0,2.4,36.33,-2.196,5812.799999999999,6394.08,2.41
2011-05-20 14:00:00,B3820,0.119,0.0,1.6,36.33,-1.491,5812.799999999999,6394.08,1.61
2011-05-20 15:00:00,B3820,0.119,0.0,0.84,36.33,-0.741,5812.799999999999,6394.08,0.86
2011-05-20 16:00:00,B3820,0.119,0.0,0.37,36.33,-0.251,5812.799999999999,6394.08,0.37
2011-05-20 17:00:00,B3820,0.214,0.0,0.0,36.33,0.214,5812.799999999999,6394.08,0.0
2011-05-20 18:00:00,B3820,0.786,0.0,0.0,36.33,0.786,5812.799999999999,6394.08,0.0
2011-05-20 19:00:00,B3820,0.977,0.0,0.0,36.33,0.977,5812.799999999999,6394.08,0.0
2011-05-20 20:00:00,B3820,0.214,0.0,0.0,36.33,0.214,5812.799999999999,6394.08,0.0
2011-05-20 21:00:00,B3820,0.214,0.0,0.0,36.33,0.214,5812.799999999999,6394.08,0.0
2011-05-20 22:00:00,B3820,0.214,0.0,0.0,36.33,0.214,5812.799999999999,6394.08,0.0
2011-05-20 23:00:00,B3820,0.119,0.0,0.0,36.33,0.119,5812.799999999999,6394.08,0.0
2011-05-21 00:00:00,B3820,0.119,0.0,0.0,36.33,0.119,5812.799999999999,6394.08,0.0
2011-05-21 01:00:00,B3820,0.119,0.0,0.0,36.33,0.119,5812.799999999999,6394.08,0.0
2011-05-21 02:00:00,B3820,0.119,0.0,0.0,36.33,0.119,5812.799999999999,6394.08,0.0
2011-05-21 03:00:00,B3820,0.119,0.0,0.0,36.33,0.119,5812.799999999999,6394.08,0.0
2011-05-21 04:00:00,B3820,0.119,0.0,0.0,36.33,0.119,5812.799999999999,6394.08,0.0
2011-05-21 05:00:00,B3820,0.214,0.0,0.0,36.33,0.214,5812.799999999999,6394.08,0.0
2011-05-21 06:00:00,B3820,0.786,0.0,1.3,36.33,-0.8739999999999999,5812.799999999999,6394.08,1.66
2011-05-21 07:00:00,B3820,0.214,0.0,1.42,36.33,-1.346,5812.799999999999,6394.08,1.56
2011-05-21 08:00:00,B3820,2.519,2.4,1.25,36.33,1.199,5812.799999999999,6394.08,1.32
2011-05-21 09:00:00,B3820,2.519,2.4,1.04,36.33,1.439,5812.799999999999,6394.08,1.08
2011-05-21 10:00:00,B3820,2.519,2.4,1.19,36.33,1.2990000000000002,5812.799999999999,6394.08,1.22
2011-05-21 11:00:00,B3820,2.519,2.4,1.52,36.33,0.9790000000000001,5812.799999999999,6394.08,1.54
2011-05-21 12:00:00,B3820,3.186,2.4,2.2,36.33,0.9659999999999997,5812.799999999999,6394.08,2.22
2011-05-21 13:00:00,B3820,0.214,0.0,2.64,36.33,-2.446,5812.799999999999,6394.08,2.66
2011-05-21 14:00:00,B3820,0.119,0.0,2.33,36.33,-2.221,5812.799999999999,6394.08,2.34
2011-05-21 15:00:00,B3820,0.119,0.0,1.97,36.33,-1.851,5812.799999999999,6394.08,1.97
2011-05-21 16:00:00,B3820,0.119,0.0,1.5,36.33,-1.391,5812.799999999999,6394.08,1.51
2011-05-21 17:00:00,B3820,0.214,0.0,0.91,36.33,-0.6960000000000001,5812.799999999999,6394.08,0.91
2011-05-21 18:00:00,B3820,0.786,0.0,0.32,36.33,0.466,5812.799999999999,6394.08,0.32
2011-05-21 19:00:00,B3820,0.977,0.0,0.0,36.33,0.977,5812.799999999999,6394.08,0.0
2011-05-21 20:00:00,B3820,0.214,0.0,0.0,36.33,0.214,5812.799999999999,6394.08,0.0
2011-05-21 21:00:00,B3820,0.214,0.0,0.0,36.33,0.214,5812.799999999999,6394.08,0.0
2011-05-21 22:00:00,B3820,0.214,0.0,0.0,36.33,0.214,5812.799999999999,6394.08,0.0
2011-05-21 23:00:00,B3820,0.119,0.0,0.0,36.33,0.119,5812.799999999999,6394.08,0.0
2011-05-22 00:00:00,B3820,0.119,0.0,0.0,36.33,0.119,5812.799999999999,6394.08,0.0
2011-05-22 01:00:00,B3820,0.119,0.0,0.0,36.33,0.119,5812.799999999999,6394.08,0.0
2011-05-22 02:00:00,B3820,0.119,0.0,0.0,36.33,0.119,5812.799999999999,6394.08,0.0
2011-05-22 03:00:00,B3820,0.119,0.0,0.0,36.33,0.119,5812.799999999999,6394.08,0.0
2011-05-22 04:00:00,B3820,0.119,0.0,0.0,36.33,0.119,5812.799999999999,6394.08,0.0
2011-05-22 05:00:00,B3820,0.214,0.0,0.0,36.33,0.214,5812.799999999999,6394.08,0.0
2011-05-22 06:00:00,B3820,0.786,0.0,1.51,36.33,-1.204,5812.799999999999,6394.08,1.99
2011-05-22 07:00:00,B3820,0.214,0.0,1.83,36.33,-1.826,5812.799999999999,6394.08,2.04
2011-05-22 08:00:00,B3820,2.519,2.4,2.28,36.33,0.15900000000000025,5812.799999999999,6394.08,2.36
2011-05-22 09:00:00,B3820,2.519,2.4,2.49,36.33,-0.030999999999999694,5812.799999999999,6394.08,2.55
2011-05-22 10:00:00,B3820,2.519,2.4,2.48,36.33,-0.0009999999999998899,5812.799999999999,6394.08,2.52
2011-05-22 11:00:00,B3820,2.519,2.4,2.44,36.33,0.04899999999999993,5812.799999999999,6394.08,2.47
2011-05-22 12:00:00,B3820,3.186,2.4,2.46,36.33,0.706,5812.799999999999,6394.08,2.48
2011-05-22 13:00:00,B3820,0.214,0.0,2.27,36.33,-2.066,5812.799999999999,6394.08,2.28
2011-05-22 14:00:00,B3820,0.119,0.0,2.13,36.33,-2.021,5812.799999999999,6394.08,2.14
2011-05-22 15:00:00,B3820,0.119,0.0,1.79,36.33,-1.681,5812.799999999999,6394.08,1.8
2011-05-22 16:00:00,B3820,0.119,0.0,1.43,36.33,-1.321,5812.799999999999,6394.08,1.44
2011-05-22 17:00:00,B3820,0.214,0.0,1.13,36.33,-0.9159999999999999,5812.799999999999,6394.08,1.13
2011-05-22 18:00:00,B3820,0.786,0.0,0.42,36.33,0.36600000000000005,5812.799999999999,6394.08,0.42
2011-05-22 19:00:00,B3820,0.977,0.0,0.0,36.33,0.977,5812.799999999999,6394.08,0.0
2011-05-22 20:00:00,B3820,0.214,0.0,0.0,36.33,0.214,5812.799999999999,6394.08,0.0
2011-05-22 21:00:00,B3820,0.214,0.0,0.0,36.33,0.214,5812.799999999999,6394.08,0.0
2011-05-22 22:00:00,B3820,0.214,0.0,0.0,36.33,0.214,5812.799999999999,6394.08,0.0
2011-05-22 23:00:00,B3820,0.119,0.0,0.0,36.33,0.119,5812.799999999999,6394.08,0.0
2011-05-23 00:00:00,B3820,2.519,2.4,0.0,36.33,2.519,5812.799999999999,6394.08,0.0
2011-05-23 01:00:00,B3820,2.519,2.4,0.0,36.33,2.519,5812.799999999999,6394.08,0.0
2011-05-23 02:00:00,B3820,2.519,2.4,0.0,36.33,2.519,5812.799999999999,6394.08,0.0
2011-05-23 03:00:00,B3820,2.519,2.4,0.0,36.33,2.519,5812.799999999999,6394.08,0.0
2011-05-23 04:00:00,B3820,2.519,2.4,0.0,36.33,2.519,5812.799999999999,6394.08,0.0
2011-05-23 05:00:00,B3820,0.214,0.0,0.0,36.33,0.214,5812.799999999999,6394.08,0.0
2011-05-23 06:00:00,B3820,0.786,0.0,1.24,36.33,-0.804,5812.799999999999,6394.08,1.59
2011-05-23 07:00:00,B3820,0.215,0.0,1.76,36.33,-1.7449999999999999,5812.799999999999,6394.08,1.96
2011-05-23 08:00:00,B3820,0.119,0.0,2.03,36.33,-2.0010000000000003,5812.799999999999,6394.08,2.12
2011-05-23 09:00:00,B3820,0.119,0.0,2.11,36.33,-2.051,5812.799999999999,6394.08,2.17
2011-05-23 10:00:00,B3820,0.119,0.0,2.48,36.33,-2.401,5812.799999999999,6394.08,2.52
2011-05-23 11:00:00,B3820,0.119,0.0,2.46,36.33,-2.3710000000000004,5812.799999999999,6394.08,2.49
2011-05-23 12:00:00,B3820,0.786,0.0,2.54,36.33,-1.7839999999999998,5812.799999999999,6394.08,2.57
2011-05-23 13:00:00,B3820,0.214,0.0,2.79,36.33,-2.586,5812.799999999999,6394.08,2.8
2011-05-23 14:00:00,B3820,0.119,0.0,2.63,36.33,-2.5309999999999997,5812.799999999999,6394.08,2.65
2011-05-23 15:00:00,B3820,0.119,0.0,2.42,36.33,-2.311,5812.799999999999,6394.08,2.43
2011-05-23 16:00:00,B3820,0.119,0.0,2.04,36.33,-1.921,5812.799999999999,6394.08,2.04
2011-05-23 17:00:00,B3820,0.214,0.0,1.44,36.33,-1.226,5812.799999999999,6394.08,1.44
2011-05-23 18:00:00,B3820,0.786,0.0,0.52,36.33,0.266,5812.799999999999,6394.08,0.52
2011-05-23 19:00:00,B3820,0.977,0.0,0.0,36.33,0.977,5812.799999999999,6394.08,0.0
2011-05-23 20:00:00,B3820,0.214,0.0,0.0,36.33,0.214,5812.799999999999,6394.08,0.0
2011-05-23 21:00:00,B3820,0.214,0.0,0.0,36.33,0.214,5812.799999999999,6394.08,0.0
2011-05-23 22:00:00,B3820,0.214,0.0,0.0,36.33,0.214,5812.799999999999,6394.08,0.0
2011-05-23 23:00:00,B3820,0.119,0.0,0.0,36.33,0.119,5812.799999999999,6394.08,0.0
2011-05-24 00:00:00,B3820,2.519,2.4,0.0,36.33,2.519,5812.799999999999,6394.08,0.0
2011-05-24 01:00:00,B3820,2.519,2.4,0.0,36.33,2.519,5812.799999999999,6394.08,0.0
2011-05-24 02:00:00,B3820,2.519,2.4,0.0,36.33,2.519,5812.799999999999,6394.08,0.0
2011-05-24 03:00:00,B3820,2.519,2.4,0.0,36.33,2.519,5812.799999999999,6394.08,0.0
2011-05-24 04:00:00,B3820,2.519,2.4,0.0,36.33,2.519,5812.799999999999,6394.08,0.0
2011-05-24 05:00:00,B3820,0.214,0.0,0.0,36.33,0.214,5812.799999999999,6394.08,0.0
2011-05-24 06:00:00,B3820,0.786,0.0,1.43,36.33,-1.034,5812.799999999999,6394.08,1.82
2011-05-24 07:00:00,B3820,0.215,0.0,1.72,36.33,-1.6849999999999998,5812.799999999999,6394.08,1.9
2011-05-24 08:00:00,B3820,0.119,0.0,1.98,36.33,-1.941,5812.799999999999,6394.08,2.06
2011-05-24 09:00:00,B3820,0.119,0.0,2.03,36.33,-1.981,5812.799999999999,6394.08,2.1
2011-05-24 10:00:00,B3820,0.119,0.0,1.9,36.33,-1.831,5812.799999999999,6394.08,1.95
2011-05-24 11:00:00,B3820,0.119,0.0,1.96,36.33,-1.881,5812.799999999999,6394.08,2.0
2011-05-24 12:00:00,B3820,0.786,0.0,2.3,36.33,-1.544,5812.799999999999,6394.08,2.33
2011-05-24 13:00:00,B3820,0.214,0.0,2.41,36.33,-2.216,5812.799999999999,6394.08,2.43
2011-05-24 14:00:00,B3820,0.119,0.0,2.27,36.33,-2.1710000000000003,5812.799999999999,6394.08,2.29
2011-05-24 15:00:00,B3820,0.119,0.0,2.26,36.33,-2.151,5812.799999999999,6394.08,2.27
2011-05-24 16:00:00,B3820,0.119,0.0,1.99,36.33,-1.871,5812.799999999999,6394.08,1.99
2011-05-24 17:00:00,B3820,0.214,0.0,1.4,36.33,-1.186,5812.799999999999,6394.08,1.4
2011-05-24 18:00:00,B3820,0.786,0.0,0.49,36.33,0.29600000000000004,5812.799999999999,6394.08,0.49
2011-05-24 19:00:00,B3820,0.977,0.0,0.0,36.33,0.977,5812.799999999999,6394.08,0.0
2011-05-24 20:00:00,B3820,0.214,0.0,0.0,36.33,0.214,5812.799999999999,6394.08,0.0
2011-05-24 21:00:00,B3820,0.214,0.0,0.0,36.33,0.214,5812.799999999999,6394.08,0.0
2011-05-24 22:00:00,B3820,0.214,0.0,0.0,36.33,0.214,5812.799999999999,6394.08,0.0
2011-05-24 23:00:00,B3820,0.119,0.0,0.0,36.33,0.119,5812.799999999999,6394.08,0.0
2011-05-25 00:00:00,B3820,2.519,2.4,0.0,36.33,2.519,5812.799999999999,6394.08,0.0
2011-05-25 01:00:00,B3820,2.519,2.4,0.0,36.33,2.519,5812.799999999999,6394.08,0.0
2011-05-25 02:00:00,B3820,2.519,2.4,0.0,36.33,2.519,5812.799999999999,6394.08,0.0
2011-05-25 03:00:00,B3820,2.519,2.4,0.0,36.33,2.519,5812.799999999999,6394.08,0.0
2011-05-25 04:00:00,B3820,2.519,2.4,0.0,36.33,2.519,5812.799999999999,6394.08,0.0
2011-05-25 05:00:00,B3820,0.214,0.0,0.0,36.33,0.214,5812.799999999999,6394.08,0.0
2011-05-25 06:00:00,B3820,0.786,0.0,1.46,36.33,-1.064,5812.799999999999,6394.08,1.85
2011-05-25 07:00:00,B3820,0.215,0.0,1.67,36.33,-1.615,5812.799999999999,6394.08,1.83
2011-05-25 08:00:00,B3820,0.119,0.0,1.85,36.33,-1.821,5812.799999999999,6394.08,1.94
2011-05-25 09:00:00,B3820,0.119,0.0,2.07,36.33,-2.021,5812.799999999999,6394.08,2.14
2011-05-25 10:00:00,B3820,0.119,0.0,2.18,36.33,-2.1109999999999998,5812.799999999999,6394.08,2.23
2011-05-25 11:00:00,B3820,0.119,0.0,2.33,36.33,-2.2510000000000003,5812.799999999999,6394.08,2.37
2011-05-25 12:00:00,B3820,0.786,0.0,2.52,36.33,-1.7639999999999998,5812.799999999999,6394.08,2.55
2011-05-25 13:00:00,B3820,0.214,0.0,2.7,36.33,-2.5060000000000002,5812.799999999999,6394.08,2.72
2011-05-25 14:00:00,B3820,0.119,0.0,2.63,36.33,-2.521,5812.799999999999,6394.08,2.64
2011-05-25 15:00:00,B3820,0.119,0.0,2.38,36.33,-2.271,5812.799999999999,6394.08,2.39
2011-05-25 16:00:00,B3820,0.119,0.0,2.03,36.33,-1.9109999999999998,5812.799999999999,6394.08,2.03
2011-05-25 17:00:00,B3820,0.214,0.0,1.46,36.33,-1.246,5812.799999999999,6394.08,1.46
2011-05-25 18:00:00,B3820,0.786,0.0,0.75,36.33,0.03600000000000003,5812.799999999999,6394.08,0.75
2011-05-25 19:00:00,B3820,0.977,0.0,0.0,36.33,0.977,5812.799999999999,6394.08,0.0
2011-05-25 20:00:00,B3820,0.214,0.0,0.0,36.33,0.214,5812.799999999999,6394.08,0.0
2011-05-25 21:00:00,B3820,0.214,0.0,0.0,36.33,0.214,5812.799999999999,6394.08,0.0
2011-05-25 22:00:00,B3820,0.214,0.0,0.0,36.33,0.214,5812.799999999999,6394.08,0.0
2011-05-25 23:00:00,B3820,0.119,0.0,0.0,36.33,0.119,5812.799999999999,6394.08,0.0
2011-05-26 00:00:00,B3820,2.519,2.4,0.0,36.33,2.519,5812.799999999999,6394.08,0.0
2011-05-26 01:00:00,B3820,2.519,2.4,0.0,36.33,2.519,5812.799999999999,6394.08,0.0
2011-05-26 02:00:00,B3820,2.519,2.4,0.0,36.33,2.519,5812.799999999999,6394.08,0.0
2011-05-26 03:00:00,B3820,2.519,2.4,0.0,36.33,2.519,5812.799999999999,6394.08,0.0
2011-05-26 04:00:00,B3820,2.519,2.4,0.0,36.33,2.519,5812.799999999999,6394.08,0.0
2011-05-26 05:00:00,B3820,0.214,0.0,0.0,36.33,0.214,5812.799999999999,6394.08,0.0
2011-05-26 06:00:00,B3820,0.786,0.0,1.52,36.33,-1.134,5812.799999999999,6394.08,1.92
2011-05-26 07:00:00,B3820,0.215,0.0,1.86,36.33,-1.8349999999999997,5812.799999999999,6394.08,2.05
2011-05-26 08:00:00,B3820,0.119,0.0,2.33,36.33,-2.311,5812.799999999999,6394.08,2.43
2011-05-26 09:00:00,B3820,0.119,0.0,2.68,36.33,-2.6210000000000004,5812.799999999999,6394.08,2.74
2011-05-26 10:00:00,B3820,0.119,0.0,2.88,36.33,-2.811,5812.799999999999,6394.08,2.93
2011-05-26 11:00:00,B3820,0.119,0.0,3.04,36.33,-2.941,5812.799999999999,6394.08,3.06
2011-05-26 12:00:00,B3820,0.786,0.0,3.19,36.33,-2.424,5812.799999999999,6394.08,3.21
2011-05-26 13:00:00,B3820,0.214,0.0,3.07,36.33,-2.876,5812.799999999999,6394.08,3.09
2011-05-26 14:00:00,B3820,0.119,0.0,2.68,36.33,-2.5810000000000004,5812.799999999999,6394.08,2.7
2011-05-26 15:00:00,B3820,0.119,0.0,2.03,36.33,-1.9309999999999998,5812.799999999999,6394.08,2.05
2011-05-26 16:00:00,B3820,0.119,0.0,1.34,36.33,-1.231,5812.799999999999,6394.08,1.35
2011-05-26 17:00:00,B3820,0.214,0.0,0.84,36.33,-0.636,5812.799999999999,6394.08,0.85
2011-05-26 18:00:00,B3820,0.786,0.0,0.49,36.33,0.29600000000000004,5812.799999999999,6394.08,0.49
2011-05-26 19:00:00,B3820,0.977,0.0,0.0,36.33,0.977,5812.799999999999,6394.08,0.0
2011-05-26 20:00:00,B3820,0.214,0.0,0.0,36.33,0.214,5812.799999999999,6394.08,0.0
2011-05-26 21:00:00,B3820,0.214,0.0,0.0,36.33,0.214,5812.799999999999,6394.08,0.0
2011-05-26 22:00:00,B3820,0.214,0.0,0.0,36.33,0.214,5812.799999999999,6394.08,0.0
2011-05-26 23:00:00,B3820,0.119,0.0,0.0,36.33,0.119,5812.799999999999,6394.08,0.0
2011-05-27 00:00:00,B3820,2.519,2.4,0.0,36.33,2.519,5812.799999999999,6394.08,0.0
2011-05-27 01:00:00,B3820,2.519,2.4,0.0,36.33,2.519,5812.799999999999,6394.08,0.0
2011-05-27 02:00:00,B3820,2.519,2.4,0.0,36.33,2.519,5812.799999999999,6394.08,0.0
2011-05-27 03:00:00,B3820,2.519,2.4,0.0,36.33,2.519,5812.799999999999,6394.08,0.0
2011-05-27 04:00:00,B3820,2.519,2.4,0.0,36.33,2.519,5812.799999999999,6394.08,0.0
2011-05-27 05:00:00,B3820,0.214,0.0,0.0,36.33,0.214,5812.799999999999,6394.08,0.0
2011-05-27 06:00:00,B3820,0.786,0.0,1.17,36.33,-0.6439999999999999,5812.799999999999,6394.08,1.43
2011-05-27 07:00:00,B3820,0.215,0.0,1.37,36.33,-1.285,5812.799999999999,6394.08,1.5
2011-05-27 08:00:00,B3820,0.119,0.0,1.52,36.33,-1.481,5812.799999999999,6394.08,1.6
2011-05-27 09:00:00,B3820,0.119,0.0,1.82,36.33,-1.771,5812.799999999999,6394.08,1.89
2011-05-27 10:00:00,B3820,0.119,0.0,2.2,36.33,-2.151,5812.799999999999,6394.08,2.27
2011-05-27 11:00:00,B3820,0.119,0.0,2.59,36.33,-2.521,5812.799999999999,6394.08,2.64
2011-05-27 12:00:00,B3820,0.786,0.0,2.63,36.33,-1.8639999999999999,5812.799999999999,6394.08,2.65
2011-05-27 13:00:00,B3820,0.214,0.0,2.54,36.33,-2.356,5812.799999999999,6394.08,2.57
2011-05-27 14:00:00,B3820,0.119,0.0,2.24,36.33,-2.141,5812.799999999999,6394.08,2.26
2011-05-27 15:00:00,B3820,0.119,0.0,1.79,36.33,-1.691,5812.799999999999,6394.08,1.81
2011-05-27 16:00:00,B3820,0.119,0.0,1.09,36.33,-0.9810000000000001,5812.799999999999,6394.08,1.1
2011-05-27 17:00:00,B3820,0.214,0.0,0.36,36.33,-0.146,5812.799999999999,6394.08,0.36
2011-05-27 18:00:00,B3820,0.786,0.0,0.0,36.33,0.786,5812.799999999999,6394.08,0.0
2011-05-27 19:00:00,B3820,0.977,0.0,0.0,36.33,0.977,5812.799999999999,6394.08,0.0
2011-05-27 20:00:00,B3820,0.214,0.0,0.0,36.33,0.214,5812.799999999999,6394.08,0.0
2011-05-27 21:00:00,B3820,0.214,0.0,0.0,36.33,0.214,5812.799999999999,6394.08,0.0
2011-05-27 22:00:00,B3820,0.214,0.0,0.0,36.33,0.214,5812.799999999999,6394.08,0.0
2011-05-27 23:00:00,B3820,0.119,0.0,0.0,36.33,0.119,5812.799999999999,6394.08,0.0
2011-05-28 00:00:00,B3820,0.119,0.0,0.0,36.33,0.119,5812.799999999999,6394.08,0.0
2011-05-28 01:00:00,B3820,0.119,0.0,0.0,36.33,0.119,5812.799999999999,6394.08,0.0
2011-05-28 02:00:00,B3820,0.119,0.0,0.0,36.33,0.119,5812.799999999999,6394.08,0.0
2011-05-28 03:00:00,B3820,0.119,0.0,0.0,36.33,0.119,5812.799999999999,6394.08,0.0
2011-05-28 04:00:00,B3820,0.119,0.0,0.0,36.33,0.119,5812.799999999999,6394.08,0.0
2011-05-28 05:00:00,B3820,0.214,0.0,0.0,36.33,0.214,5812.799999999999,6394.08,0.0
2011-05-28 06:00:00,B3820,0.786,0.0,0.51,36.33,0.22599999999999998,5812.799999999999,6394.08,0.56
2011-05-28 07:00:00,B3820,0.214,0.0,0.8,36.33,-0.646,5812.799999999999,6394.08,0.86
2011-05-28 08:00:00,B3820,2.519,2.4,1.27,36.33,1.189,5812.799999999999,6394.08,1.33
2011-05-28 09:00:00,B3820,2.519,2.4,1.59,36.33,0.8690000000000002,5812.799999999999,6394.08,1.65
2011-05-28 10:00:00,B3820,2.519,2.4,1.88,36.33,0.5890000000000002,5812.799999999999,6394.08,1.93
2011-05-28 11:00:00,B3820,2.519,2.4,2.41,36.33,0.06899999999999995,5812.799999999999,6394.08,2.45
2011-05-28 12:00:00,B3820,3.186,2.4,2.76,36.33,0.40600000000000014,5812.799999999999,6394.08,2.78
2011-05-28 13:00:00,B3820,0.214,0.0,2.67,36.33,-2.476,5812.799999999999,6394.08,2.69
2011-05-28 14:00:00,B3820,0.119,0.0,2.41,36.33,-2.311,5812.799999999999,6394.08,2.43
2011-05-28 15:00:00,B3820,0.119,0.0,2.13,36.33,-2.021,5812.799999999999,6394.08,2.14
2011-05-28 16:00:00,B3820,0.119,0.0,1.68,36.33,-1.571,5812.799999999999,6394.08,1.69
2011-05-28 17:00:00,B3820,0.214,0.0,1.12,36.33,-0.9060000000000001,5812.799999999999,6394.08,1.12
2011-05-28 18:00:00,B3820,0.786,0.0,0.51,36.33,0.276,5812.799999999999,6394.08,0.51
2011-05-28 19:00:00,B3820,0.977,0.0,0.0,36.33,0.977,5812.799999999999,6394.08,0.0
2011-05-28 20:00:00,B3820,0.214,0.0,0.0,36.33,0.214,5812.799999999999,6394.08,0.0
2011-05-28 21:00:00,B3820,0.214,0.0,0.0,36.33,0.214,5812.799999999999,6394.08,0.0
2011-05-28 22:00:00,B3820,0.214,0.0,0.0,36.33,0.214,5812.799999999999,6394.08,0.0
2011-05-28 23:00:00,B3820,0.119,0.0,0.0,36.33,0.119,5812.799999999999,6394.08,0.0
2011-05-29 00:00:00,B3820,0.119,0.0,0.0,36.33,0.119,5812.799999999999,6394.08,0.0
2011-05-29 01:00:00,B3820,0.119,0.0,0.0,36.33,0.119,5812.799999999999,6394.08,0.0
2011-05-29 02:00:00,B3820,0.119,0.0,0.0,36.33,0.119,5812.799999999999,6394.08,0.0
2011-05-29 03:00:00,B3820,0.119,0.0,0.0,36.33,0.119,5812.799999999999,6394.08,0.0
2011-05-29 04:00:00,B3820,0.119,0.0,0.0,36.33,0.119,5812.799999999999,6394.08,0.0
2011-05-29 05:00:00,B3820,0.214,0.0,0.0,36.33,0.214,5812.799999999999,6394.08,0.0
2011-05-29 06:00:00,B3820,0.786,0.0,0.37,36.33,0.396,5812.799999999999,6394.08,0.39
2011-05-29 07:00:00,B3820,0.214,0.0,0.66,36.33,-0.476,5812.799999999999,6394.08,0.69
2011-05-29 08:00:00,B3820,2.519,2.4,1.38,36.33,1.0690000000000002,5812.799999999999,6394.08,1.45
2011-05-29 09:00:00,B3820,2.519,2.4,1.99,36.33,0.4590000000000001,5812.799999999999,6394.08,2.06
2011-05-29 10:00:00,B3820,2.519,2.4,2.27,36.33,0.18900000000000006,5812.799999999999,6394.08,2.33
2011-05-29 11:00:00,B3820,2.519,2.4,2.46,36.33,0.028999999999999915,5812.799999999999,6394.08,2.49
2011-05-29 12:00:00,B3820,3.186,2.4,2.56,36.33,0.6059999999999999,5812.799999999999,6394.08,2.58
2011-05-29 13:00:00,B3820,0.214,0.0,2.64,36.33,-2.446,5812.799999999999,6394.08,2.66
2011-05-29 14:00:00,B3820,0.119,0.0,2.31,36.33,-2.2110000000000003,5812.799999999999,6394.08,2.33
2011-05-29 15:00:00,B3820,0.119,0.0,2.02,36.33,-1.9109999999999998,5812.799999999999,6394.08,2.03
2011-05-29 16:00:00,B3820,0.119,0.0,1.73,36.33,-1.621,5812.799999999999,6394.08,1.74
2011-05-29 17:00:00,B3820,0.214,0.0,1.16,36.33,-0.946,5812.799999999999,6394.08,1.16
2011-05-29 18:00:00,B3820,0.786,0.0,0.48,36.33,0.30600000000000005,5812.799999999999,6394.08,0.48
2011-05-29 19:00:00,B3820,0.977,0.0,0.0,36.33,0.977,5812.799999999999,6394.08,0.0
2011-05-29 20:00:00,B3820,0.214,0.0,0.0,36.33,0.214,5812.799999999999,6394.08,0.0
2011-05-29 21:00:00,B3820,0.214,0.0,0.0,36.33,0.214,5812.799999999999,6394.08,0.0
2011-05-29 22:00:00,B3820,0.214,0.0,0.0,36.33,0.214,5812.799999999999,6394.08,0.0
2011-05-29 23:00:00,B3820,0.119,0.0,0.0,36.33,0.119,5812.799999999999,6394.08,0.0
2011-05-30 00:00:00,B3820,2.519,2.4,0.0,36.33,2.519,5812.799999999999,6394.08,0.0
2011-05-30 01:00:00,B3820,2.519,2.4,0.0,36.33,2.519,5812.799999999999,6394.08,0.0
2011-05-30 02:00:00,B3820,2.519,2.4,0.0,36.33,2.519,5812.799999999999,6394.08,0.0
2011-05-30 03:00:00,B3820,2.519,2.4,0.0,36.33,2.519,5812.799999999999,6394.08,0.0
2011-05-30 04:00:00,B3820,2.519,2.4,0.0,36.33,2.519,5812.799999999999,6394.08,0.0
2011-05-30 05:00:00,B3820,0.214,0.0,0.0,36.33,0.214,5812.799999999999,6394.08,0.0
2011-05-30 06:00:00,B3820,0.786,0.0,1.16,36.33,-0.6339999999999999,5812.799999999999,6394.08,1.42
2011-05-30 07:00:00,B3820,0.215,0.0,1.58,36.33,-1.525,5812.799999999999,6394.08,1.74
2011-05-30 08:00:00,B3820,0.119,0.0,2.11,36.33,-2.091,5812.799999999999,6394.08,2.21
2011-05-30 09:00:00,B3820,0.119,0.0,2.5,36.33,-2.441,5812.799999999999,6394.08,2.56
2011-05-30 10:00:00,B3820,0.119,0.0,2.89,36.33,-2.811,5812.799999999999,6394.08,2.93
2011-05-30 11:00:00,B3820,0.119,0.0,3.16,36.33,-3.061,5812.799999999999,6394.08,3.18
2011-05-30 12:00:00,B3820,0.786,0.0,3.19,36.33,-2.414,5812.799999999999,6394.08,3.2
2011-05-30 13:00:00,B3820,0.214,0.0,3.11,36.33,-2.906,5812.799999999999,6394.08,3.12
2011-05-30 14:00:00,B3820,0.119,0.0,2.91,36.33,-2.801,5812.799999999999,6394.08,2.92
2011-05-30 15:00:00,B3820,0.119,0.0,2.6,36.33,-2.4909999999999997,5812.799999999999,6394.08,2.61
2011-05-30 16:00:00,B3820,0.119,0.0,2.14,36.33,-2.021,5812.799999999999,6394.08,2.14
2011-05-30 17:00:00,B3820,0.214,0.0,1.56,36.33,-1.346,5812.799999999999,6394.08,1.56
2011-05-30 18:00:00,B3820,0.786,0.0,0.82,36.33,-0.03399999999999992,5812.799999999999,6394.08,0.82
2011-05-30 19:00:00,B3820,0.977,0.0,0.0,36.33,0.977,5812.799999999999,6394.08,0.0
2011-05-30 20:00:00,B3820,0.214,0.0,0.0,36.33,0.214,5812.799999999999,6394.08,0.0
2011-05-30 21:00:00,B3820,0.214,0.0,0.0,36.33,0.214,5812.799999999999,6394.08,0.0
2011-05-30 22:00:00,B3820,0.214,0.0,0.0,36.33,0.214,5812.799999999999,6394.08,0.0
2011-05-30 23:00:00,B3820,0.119,0.0,0.0,36.33,0.119,5812.799999999999,6394.08,0.0
2011-05-31 00:00:00,B3820,2.519,2.4,0.0,36.33,2.519,5812.799999999999,6394.08,0.0
2011-05-31 01:00:00,B3820,2.519,2.4,0.0,36.33,2.519,5812.799999999999,6394.08,0.0
2011-05-31 02:00:00,B3820,2.519,2.4,0.0,36.33,2.519,5812.799999999999,6394.08,0.0
2011-05-31 03:00:00,B3820,2.519,2.4,0.0,36.33,2.519,5812.799999999999,6394.08,0.0
2011-05-31 04:00:00,B3820,2.519,2.4,0.0,36.33,2.519,5812.799999999999,6394.08,0.0
2011-05-31 05:00:00,B3820,0.214,0.0,0.0,36.33,0.214,5812.799999999999,6394.08,0.0
2011-05-31 06:00:00,B3820,0.786,0.0,1.63,36.33,-1.314,5812.799999999999,6394.08,2.1
2011-05-31 07:00:00,B3820,0.215,0.0,2.08,36.33,-2.105,5812.799999999999,6394.08,2.32
2011-05-31 08:00:00,B3820,0.119,0.0,2.56,36.33,-2.5410000000000004,5812.799999999999,6394.08,2.66
2011-05-31 09:00:00,B3820,0.119,0.0,2.84,36.33,-2.771,5812.799999999999,6394.08,2.89
2011-05-31 10:00:00,B3820,0.119,0.0,3.07,36.33,-2.981,5812.799999999999,6394.08,3.1
2011-05-31 11:00:00,B3820,0.119,0.0,3.2,36.33,-3.101,5812.799999999999,6394.08,3.22
2011-05-31 12:00:00,B3820,0.786,0.0,3.22,36.33,-2.444,5812.799999999999,6394.08,3.23
2011-05-31 13:00:00,B3820,0.214,0.0,3.13,36.33,-2.926,5812.799999999999,6394.08,3.14
2011-05-31 14:00:00,B3820,0.119,0.0,2.91,36.33,-2.801,5812.799999999999,6394.08,2.92
2011-05-31 15:00:00,B3820,0.119,0.0,2.54,36.33,-2.4210000000000003,5812.799999999999,6394.08,2.54
2011-05-31 16:00:00,B3820,0.119,0.0,2.1,36.33,-1.9909999999999999,5812.799999999999,6394.08,2.11
2011-05-31 17:00:00,B3820,0.214,0.0,1.56,36.33,-1.346,5812.799999999999,6394.08,1.56
2011-05-31 18:00:00,B3820,0.786,0.0,0.82,36.33,-0.03399999999999992,5812.799999999999,6394.08,0.82
2011-05-31 19:00:00,B3820,0.977,0.0,0.0,36.33,0.977,5812.799999999999,6394.08,0.0
2011-05-31 20:00:00,B3820,0.214,0.0,0.0,36.33,0.214,5812.799999999999,6394.08,0.0
2011-05-31 21:00:00,B3820,0.214,0.0,0.0,36.33,0.214,5812.799999999999,6394.08,0.0
2011-05-31 22:00:00,B3820,0.214,0.0,0.0,36.33,0.214,5812.799999999999,6394.08,0.0
2011-05-31 23:00:00,B3820,0.119,0.0,0.0,36.33,0.119,5812.799999999999,6394.08,0.0
2011-06-01 00:00:00,B3820,2.519,2.4,0.0,36.33,2.519,5812.799999999999,6394.08,0.0
2011-06-01 01:00:00,B3820,2.519,2.4,0.0,36.33,2.519,5812.799999999999,6394.08,0.0
2011-06-01 02:00:00,B3820,2.519,2.4,0.0,36.33,2.519,5812.799999999999,6394.08,0.0
2011-06-01 03:00:00,B3820,2.519,2.4,0.0,36.33,2.519,5812.799999999999,6394.08,0.0
2011-06-01 04:00:00,B3820,2.519,2.4,0.0,36.33,2.519,5812.799999999999,6394.08,0.0
2011-06-01 05:00:00,B3820,0.214,0.0,0.0,36.33,0.214,5812.799999999999,6394.08,0.0
2011-06-01 06:00:00,B3820,0.786,0.0,1.56,36.33,-1.2239999999999998,5812.799999999999,6394.08,2.01
2011-06-01 07:00:00,B3820,0.215,0.0,1.99,36.33,-2.0050000000000003,5812.799999999999,6394.08,2.22
2011-06-01 08:00:00,B3820,0.119,0.0,2.39,36.33,-2.3710000000000004,5812.799999999999,6394.08,2.49
2011-06-01 09:00:00,B3820,0.119,0.0,2.53,36.33,-2.481,5812.799999999999,6394.08,2.6
2011-06-01 10:00:00,B3820,0.119,0.0,2.75,36.33,-2.681,5812.799999999999,6394.08,2.8
2011-06-01 11:00:00,B3820,0.119,0.0,2.88,36.33,-2.7809999999999997,5812.799999999999,6394.08,2.9
2011-06-01 12:00:00,B3820,0.786,0.0,2.69,36.33,-1.924,5812.799999999999,6394.08,2.71
2011-06-01 13:00:00,B3820,0.214,0.0,2.47,36.33,-2.2760000000000002,5812.799999999999,6394.08,2.49
2011-06-01 14:00:00,B3820,0.119,0.0,2.48,36.33,-2.3710000000000004,5812.799999999999,6394.08,2.49
2011-06-01 15:00:00,B3820,0.119,0.0,2.42,36.33,-2.311,5812.799999999999,6394.08,2.43
2011-06-01 16:00:00,B3820,0.119,0.0,2.01,36.33,-1.901,5812.799999999999,6394.08,2.02
2011-06-01 17:00:00,B3820,0.214,0.0,1.45,36.33,-1.236,5812.799999999999,6394.08,1.45
2011-06-01 18:00:00,B3820,0.786,0.0,0.75,36.33,0.03600000000000003,5812.799999999999,6394.08,0.75
2011-06-01 19:00:00,B3820,0.977,0.0,0.0,36.33,0.977,5812.799999999999,6394.08,0.0
2011-06-01 20:00:00,B3820,0.214,0.0,0.0,36.33,0.214,5812.799999999999,6394.08,0.0
2011-06-01 21:00:00,B3820,0.214,0.0,0.0,36.33,0.214,5812.799999999999,6394.08,0.0
2011-06-01 22:00:00,B3820,0.214,0.0,0.0,36.33,0.214,5812.799999999999,6394.08,0.0
2011-06-01 23:00:00,B3820,0.119,0.0,0.0,36.33,0.119,5812.799999999999,6394.08,0.0
2011-06-02 00:00:00,B3820,2.519,2.4,0.0,36.33,2.519,5812.799999999999,6394.08,0.0
2011-06-02 01:00:00,B3820,2.519,2.4,0.0,36.33,2.519,5812.799999999999,6394.08,0.0
2011-06-02 02:00:00,B3820,2.519,2.4,0.0,36.33,2.519,5812.799999999999,6394.08,0.0
2011-06-02 03:00:00,B3820,2.519,2.4,0.0,36.33,2.519,5812.799999999999,6394.08,0.0
2011-06-02 04:00:00,B3820,2.519,2.4,0.0,36.33,2.519,5812.799999999999,6394.08,0.0
2011-06-02 05:00:00,B3820,0.214,0.0,0.0,36.33,0.214,5812.799999999999,6394.08,0.0
2011-06-02 06:00:00,B3820,0.786,0.0,0.68,36.33,0.04600000000000004,5812.799999999999,6394.08,0.74
2011-06-02 07:00:00,B3820,0.215,0.0,1.09,36.33,-0.945,5812.799999999999,6394.08,1.16
2011-06-02 08:00:00,B3820,0.119,0.0,1.6,36.33,-1.561,5812.799999999999,6394.08,1.68
2011-06-02 09:00:00,B3820,0.119,0.0,1.89,36.33,-1.831,5812.799999999999,6394.08,1.95
2011-06-02 10:00:00,B3820,0.119,0.0,1.89,36.33,-1.821,5812.799999999999,6394.08,1.94
2011-06-02 11:00:00,B3820,0.119,0.0,1.96,36.33,-1.881,5812.799999999999,6394.08,2.0
2011-06-02 12:00:00,B3820,0.786,0.0,2.11,36.33,-1.354,5812.799999999999,6394.08,2.14
2011-06-02 13:00:00,B3820,0.214,0.0,2.39,36.33,-2.196,5812.799999999999,6394.08,2.41
2011-06-02 14:00:00,B3820,0.119,0.0,2.48,36.33,-2.3710000000000004,5812.799999999999,6394.08,2.49
2011-06-02 15:00:00,B3820,0.119,0.0,2.16,36.33,-2.051,5812.799999999999,6394.08,2.17
2011-06-02 16:00:00,B3820,0.119,0.0,1.73,36.33,-1.621,5812.799999999999,6394.08,1.74
2011-06-02 17:00:00,B3820,0.214,0.0,0.99,36.33,-0.776,5812.799999999999,6394.08,0.99
2011-06-02 18:00:00,B3820,0.786,0.0,0.34,36.33,0.446,5812.799999999999,6394.08,0.34
2011-06-02 19:00:00,B3820,0.977,0.0,0.0,36.33,0.977,5812.799999999999,6394.08,0.0
2011-06-02 20:00:00,B3820,0.214,0.0,0.0,36.33,0.214,5812.799999999999,6394.08,0.0
2011-06-02 21:00:00,B3820,0.214,0.0,0.0,36.33,0.214,5812.799999999999,6394.08,0.0
2011-06-02 22:00:00,B3820,0.214,0.0,0.0,36.33,0.214,5812.799999999999,6394.08,0.0
2011-06-02 23:00:00,B3820,0.119,0.0,0.0,36.33,0.119,5812.799999999999,6394.08,0.0
2011-06-03 00:00:00,B3820,2.519,2.4,0.0,36.33,2.519,5812.799999999999,6394.08,0.0
2011-06-03 01:00:00,B3820,2.519,2.4,0.0,36.33,2.519,5812.799999999999,6394.08,0.0
2011-06-03 02:00:00,B3820,2.519,2.4,0.0,36.33,2.519,5812.799999999999,6394.08,0.0
2011-06-03 03:00:00,B3820,2.519,2.4,0.0,36.33,2.519,5812.799999999999,6394.08,0.0
2011-06-03 04:00:00,B3820,2.519,2.4,0.0,36.33,2.519,5812.799999999999,6394.08,0.0
2011-06-03 05:00:00,B3820,0.214,0.0,0.0,36.33,0.214,5812.799999999999,6394.08,0.0
2011-06-03 06:00:00,B3820,0.786,0.0,0.74,36.33,-0.07399999999999995,5812.799999999999,6394.08,0.86
2011-06-03 07:00:00,B3820,0.215,0.0,1.25,36.33,-1.155,5812.799999999999,6394.08,1.37
2011-06-03 08:00:00,B3820,0.119,0.0,1.81,36.33,-1.781,5812.799999999999,6394.08,1.9
2011-06-03 09:00:00,B3820,0.119,0.0,2.12,36.33,-2.051,5812.799999999999,6394.08,2.17
2011-06-03 10:00:00,B3820,0.119,0.0,2.35,36.33,-2.2809999999999997,5812.799999999999,6394.08,2.4
2011-06-03 11:00:00,B3820,0.119,0.0,2.57,36.33,-2.4909999999999997,5812.799999999999,6394.08,2.61
2011-06-03 12:00:00,B3820,0.786,0.0,2.64,36.33,-1.874,5812.799999999999,6394.08,2.66
2011-06-03 13:00:00,B3820,0.214,0.0,2.59,36.33,-2.386,5812.799999999999,6394.08,2.6
2011-06-03 14:00:00,B3820,0.119,0.0,2.34,36.33,-2.231,5812.799999999999,6394.08,2.35
2011-06-03 15:00:00,B3820,0.119,0.0,2.06,36.33,-1.9509999999999998,5812.799999999999,6394.08,2.07
2011-06-03 16:00:00,B3820,0.119,0.0,1.85,36.33,-1.741,5812.799999999999,6394.08,1.86
2011-06-03 17:00:00,B3820,0.214,0.0,1.42,36.33,-1.206,5812.799999999999,6394.08,1.42
2011-06-03 18:00:00,B3820,0.786,0.0,0.75,36.33,0.03600000000000003,5812.799999999999,6394.08,0.75
2011-06-03 19:00:00,B3820,0.977,0.0,0.0,36.33,0.977,5812.799999999999,6394.08,0.0
2011-06-03 20:00:00,B3820,0.214,0.0,0.0,36.33,0.214,5812.799999999999,6394.08,0.0
2011-06-03 21:00:00,B3820,0.214,0.0,0.0,36.33,0.214,5812.799999999999,6394.08,0.0
2011-06-03 22:00:00,B3820,0.214,0.0,0.0,36.33,0.214,5812.799999999999,6394.08,0.0
2011-06-03 23:00:00,B3820,0.119,0.0,0.0,36.33,0.119,5812.799999999999,6394.08,0.0
2011-06-04 00:00:00,B3820,0.119,0.0,0.0,36.33,0.119,5812.799999999999,6394.08,0.0
2011-06-04 01:00:00,B3820,0.119,0.0,0.0,36.33,0.119,5812.799999999999,6394.08,0.0
2011-06-04 02:00:00,B3820,0.119,0.0,0.0,36.33,0.119,5812.799999999999,6394.08,0.0
2011-06-04 03:00:00,B3820,0.119,0.0,0.0,36.33,0.119,5812.799999999999,6394.08,0.0
2011-06-04 04:00:00,B3820,0.119,0.0,0.0,36.33,0.119,5812.799999999999,6394.08,0.0
2011-06-04 05:00:00,B3820,0.214,0.0,0.0,36.33,0.214,5812.799999999999,6394.08,0.0
2011-06-04 06:00:00,B3820,0.786,0.0,1.76,36.33,-1.5339999999999998,5812.799999999999,6394.08,2.32
2011-06-04 07:00:00,B3820,0.214,0.0,2.11,36.33,-2.146,5812.799999999999,6394.08,2.36
2011-06-04 08:00:00,B3820,2.519,2.4,2.5,36.33,-0.07099999999999973,5812.799999999999,6394.08,2.59
2011-06-04 09:00:00,B3820,2.519,2.4,2.76,36.33,-0.2909999999999999,5812.799999999999,6394.08,2.81
2011-06-04 10:00:00,B3820,2.519,2.4,2.79,36.33,-0.31099999999999994,5812.799999999999,6394.08,2.83
2011-06-04 11:00:00,B3820,2.519,2.4,2.66,36.33,-0.17099999999999982,5812.799999999999,6394.08,2.69
2011-06-04 12:00:00,B3820,3.186,2.4,2.81,36.33,0.35599999999999987,5812.799999999999,6394.08,2.83
2011-06-04 13:00:00,B3820,0.214,0.0,2.94,36.33,-2.746,5812.799999999999,6394.08,2.96
2011-06-04 14:00:00,B3820,0.119,0.0,2.75,36.33,-2.641,5812.799999999999,6394.08,2.76
2011-06-04 15:00:00,B3820,0.119,0.0,2.38,36.33,-2.271,5812.799999999999,6394.08,2.39
2011-06-04 16:00:00,B3820,0.119,0.0,1.94,36.33,-1.831,5812.799999999999,6394.08,1.95
2011-06-04 17:00:00,B3820,0.214,0.0,1.31,36.33,-1.096,5812.799999999999,6394.08,1.31
2011-06-04 18:00:00,B3820,0.786,0.0,0.59,36.33,0.19600000000000006,5812.799999999999,6394.08,0.59
2011-06-04 19:00:00,B3820,0.977,0.0,0.0,36.33,0.977,5812.799999999999,6394.08,0.0
2011-06-04 20:00:00,B3820,0.214,0.0,0.0,36.33,0.214,5812.799999999999,6394.08,0.0
2011-06-04 21:00:00,B3820,0.214,0.0,0.0,36.33,0.214,5812.799999999999,6394.08,0.0
2011-06-04 22:00:00,B3820,0.214,0.0,0.0,36.33,0.214,5812.799999999999,6394.08,0.0
2011-06-04 23:00:00,B3820,0.119,0.0,0.0,36.33,0.119,5812.799999999999,6394.08,0.0
2011-06-05 00:00:00,B3820,0.119,0.0,0.0,36.33,0.119,5812.799999999999,6394.08,0.0
2011-06-05 01:00:00,B3820,0.119,0.0,0.0,36.33,0.119,5812.799999999999,6394.08,0.0
2011-06-05 02:00:00,B3820,0.119,0.0,0.0,36.33,0.119,5812.799999999999,6394.08,0.0
2011-06-05 03:00:00,B3820,0.119,0.0,0.0,36.33,0.119,5812.799999999999,6394.08,0.0
2011-06-05 04:00:00,B3820,0.119,0.0,0.0,36.33,0.119,5812.799999999999,6394.08,0.0
2011-06-05 05:00:00,B3820,0.214,0.0,0.0,36.33,0.214,5812.799999999999,6394.08,0.0
2011-06-05 06:00:00,B3820,0.786,0.0,0.82,36.33,-0.20399999999999996,5812.799999999999,6394.08,0.99
2011-06-05 07:00:00,B3820,0.214,0.0,1.56,36.33,-1.516,5812.799999999999,6394.08,1.73
2011-06-05 08:00:00,B3820,2.519,2.4,1.85,36.33,0.5790000000000002,5812.799999999999,6394.08,1.94
2011-06-05 09:00:00,B3820,2.519,2.4,1.88,36.33,0.5790000000000002,5812.799999999999,6394.08,1.94
2011-06-05 10:00:00,B3820,2.519,2.4,2.27,36.33,0.1990000000000003,5812.799999999999,6394.08,2.32
2011-06-05 11:00:00,B3820,2.519,2.4,2.57,36.33,-0.08099999999999996,5812.799999999999,6394.08,2.6
2011-06-05 12:00:00,B3820,3.186,2.4,2.83,36.33,0.33599999999999985,5812.799999999999,6394.08,2.85
2011-06-05 13:00:00,B3820,0.214,0.0,2.97,36.33,-2.766,5812.799999999999,6394.08,2.98
2011-06-05 14:00:00,B3820,0.119,0.0,2.84,36.33,-2.731,5812.799999999999,6394.08,2.85
2011-06-05 15:00:00,B3820,0.119,0.0,2.56,36.33,-2.4509999999999996,5812.799999999999,6394.08,2.57
2011-06-05 16:00:00,B3820,0.119,0.0,2.13,36.33,-2.021,5812.799999999999,6394.08,2.14
2011-06-05 17:00:00,B3820,0.214,0.0,1.56,36.33,-1.346,5812.799999999999,6394.08,1.56
2011-06-05 18:00:00,B3820,0.786,0.0,0.83,36.33,-0.04399999999999993,5812.799999999999,6394.08,0.83
2011-06-05 19:00:00,B3820,0.977,0.0,0.0,36.33,0.977,5812.799999999999,6394.08,0.0
2011-06-05 20:00:00,B3820,0.214,0.0,0.0,36.33,0.214,5812.799999999999,6394.08,0.0
2011-06-05 21:00:00,B3820,0.214,0.0,0.0,36.33,0.214,5812.799999999999,6394.08,0.0
2011-06-05 22:00:00,B3820,0.214,0.0,0.0,36.33,0.214,5812.799999999999,6394.08,0.0
2011-06-05 23:00:00,B3820,0.119,0.0,0.0,36.33,0.119,5812.799999999999,6394.08,0.0
2011-06-06 00:00:00,B3820,2.519,2.4,0.0,36.33,2.519,5812.799999999999,6394.08,0.0
2011-06-06 01:00:00,B3820,2.519,2.4,0.0,36.33,2.519,5812.799999999999,6394.08,0.0
2011-06-06 02:00:00,B3820,2.519,2.4,0.0,36.33,2.519,5812.799999999999,6394.08,0.0
2011-06-06 03:00:00,B3820,2.519,2.4,0.0,36.33,2.519,5812.799999999999,6394.08,0.0
2011-06-06 04:00:00,B3820,2.519,2.4,0.0,36.33,2.519,5812.799999999999,6394.08,0.0
2011-06-06 05:00:00,B3820,0.214,0.0,0.0,36.33,0.214,5812.799999999999,6394.08,0.0
2011-06-06 06:00:00,B3820,0.786,0.0,1.82,36.33,-1.584,5812.799999999999,6394.08,2.37
2011-06-06 07:00:00,B3820,0.215,0.0,2.14,36.33,-2.1750000000000003,5812.799999999999,6394.08,2.39
2011-06-06 08:00:00,B3820,0.119,0.0,2.52,36.33,-2.5010000000000003,5812.799999999999,6394.08,2.62
2011-06-06 09:00:00,B3820,0.119,0.0,2.77,36.33,-2.7110000000000003,5812.799999999999,6394.08,2.83
2011-06-06 10:00:00,B3820,0.119,0.0,2.99,36.33,-2.9210000000000003,5812.799999999999,6394.08,3.04
2011-06-06 11:00:00,B3820,0.119,0.0,3.16,36.33,-3.0709999999999997,5812.799999999999,6394.08,3.19
2011-06-06 12:00:00,B3820,0.786,0.0,3.2,36.33,-2.424,5812.799999999999,6394.08,3.21
2011-06-06 13:00:00,B3820,0.214,0.0,3.11,36.33,-2.906,5812.799999999999,6394.08,3.12
2011-06-06 14:00:00,B3820,0.119,0.0,2.93,36.33,-2.811,5812.799999999999,6394.08,2.93
2011-06-06 15:00:00,B3820,0.119,0.0,2.6,36.33,-2.4909999999999997,5812.799999999999,6394.08,2.61
2011-06-06 16:00:00,B3820,0.119,0.0,2.14,36.33,-2.021,5812.799999999999,6394.08,2.14
2011-06-06 17:00:00,B3820,0.214,0.0,1.58,36.33,-1.366,5812.799999999999,6394.08,1.58
2011-06-06 18:00:00,B3820,0.786,0.0,0.86,36.33,-0.07399999999999995,5812.799999999999,6394.08,0.86
2011-06-06 19:00:00,B3820,0.977,0.0,0.0,36.33,0.977,5812.799999999999,6394.08,0.0
2011-06-06 20:00:00,B3820,0.214,0.0,0.0,36.33,0.214,5812.799999999999,6394.08,0.0
2011-06-06 21:00:00,B3820,0.214,0.0,0.0,36.33,0.214,5812.799999999999,6394.08,0.0
2011-06-06 22:00:00,B3820,0.214,0.0,0.0,36.33,0.214,5812.799999999999,6394.08,0.0
2011-06-06 23:00:00,B3820,0.119,0.0,0.0,36.33,0.119,5812.799999999999,6394.08,0.0
2011-06-07 00:00:00,B3820,2.519,2.4,0.0,36.33,2.519,5812.799999999999,6394.08,0.0
2011-06-07 01:00:00,B3820,2.519,2.4,0.0,36.33,2.519,5812.799999999999,6394.08,0.0
2011-06-07 02:00:00,B3820,2.519,2.4,0.0,36.33,2.519,5812.799999999999,6394.08,0.0
2011-06-07 03:00:00,B3820,2.519,2.4,0.0,36.33,2.519,5812.799999999999,6394.08,0.0
2011-06-07 04:00:00,B3820,2.519,2.4,0.0,36.33,2.519,5812.799999999999,6394.08,0.0
2011-06-07 05:00:00,B3820,0.214,0.0,0.0,36.33,0.214,5812.799999999999,6394.08,0.0
2011-06-07 06:00:00,B3820,0.786,0.0,1.26,36.33,-0.724,5812.799999999999,6394.08,1.51
2011-06-07 07:00:00,B3820,0.215,0.0,1.85,36.33,-1.825,5812.799999999999,6394.08,2.04
2011-06-07 08:00:00,B3820,0.119,0.0,2.46,36.33,-2.441,5812.799999999999,6394.08,2.56
2011-06-07 09:00:00,B3820,0.119,0.0,2.78,36.33,-2.721,5812.799999999999,6394.08,2.84
2011-06-07 10:00:00,B3820,0.119,0.0,3.07,36.33,-2.9909999999999997,5812.799999999999,6394.08,3.11
2011-06-07 11:00:00,B3820,0.119,0.0,3.21,36.33,-3.1109999999999998,5812.799999999999,6394.08,3.23
2011-06-07 12:00:00,B3820,0.786,0.0,3.21,36.33,-2.434,5812.799999999999,6394.08,3.22
2011-06-07 13:00:00,B3820,0.214,0.0,3.09,36.33,-2.886,5812.799999999999,6394.08,3.1
2011-06-07 14:00:00,B3820,0.119,0.0,2.8,36.33,-2.691,5812.799999999999,6394.08,2.81
2011-06-07 15:00:00,B3820,0.119,0.0,2.32,36.33,-2.2110000000000003,5812.799999999999,6394.08,2.33
2011-06-07 16:00:00,B3820,0.119,0.0,1.66,36.33,-1.551,5812.799999999999,6394.08,1.67
2011-06-07 17:00:00,B3820,0.214,0.0,1.1,36.33,-0.8860000000000001,5812.799999999999,6394.08,1.1
2011-06-07 18:00:00,B3820,0.786,0.0,0.52,36.33,0.266,5812.799999999999,6394.08,0.52
2011-06-07 19:00:00,B3820,0.977,0.0,0.0,36.33,0.977,5812.799999999999,6394.08,0.0
2011-06-07 20:00:00,B3820,0.214,0.0,0.0,36.33,0.214,5812.799999999999,6394.08,0.0
2011-06-07 21:00:00,B3820,0.214,0.0,0.0,36.33,0.214,5812.799999999999,6394.08,0.0
2011-06-07 22:00:00,B3820,0.214,0.0,0.0,36.33,0.214,5812.799999999999,6394.08,0.0
2011-06-07 23:00:00,B3820,0.119,0.0,0.0,36.33,0.119,5812.799999999999,6394.08,0.0
2011-06-08 00:00:00,B3820,2.519,2.4,0.0,36.33,2.519,5812.799999999999,6394.08,0.0
2011-06-08 01:00:00,B3820,2.519,2.4,0.0,36.33,2.519,5812.799999999999,6394.08,0.0
2011-06-08 02:00:00,B3820,2.519,2.4,0.0,36.33,2.519,5812.799999999999,6394.08,0.0
2011-06-08 03:00:00,B3820,2.519,2.4,0.0,36.33,2.519,5812.799999999999,6394.08,0.0
2011-06-08 04:00:00,B3820,2.519,2.4,0.0,36.33,2.519,5812.799999999999,6394.08,0.0
2011-06-08 05:00:00,B3820,0.214,0.0,0.0,36.33,0.214,5812.799999999999,6394.08,0.0
2011-06-08 06:00:00,B3820,0.786,0.0,0.67,36.33,0.03600000000000003,5812.799999999999,6394.08,0.75
2011-06-08 07:00:00,B3820,0.215,0.0,1.17,36.33,-1.055,5812.799999999999,6394.08,1.27
2011-06-08 08:00:00,B3820,0.119,0.0,1.81,36.33,-1.771,5812.799999999999,6394.08,1.89
2011-06-08 09:00:00,B3820,0.119,0.0,2.08,36.33,-2.021,5812.799999999999,6394.08,2.14
2011-06-08 10:00:00,B3820,0.119,0.0,2.24,36.33,-2.181,5812.799999999999,6394.08,2.3
2011-06-08 11:00:00,B3820,0.119,0.0,2.76,36.33,-2.6710000000000003,5812.799999999999,6394.08,2.79
2011-06-08 12:00:00,B3820,0.786,0.0,3.05,36.33,-2.284,5812.799999999999,6394.08,3.07
2011-06-08 13:00:00,B3820,0.214,0.0,3.05,36.33,-2.846,5812.799999999999,6394.08,3.06
2011-06-08 14:00:00,B3820,0.119,0.0,2.89,36.33,-2.771,5812.799999999999,6394.08,2.89
2011-06-08 15:00:00,B3820,0.119,0.0,2.54,36.33,-2.431,5812.799999999999,6394.08,2.55
2011-06-08 16:00:00,B3820,0.119,0.0,2.08,36.33,-1.9709999999999999,5812.799999999999,6394.08,2.09
2011-06-08 17:00:00,B3820,0.214,0.0,1.51,36.33,-1.296,5812.799999999999,6394.08,1.51
2011-06-08 18:00:00,B3820,0.786,0.0,0.82,36.33,-0.03399999999999992,5812.799999999999,6394.08,0.82
2011-06-08 19:00:00,B3820,0.977,0.0,0.0,36.33,0.977,5812.799999999999,6394.08,0.0
2011-06-08 20:00:00,B3820,0.214,0.0,0.0,36.33,0.214,5812.799999999999,6394.08,0.0
2011-06-08 21:00:00,B3820,0.214,0.0,0.0,36.33,0.214,5812.799999999999,6394.08,0.0
2011-06-08 22:00:00,B3820,0.214,0.0,0.0,36.33,0.214,5812.799999999999,6394.08,0.0
2011-06-08 23:00:00,B3820,0.119,0.0,0.0,36.33,0.119,5812.799999999999,6394.08,0.0
2011-06-09 00:00:00,B3820,2.519,2.4,0.0,36.33,2.519,5812.799999999999,6394.08,0.0
2011-06-09 01:00:00,B3820,2.519,2.4,0.0,36.33,2.519,5812.799999999999,6394.08,0.0
2011-06-09 02:00:00,B3820,2.519,2.4,0.0,36.33,2.519,5812.799999999999,6394.08,0.0
2011-06-09 03:00:00,B3820,2.519,2.4,0.0,36.33,2.519,5812.799999999999,6394.08,0.0
2011-06-09 04:00:00,B3820,2.519,2.4,0.0,36.33,2.519,5812.799999999999,6394.08,0.0
2011-06-09 05:00:00,B3820,0.214,0.0,0.0,36.33,0.214,5812.799999999999,6394.08,0.0
2011-06-09 06:00:00,B3820,0.786,0.0,1.69,36.33,-1.3940000000000001,5812.799999999999,6394.08,2.18
2011-06-09 07:00:00,B3820,0.215,0.0,2.05,36.33,-2.075,5812.799999999999,6394.08,2.29
2011-06-09 08:00:00,B3820,0.119,0.0,2.49,36.33,-2.471,5812.799999999999,6394.08,2.59
2011-06-09 09:00:00,B3820,0.119,0.0,2.8,36.33,-2.7409999999999997,5812.799999999999,6394.08,2.86
2011-06-09 10:00:00,B3820,0.119,0.0,3.07,36.33,-2.9909999999999997,5812.799999999999,6394.08,3.11
2011-06-09 11:00:00,B3820,0.119,0.0,3.27,36.33,-3.181,5812.799999999999,6394.08,3.3
2011-06-09 12:00:00,B3820,0.786,0.0,3.12,36.33,-2.354,5812.799999999999,6394.08,3.14
2011-06-09 13:00:00,B3820,0.214,0.0,2.69,36.33,-2.496,5812.799999999999,6394.08,2.71
2011-06-09 14:00:00,B3820,0.119,0.0,2.64,36.33,-2.5309999999999997,5812.799999999999,6394.08,2.65
2011-06-09 15:00:00,B3820,0.119,0.0,2.61,36.33,-2.4909999999999997,5812.799999999999,6394.08,2.61
2011-06-09 16:00:00,B3820,0.119,0.0,2.18,36.33,-2.061,5812.799999999999,6394.08,2.18
2011-06-09 17:00:00,B3820,0.214,0.0,1.62,36.33,-1.4060000000000001,5812.799999999999,6394.08,1.62
2011-06-09 18:00:00,B3820,0.786,0.0,0.87,36.33,-0.08399999999999996,5812.799999999999,6394.08,0.87
2011-06-09 19:00:00,B3820,0.977,0.0,0.0,36.33,0.977,5812.799999999999,6394.08,0.0
2011-06-09 20:00:00,B3820,0.214,0.0,0.0,36.33,0.214,5812.799999999999,6394.08,0.0
2011-06-09 21:00:00,B3820,0.214,0.0,0.0,36.33,0.214,5812.799999999999,6394.08,0.0
2011-06-09 22:00:00,B3820,0.214,0.0,0.0,36.33,0.214,5812.799999999999,6394.08,0.0
2011-06-09 23:00:00,B3820,0.119,0.0,0.0,36.33,0.119,5812.799999999999,6394.08,0.0
2011-06-10 00:00:00,B3820,2.519,2.4,0.0,36.33,2.519,5812.799999999999,6394.08,0.0
2011-06-10 01:00:00,B3820,2.519,2.4,0.0,36.33,2.519,5812.799999999999,6394.08,0.0
2011-06-10 02:00:00,B3820,2.519,2.4,0.0,36.33,2.519,5812.799999999999,6394.08,0.0
2011-06-10 03:00:00,B3820,2.519,2.4,0.0,36.33,2.519,5812.799999999999,6394.08,0.0
2011-06-10 04:00:00,B3820,2.519,2.4,0.0,36.33,2.519,5812.799999999999,6394.08,0.0
2011-06-10 05:00:00,B3820,0.214,0.0,0.0,36.33,0.214,5812.799999999999,6394.08,0.0
2011-06-10 06:00:00,B3820,0.786,0.0,1.9,36.33,-1.7239999999999998,5812.799999999999,6394.08,2.51
2011-06-10 07:00:00,B3820,0.215,0.0,2.25,36.33,-2.305,5812.799999999999,6394.08,2.52
2011-06-10 08:00:00,B3820,0.119,0.0,2.66,36.33,-2.651,5812.799999999999,6394.08,2.77
2011-06-10 09:00:00,B3820,0.119,0.0,2.92,36.33,-2.851,5812.799999999999,6394.08,2.97
2011-06-10 10:00:00,B3820,0.119,0.0,3.11,36.33,-3.0309999999999997,5812.799999999999,6394.08,3.15
2011-06-10 11:00:00,B3820,0.119,0.0,3.25,36.33,-3.151,5812.799999999999,6394.08,3.27
2011-06-10 12:00:00,B3820,0.786,0.0,3.27,36.33,-2.4939999999999998,5812.799999999999,6394.08,3.28
2011-06-10 13:00:00,B3820,0.214,0.0,3.19,36.33,-2.986,5812.799999999999,6394.08,3.2
2011-06-10 14:00:00,B3820,0.119,0.0,2.99,36.33,-2.8810000000000002,5812.799999999999,6394.08,3.0
2011-06-10 15:00:00,B3820,0.119,0.0,2.64,36.33,-2.5309999999999997,5812.799999999999,6394.08,2.65
2011-06-10 16:00:00,B3820,0.119,0.0,2.11,36.33,-2.0010000000000003,5812.799999999999,6394.08,2.12
2011-06-10 17:00:00,B3820,0.214,0.0,1.52,36.33,-1.316,5812.799999999999,6394.08,1.53
2011-06-10 18:00:00,B3820,0.786,0.0,0.83,36.33,-0.04399999999999993,5812.799999999999,6394.08,0.83
2011-06-10 19:00:00,B3820,0.977,0.0,0.0,36.33,0.977,5812.799999999999,6394.08,0.0
2011-06-10 20:00:00,B3820,0.214,0.0,0.0,36.33,0.214,5812.799999999999,6394.08,0.0
2011-06-10 21:00:00,B3820,0.214,0.0,0.0,36.33,0.214,5812.799999999999,6394.08,0.0
2011-06-10 22:00:00,B3820,0.214,0.0,0.0,36.33,0.214,5812.799999999999,6394.08,0.0
2011-06-10 23:00:00,B3820,0.119,0.0,0.0,36.33,0.119,5812.799999999999,6394.08,0.0
2011-06-11 00:00:00,B3820,0.119,0.0,0.0,36.33,0.119,5812.799999999999,6394.08,0.0
2011-06-11 01:00:00,B3820,0.119,0.0,0.0,36.33,0.119,5812.799999999999,6394.08,0.0
2011-06-11 02:00:00,B3820,0.119,0.0,0.0,36.33,0.119,5812.799999999999,6394.08,0.0
2011-06-11 03:00:00,B3820,0.119,0.0,0.0,36.33,0.119,5812.799999999999,6394.08,0.0
2011-06-11 04:00:00,B3820,0.119,0.0,0.0,36.33,0.119,5812.799999999999,6394.08,0.0
2011-06-11 05:00:00,B3820,0.214,0.0,0.0,36.33,0.214,5812.799999999999,6394.08,0.0
2011-06-11 06:00:00,B3820,0.786,0.0,1.79,36.33,-1.544,5812.799999999999,6394.08,2.33
2011-06-11 07:00:00,B3820,0.214,0.0,2.06,36.33,-2.086,5812.799999999999,6394.08,2.3
2011-06-11 08:00:00,B3820,2.519,2.4,2.4,36.33,0.009000000000000341,5812.799999999999,6394.08,2.51
2011-06-11 09:00:00,B3820,2.519,2.4,2.69,36.33,-0.24099999999999966,5812.799999999999,6394.08,2.76
2011-06-11 10:00:00,B3820,2.519,2.4,3.0,36.33,-0.5209999999999999,5812.799999999999,6394.08,3.04
2011-06-11 11:00:00,B3820,2.519,2.4,3.11,36.33,-0.621,5812.799999999999,6394.08,3.14
2011-06-11 12:00:00,B3820,3.186,2.4,3.14,36.33,0.0259999999999998,5812.799999999999,6394.08,3.16
2011-06-11 13:00:00,B3820,0.214,0.0,3.14,36.33,-2.936,5812.799999999999,6394.08,3.15
2011-06-11 14:00:00,B3820,0.119,0.0,2.94,36.33,-2.8310000000000004,5812.799999999999,6394.08,2.95
2011-06-11 15:00:00,B3820,0.119,0.0,2.6,36.33,-2.481,5812.799999999999,6394.08,2.6
2011-06-11 16:00:00,B3820,0.119,0.0,2.17,36.33,-2.051,5812.799999999999,6394.08,2.17
2011-06-11 17:00:00,B3820,0.214,0.0,1.57,36.33,-1.356,5812.799999999999,6394.08,1.57
2011-06-11 18:00:00,B3820,0.786,0.0,0.81,36.33,-0.02400000000000002,5812.799999999999,6394.08,0.81
2011-06-11 19:00:00,B3820,0.977,0.0,0.0,36.33,0.977,5812.799999999999,6394.08,0.0
2011-06-11 20:00:00,B3820,0.214,0.0,0.0,36.33,0.214,5812.799999999999,6394.08,0.0
2011-06-11 21:00:00,B3820,0.214,0.0,0.0,36.33,0.214,5812.799999999999,6394.08,0.0
2011-06-11 22:00:00,B3820,0.214,0.0,0.0,36.33,0.214,5812.799999999999,6394.08,0.0
2011-06-11 23:00:00,B3820,0.119,0.0,0.0,36.33,0.119,5812.799999999999,6394.08,0.0
2011-06-12 00:00:00,B3820,0.119,0.0,0.0,36.33,0.119,5812.799999999999,6394.08,0.0
2011-06-12 01:00:00,B3820,0.119,0.0,0.0,36.33,0.119,5812.799999999999,6394.08,0.0
2011-06-12 02:00:00,B3820,0.119,0.0,0.0,36.33,0.119,5812.799999999999,6394.08,0.0
2011-06-12 03:00:00,B3820,0.119,0.0,0.0,36.33,0.119,5812.799999999999,6394.08,0.0
2011-06-12 04:00:00,B3820,0.119,0.0,0.0,36.33,0.119,5812.799999999999,6394.08,0.0
2011-06-12 05:00:00,B3820,0.214,0.0,0.0,36.33,0.214,5812.799999999999,6394.08,0.0
2011-06-12 06:00:00,B3820,0.786,0.0,0.71,36.33,-0.014000000000000012,5812.799999999999,6394.08,0.8
2011-06-12 07:00:00,B3820,0.214,0.0,0.86,36.33,-0.7060000000000001,5812.799999999999,6394.08,0.92
2011-06-12 08:00:00,B3820,2.519,2.4,1.24,36.33,1.219,5812.799999999999,6394.08,1.3
2011-06-12 09:00:00,B3820,2.519,2.4,1.67,36.33,0.7890000000000001,5812.799999999999,6394.08,1.73
2011-06-12 10:00:00,B3820,2.519,2.4,2.06,36.33,0.399,5812.799999999999,6394.08,2.12
2011-06-12 11:00:00,B3820,2.519,2.4,2.27,36.33,0.2190000000000003,5812.799999999999,6394.08,2.3
2011-06-12 12:00:00,B3820,3.186,2.4,2.36,36.33,0.806,5812.799999999999,6394.08,2.38
2011-06-12 13:00:00,B3820,0.214,0.0,2.35,36.33,-2.156,5812.799999999999,6394.08,2.37
2011-06-12 14:00:00,B3820,0.119,0.0,1.86,36.33,-1.761,5812.799999999999,6394.08,1.88
2011-06-12 15:00:00,B3820,0.119,0.0,1.61,36.33,-1.5010000000000001,5812.799999999999,6394.08,1.62
2011-06-12 16:00:00,B3820,0.119,0.0,1.53,36.33,-1.431,5812.799999999999,6394.08,1.55
2011-06-12 17:00:00,B3820,0.214,0.0,1.2,36.33,-0.996,5812.799999999999,6394.08,1.21
2011-06-12 18:00:00,B3820,0.786,0.0,0.56,36.33,0.22599999999999998,5812.799999999999,6394.08,0.56
2011-06-12 19:00:00,B3820,0.977,0.0,0.0,36.33,0.977,5812.799999999999,6394.08,0.0
2011-06-12 20:00:00,B3820,0.214,0.0,0.0,36.33,0.214,5812.799999999999,6394.08,0.0
2011-06-12 21:00:00,B3820,0.214,0.0,0.0,36.33,0.214,5812.799999999999,6394.08,0.0
2011-06-12 22:00:00,B3820,0.214,0.0,0.0,36.33,0.214,5812.799999999999,6394.08,0.0
2011-06-12 23:00:00,B3820,0.119,0.0,0.0,36.33,0.119,5812.799999999999,6394.08,0.0
2011-06-13 00:00:00,B3820,2.519,2.4,0.0,36.33,2.519,5812.799999999999,6394.08,0.0
2011-06-13 01:00:00,B3820,2.519,2.4,0.0,36.33,2.519,5812.799999999999,6394.08,0.0
2011-06-13 02:00:00,B3820,2.519,2.4,0.0,36.33,2.519,5812.799999999999,6394.08,0.0
2011-06-13 03:00:00,B3820,2.519,2.4,0.0,36.33,2.519,5812.799999999999,6394.08,0.0
2011-06-13 04:00:00,B3820,2.519,2.4,0.0,36.33,2.519,5812.799999999999,6394.08,0.0
2011-06-13 05:00:00,B3820,0.214,0.0,0.0,36.33,0.214,5812.799999999999,6394.08,0.0
2011-06-13 06:00:00,B3820,0.786,0.0,1.08,36.33,-0.554,5812.799999999999,6394.08,1.34
2011-06-13 07:00:00,B3820,0.215,0.0,1.09,36.33,-0.985,5812.799999999999,6394.08,1.2
2011-06-13 08:00:00,B3820,0.119,0.0,1.51,36.33,-1.461,5812.799999999999,6394.08,1.58
2011-06-13 09:00:00,B3820,0.119,0.0,2.13,36.33,-2.061,5812.799999999999,6394.08,2.18
2011-06-13 10:00:00,B3820,0.119,0.0,2.49,36.33,-2.4210000000000003,5812.799999999999,6394.08,2.54
2011-06-13 11:00:00,B3820,0.119,0.0,2.59,36.33,-2.5010000000000003,5812.799999999999,6394.08,2.62
2011-06-13 12:00:00,B3820,0.786,0.0,2.54,36.33,-1.774,5812.799999999999,6394.08,2.56
2011-06-13 13:00:00,B3820,0.214,0.0,2.5,36.33,-2.306,5812.799999999999,6394.08,2.52
2011-06-13 14:00:00,B3820,0.119,0.0,2.44,36.33,-2.341,5812.799999999999,6394.08,2.46
2011-06-13 15:00:00,B3820,0.119,0.0,2.21,36.33,-2.101,5812.799999999999,6394.08,2.22
2011-06-13 16:00:00,B3820,0.119,0.0,1.82,36.33,-1.711,5812.799999999999,6394.08,1.83
2011-06-13 17:00:00,B3820,0.214,0.0,1.38,36.33,-1.166,5812.799999999999,6394.08,1.38
2011-06-13 18:00:00,B3820,0.786,0.0,0.73,36.33,0.05600000000000005,5812.799999999999,6394.08,0.73
2011-06-13 19:00:00,B3820,0.977,0.0,0.0,36.33,0.977,5812.799999999999,6394.08,0.0
2011-06-13 20:00:00,B3820,0.214,0.0,0.0,36.33,0.214,5812.799999999999,6394.08,0.0
2011-06-13 21:00:00,B3820,0.214,0.0,0.0,36.33,0.214,5812.799999999999,6394.08,0.0
2011-06-13 22:00:00,B3820,0.214,0.0,0.0,36.33,0.214,5812.799999999999,6394.08,0.0
2011-06-13 23:00:00,B3820,0.119,0.0,0.0,36.33,0.119,5812.799999999999,6394.08,0.0
2011-06-14 00:00:00,B3820,2.519,2.4,0.0,36.33,2.519,5812.799999999999,6394.08,0.0
2011-06-14 01:00:00,B3820,2.519,2.4,0.0,36.33,2.519,5812.799999999999,6394.08,0.0
2011-06-14 02:00:00,B3820,2.519,2.4,0.0,36.33,2.519,5812.799999999999,6394.08,0.0
2011-06-14 03:00:00,B3820,2.519,2.4,0.0,36.33,2.519,5812.799999999999,6394.08,0.0
2011-06-14 04:00:00,B3820,2.519,2.4,0.0,36.33,2.519,5812.799999999999,6394.08,0.0
2011-06-14 05:00:00,B3820,0.214,0.0,0.0,36.33,0.214,5812.799999999999,6394.08,0.0
2011-06-14 06:00:00,B3820,0.786,0.0,1.71,36.33,-1.444,5812.799999999999,6394.08,2.23
2011-06-14 07:00:00,B3820,0.215,0.0,1.96,36.33,-1.9749999999999999,5812.799999999999,6394.08,2.19
2011-06-14 08:00:00,B3820,0.119,0.0,2.27,36.33,-2.2510000000000003,5812.799999999999,6394.08,2.37
2011-06-14 09:00:00,B3820,0.119,0.0,2.32,36.33,-2.261,5812.799999999999,6394.08,2.38
2011-06-14 10:00:00,B3820,0.119,0.0,2.42,36.33,-2.341,5812.799999999999,6394.08,2.46
2011-06-14 11:00:00,B3820,0.119,0.0,2.64,36.33,-2.551,5812.799999999999,6394.08,2.67
2011-06-14 12:00:00,B3820,0.786,0.0,2.64,36.33,-1.874,5812.799999999999,6394.08,2.66
2011-06-14 13:00:00,B3820,0.214,0.0,2.53,36.33,-2.326,5812.799999999999,6394.08,2.54
2011-06-14 14:00:00,B3820,0.119,0.0,2.31,36.33,-2.2110000000000003,5812.799999999999,6394.08,2.33
2011-06-14 15:00:00,B3820,0.119,0.0,2.23,36.33,-2.1210000000000004,5812.799999999999,6394.08,2.24
2011-06-14 16:00:00,B3820,0.119,0.0,2.1,36.33,-1.9909999999999999,5812.799999999999,6394.08,2.11
2011-06-14 17:00:00,B3820,0.214,0.0,1.62,36.33,-1.4060000000000001,5812.799999999999,6394.08,1.62
2011-06-14 18:00:00,B3820,0.786,0.0,0.88,36.33,-0.09399999999999997,5812.799999999999,6394.08,0.88
2011-06-14 19:00:00,B3820,0.977,0.0,0.0,36.33,0.977,5812.799999999999,6394.08,0.0
2011-06-14 20:00:00,B3820,0.214,0.0,0.0,36.33,0.214,5812.799999999999,6394.08,0.0
2011-06-14 21:00:00,B3820,0.214,0.0,0.0,36.33,0.214,5812.799999999999,6394.08,0.0
2011-06-14 22:00:00,B3820,0.214,0.0,0.0,36.33,0.214,5812.799999999999,6394.08,0.0
2011-06-14 23:00:00,B3820,0.119,0.0,0.0,36.33,0.119,5812.799999999999,6394.08,0.0
2011-06-15 00:00:00,B3820,2.519,2.4,0.0,36.33,2.519,5812.799999999999,6394.08,0.0
2011-06-15 01:00:00,B3820,2.519,2.4,0.0,36.33,2.519,5812.799999999999,6394.08,0.0
2011-06-15 02:00:00,B3820,2.519,2.4,0.0,36.33,2.519,5812.799999999999,6394.08,0.0
2011-06-15 03:00:00,B3820,2.519,2.4,0.0,36.33,2.519,5812.799999999999,6394.08,0.0
2011-06-15 04:00:00,B3820,2.519,2.4,0.0,36.33,2.519,5812.799999999999,6394.08,0.0
2011-06-15 05:00:00,B3820,0.214,0.0,0.0,36.33,0.214,5812.799999999999,6394.08,0.0
2011-06-15 06:00:00,B3820,0.786,0.0,1.58,36.33,-1.184,5812.799999999999,6394.08,1.97
2011-06-15 07:00:00,B3820,0.215,0.0,2.04,36.33,-2.055,5812.799999999999,6394.08,2.27
2011-06-15 08:00:00,B3820,0.119,0.0,2.43,36.33,-2.4210000000000003,5812.799999999999,6394.08,2.54
2011-06-15 09:00:00,B3820,0.119,0.0,2.58,36.33,-2.521,5812.799999999999,6394.08,2.64
2011-06-15 10:00:00,B3820,0.119,0.0,2.6,36.33,-2.5309999999999997,5812.799999999999,6394.08,2.65
2011-06-15 11:00:00,B3820,0.119,0.0,2.55,36.33,-2.4610000000000003,5812.799999999999,6394.08,2.58
2011-06-15 12:00:00,B3820,0.786,0.0,2.63,36.33,-1.8639999999999999,5812.799999999999,6394.08,2.65
2011-06-15 13:00:00,B3820,0.214,0.0,2.53,36.33,-2.346,5812.799999999999,6394.08,2.56
2011-06-15 14:00:00,B3820,0.119,0.0,2.26,36.33,-2.1609999999999996,5812.799999999999,6394.08,2.28
2011-06-15 15:00:00,B3820,0.119,0.0,2.08,36.33,-1.981,5812.799999999999,6394.08,2.1
2011-06-15 16:00:00,B3820,0.119,0.0,1.85,36.33,-1.741,5812.799999999999,6394.08,1.86
2011-06-15 17:00:00,B3820,0.214,0.0,1.46,36.33,-1.256,5812.799999999999,6394.08,1.47
2011-06-15 18:00:00,B3820,0.786,0.0,0.85,36.33,-0.06399999999999995,5812.799999999999,6394.08,0.85
2011-06-15 19:00:00,B3820,0.977,0.0,0.0,36.33,0.977,5812.799999999999,6394.08,0.0
2011-06-15 20:00:00,B3820,0.214,0.0,0.0,36.33,0.214,5812.799999999999,6394.08,0.0
2011-06-15 21:00:00,B3820,0.214,0.0,0.0,36.33,0.214,5812.799999999999,6394.08,0.0
2011-06-15 22:00:00,B3820,0.214,0.0,0.0,36.33,0.214,5812.799999999999,6394.08,0.0
2011-06-15 23:00:00,B3820,0.119,0.0,0.0,36.33,0.119,5812.799999999999,6394.08,0.0
2011-06-16 00:00:00,B3820,2.519,2.4,0.0,36.33,2.519,5812.799999999999,6394.08,0.0
2011-06-16 01:00:00,B3820,2.519,2.4,0.0,36.33,2.519,5812.799999999999,6394.08,0.0
2011-06-16 02:00:00,B3820,2.519,2.4,0.0,36.33,2.519,5812.799999999999,6394.08,0.0
2011-06-16 03:00:00,B3820,2.519,2.4,0.0,36.33,2.519,5812.799999999999,6394.08,0.0
2011-06-16 04:00:00,B3820,2.519,2.4,0.0,36.33,2.519,5812.799999999999,6394.08,0.0
2011-06-16 05:00:00,B3820,0.214,0.0,0.0,36.33,0.214,5812.799999999999,6394.08,0.0
2011-06-16 06:00:00,B3820,0.786,0.0,1.88,36.33,-1.6840000000000002,5812.799999999999,6394.08,2.47
2011-06-16 07:00:00,B3820,0.215,0.0,2.19,36.33,-2.245,5812.799999999999,6394.08,2.46
2011-06-16 08:00:00,B3820,0.119,0.0,2.5,36.33,-2.4909999999999997,5812.799999999999,6394.08,2.61
2011-06-16 09:00:00,B3820,0.119,0.0,2.68,36.33,-2.6210000000000004,5812.799999999999,6394.08,2.74
2011-06-16 10:00:00,B3820,0.119,0.0,2.79,36.33,-2.721,5812.799999999999,6394.08,2.84
2011-06-16 11:00:00,B3820,0.119,0.0,2.74,36.33,-2.651,5812.799999999999,6394.08,2.77
2011-06-16 12:00:00,B3820,0.786,0.0,2.69,36.33,-1.9340000000000002,5812.799999999999,6394.08,2.72
2011-06-16 13:00:00,B3820,0.214,0.0,2.78,36.33,-2.586,5812.799999999999,6394.08,2.8
2011-06-16 14:00:00,B3820,0.119,0.0,2.75,36.33,-2.641,5812.799999999999,6394.08,2.76
2011-06-16 15:00:00,B3820,0.119,0.0,2.53,36.33,-2.4210000000000003,5812.799999999999,6394.08,2.54
2011-06-16 16:00:00,B3820,0.119,0.0,2.15,36.33,-2.0309999999999997,5812.799999999999,6394.08,2.15
2011-06-16 17:00:00,B3820,0.214,0.0,1.45,36.33,-1.246,5812.799999999999,6394.08,1.46
2011-06-16 18:00:00,B3820,0.786,0.0,0.65,36.33,0.136,5812.799999999999,6394.08,0.65
2011-06-16 19:00:00,B3820,0.977,0.0,0.0,36.33,0.977,5812.799999999999,6394.08,0.0
2011-06-16 20:00:00,B3820,0.214,0.0,0.0,36.33,0.214,5812.799999999999,6394.08,0.0
2011-06-16 21:00:00,B3820,0.214,0.0,0.0,36.33,0.214,5812.799999999999,6394.08,0.0
2011-06-16 22:00:00,B3820,0.214,0.0,0.0,36.33,0.214,5812.799999999999,6394.08,0.0
2011-06-16 23:00:00,B3820,0.119,0.0,0.0,36.33,0.119,5812.799999999999,6394.08,0.0
2011-06-17 00:00:00,B3820,2.519,2.4,0.0,36.33,2.519,5812.799999999999,6394.08,0.0
2011-06-17 01:00:00,B3820,2.519,2.4,0.0,36.33,2.519,5812.799999999999,6394.08,0.0
2011-06-17 02:00:00,B3820,2.519,2.4,0.0,36.33,2.519,5812.799999999999,6394.08,0.0
2011-06-17 03:00:00,B3820,2.519,2.4,0.0,36.33,2.519,5812.799999999999,6394.08,0.0
2011-06-17 04:00:00,B3820,2.519,2.4,0.0,36.33,2.519,5812.799999999999,6394.08,0.0
2011-06-17 05:00:00,B3820,0.214,0.0,0.0,36.33,0.214,5812.799999999999,6394.08,0.0
2011-06-17 06:00:00,B3820,0.786,0.0,0.96,36.33,-0.3739999999999999,5812.799999999999,6394.08,1.16
2011-06-17 07:00:00,B3820,0.215,0.0,1.54,36.33,-1.4949999999999999,5812.799999999999,6394.08,1.71
2011-06-17 08:00:00,B3820,0.119,0.0,2.11,36.33,-2.0810000000000004,5812.799999999999,6394.08,2.2
2011-06-17 09:00:00,B3820,0.119,0.0,2.61,36.33,-2.551,5812.799999999999,6394.08,2.67
2011-06-17 10:00:00,B3820,0.119,0.0,2.93,36.33,-2.851,5812.799999999999,6394.08,2.97
2011-06-17 11:00:00,B3820,0.119,0.0,3.05,36.33,-2.9509999999999996,5812.799999999999,6394.08,3.07
2011-06-17 12:00:00,B3820,0.786,0.0,3.14,36.33,-2.374,5812.799999999999,6394.08,3.16
2011-06-17 13:00:00,B3820,0.214,0.0,3.08,36.33,-2.876,5812.799999999999,6394.08,3.09
2011-06-17 14:00:00,B3820,0.119,0.0,2.88,36.33,-2.761,5812.799999999999,6394.08,2.88
2011-06-17 15:00:00,B3820,0.119,0.0,2.56,36.33,-2.4509999999999996,5812.799999999999,6394.08,2.57
2011-06-17 16:00:00,B3820,0.119,0.0,2.12,36.33,-2.011,5812.799999999999,6394.08,2.13
2011-06-17 17:00:00,B3820,0.214,0.0,1.56,36.33,-1.346,5812.799999999999,6394.08,1.56
2011-06-17 18:00:00,B3820,0.786,0.0,0.85,36.33,-0.06399999999999995,5812.799999999999,6394.08,0.85
2011-06-17 19:00:00,B3820,0.977,0.0,0.0,36.33,0.977,5812.799999999999,6394.08,0.0
2011-06-17 20:00:00,B3820,0.214,0.0,0.0,36.33,0.214,5812.799999999999,6394.08,0.0
2011-06-17 21:00:00,B3820,0.214,0.0,0.0,36.33,0.214,5812.799999999999,6394.08,0.0
2011-06-17 22:00:00,B3820,0.214,0.0,0.0,36.33,0.214,5812.799999999999,6394.08,0.0
2011-06-17 23:00:00,B3820,0.119,0.0,0.0,36.33,0.119,5812.799999999999,6394.08,0.0
2011-06-18 00:00:00,B3820,0.119,0.0,0.0,36.33,0.119,5812.799999999999,6394.08,0.0
2011-06-18 01:00:00,B3820,0.119,0.0,0.0,36.33,0.119,5812.799999999999,6394.08,0.0
2011-06-18 02:00:00,B3820,0.119,0.0,0.0,36.33,0.119,5812.799999999999,6394.08,0.0
2011-06-18 03:00:00,B3820,0.119,0.0,0.0,36.33,0.119,5812.799999999999,6394.08,0.0
2011-06-18 04:00:00,B3820,0.119,0.0,0.0,36.33,0.119,5812.799999999999,6394.08,0.0
2011-06-18 05:00:00,B3820,0.214,0.0,0.0,36.33,0.214,5812.799999999999,6394.08,0.0
2011-06-18 06:00:00,B3820,0.786,0.0,1.35,36.33,-0.8839999999999999,5812.799999999999,6394.08,1.67
2011-06-18 07:00:00,B3820,0.214,0.0,1.63,36.33,-1.586,5812.799999999999,6394.08,1.8
2011-06-18 08:00:00,B3820,2.519,2.4,2.0,36.33,0.42900000000000027,5812.799999999999,6394.08,2.09
2011-06-18 09:00:00,B3820,2.519,2.4,2.24,36.33,0.20900000000000007,5812.799999999999,6394.08,2.31
2011-06-18 10:00:00,B3820,2.519,2.4,2.33,36.33,0.13900000000000023,5812.799999999999,6394.08,2.38
2011-06-18 11:00:00,B3820,2.519,2.4,2.72,36.33,-0.23099999999999987,5812.799999999999,6394.08,2.75
2011-06-18 12:00:00,B3820,3.186,2.4,3.08,36.33,0.08599999999999985,5812.799999999999,6394.08,3.1
2011-06-18 13:00:00,B3820,0.214,0.0,3.01,36.33,-2.806,5812.799999999999,6394.08,3.02
2011-06-18 14:00:00,B3820,0.119,0.0,2.86,36.33,-2.7510000000000003,5812.799999999999,6394.08,2.87
2011-06-18 15:00:00,B3820,0.119,0.0,2.6,36.33,-2.4909999999999997,5812.799999999999,6394.08,2.61
2011-06-18 16:00:00,B3820,0.119,0.0,2.17,36.33,-2.061,5812.799999999999,6394.08,2.18
2011-06-18 17:00:00,B3820,0.214,0.0,1.61,36.33,-1.3960000000000001,5812.799999999999,6394.08,1.61
2011-06-18 18:00:00,B3820,0.786,0.0,0.89,36.33,-0.10399999999999998,5812.799999999999,6394.08,0.89
2011-06-18 19:00:00,B3820,0.977,0.0,0.0,36.33,0.977,5812.799999999999,6394.08,0.0
2011-06-18 20:00:00,B3820,0.214,0.0,0.0,36.33,0.214,5812.799999999999,6394.08,0.0
2011-06-18 21:00:00,B3820,0.214,0.0,0.0,36.33,0.214,5812.799999999999,6394.08,0.0
2011-06-18 22:00:00,B3820,0.214,0.0,0.0,36.33,0.214,5812.799999999999,6394.08,0.0
2011-06-18 23:00:00,B3820,0.119,0.0,0.0,36.33,0.119,5812.799999999999,6394.08,0.0
2011-06-19 00:00:00,B3820,0.119,0.0,0.0,36.33,0.119,5812.799999999999,6394.08,0.0
2011-06-19 01:00:00,B3820,0.119,0.0,0.0,36.33,0.119,5812.799999999999,6394.08,0.0
2011-06-19 02:00:00,B3820,0.119,0.0,0.0,36.33,0.119,5812.799999999999,6394.08,0.0
2011-06-19 03:00:00,B3820,0.119,0.0,0.0,36.33,0.119,5812.799999999999,6394.08,0.0
2011-06-19 04:00:00,B3820,0.119,0.0,0.0,36.33,0.119,5812.799999999999,6394.08,0.0
2011-06-19 05:00:00,B3820,0.214,0.0,0.0,36.33,0.214,5812.799999999999,6394.08,0.0
2011-06-19 06:00:00,B3820,0.786,0.0,1.77,36.33,-1.5339999999999998,5812.799999999999,6394.08,2.32
2011-06-19 07:00:00,B3820,0.214,0.0,2.12,36.33,-2.166,5812.799999999999,6394.08,2.38
2011-06-19 08:00:00,B3820,2.519,2.4,2.51,36.33,-0.09099999999999975,5812.799999999999,6394.08,2.61
2011-06-19 09:00:00,B3820,2.519,2.4,2.7,36.33,-0.24099999999999966,5812.799999999999,6394.08,2.76
2011-06-19 10:00:00,B3820,2.519,2.4,2.85,36.33,-0.3809999999999998,5812.799999999999,6394.08,2.9
2011-06-19 11:00:00,B3820,2.519,2.4,3.08,36.33,-0.5909999999999997,5812.799999999999,6394.08,3.11
2011-06-19 12:00:00,B3820,3.186,2.4,3.21,36.33,-0.04400000000000004,5812.799999999999,6394.08,3.23
2011-06-19 13:00:00,B3820,0.214,0.0,3.14,36.33,-2.936,5812.799999999999,6394.08,3.15
2011-06-19 14:00:00,B3820,0.119,0.0,2.95,36.33,-2.841,5812.799999999999,6394.08,2.96
2011-06-19 15:00:00,B3820,0.119,0.0,2.63,36.33,-2.521,5812.799999999999,6394.08,2.64
2011-06-19 16:00:00,B3820,0.119,0.0,2.19,36.33,-2.0810000000000004,5812.799999999999,6394.08,2.2
2011-06-19 17:00:00,B3820,0.214,0.0,1.63,36.33,-1.416,5812.799999999999,6394.08,1.63
2011-06-19 18:00:00,B3820,0.786,0.0,0.89,36.33,-0.10399999999999998,5812.799999999999,6394.08,0.89
2011-06-19 19:00:00,B3820,0.977,0.0,0.0,36.33,0.977,5812.799999999999,6394.08,0.0
2011-06-19 20:00:00,B3820,0.214,0.0,0.0,36.33,0.214,5812.799999999999,6394.08,0.0
2011-06-19 21:00:00,B3820,0.214,0.0,0.0,36.33,0.214,5812.799999999999,6394.08,0.0
2011-06-19 22:00:00,B3820,0.214,0.0,0.0,36.33,0.214,5812.799999999999,6394.08,0.0
2011-06-19 23:00:00,B3820,0.119,0.0,0.0,36.33,0.119,5812.799999999999,6394.08,0.0
2011-06-20 00:00:00,B3820,2.519,2.4,0.0,36.33,2.519,5812.799999999999,6394.08,0.0
2011-06-20 01:00:00,B3820,2.519,2.4,0.0,36.33,2.519,5812.799999999999,6394.08,0.0
2011-06-20 02:00:00,B3820,2.519,2.4,0.0,36.33,2.519,5812.799999999999,6394.08,0.0
2011-06-20 03:00:00,B3820,2.519,2.4,0.0,36.33,2.519,5812.799999999999,6394.08,0.0
2011-06-20 04:00:00,B3820,2.519,2.4,0.0,36.33,2.519,5812.799999999999,6394.08,0.0
2011-06-20 05:00:00,B3820,0.214,0.0,0.0,36.33,0.214,5812.799999999999,6394.08,0.0
2011-06-20 06:00:00,B3820,0.786,0.0,1.55,36.33,-1.204,5812.799999999999,6394.08,1.99
2011-06-20 07:00:00,B3820,0.215,0.0,1.82,36.33,-1.7949999999999997,5812.799999999999,6394.08,2.01
2011-06-20 08:00:00,B3820,0.119,0.0,2.28,36.33,-2.271,5812.799999999999,6394.08,2.39
2011-06-20 09:00:00,B3820,0.119,0.0,2.72,36.33,-2.6609999999999996,5812.799999999999,6394.08,2.78
2011-06-20 10:00:00,B3820,0.119,0.0,3.05,36.33,-2.971,5812.799999999999,6394.08,3.09
2011-06-20 11:00:00,B3820,0.119,0.0,3.22,36.33,-3.1210000000000004,5812.799999999999,6394.08,3.24
2011-06-20 12:00:00,B3820,0.786,0.0,3.25,36.33,-2.4739999999999998,5812.799999999999,6394.08,3.26
2011-06-20 13:00:00,B3820,0.214,0.0,3.16,36.33,-2.956,5812.799999999999,6394.08,3.17
2011-06-20 14:00:00,B3820,0.119,0.0,2.96,36.33,-2.851,5812.799999999999,6394.08,2.97
2011-06-20 15:00:00,B3820,0.119,0.0,2.64,36.33,-2.5309999999999997,5812.799999999999,6394.08,2.65
2011-06-20 16:00:00,B3820,0.119,0.0,2.2,36.33,-2.0810000000000004,5812.799999999999,6394.08,2.2
2011-06-20 17:00:00,B3820,0.214,0.0,1.64,36.33,-1.426,5812.799999999999,6394.08,1.64
2011-06-20 18:00:00,B3820,0.786,0.0,0.91,36.33,-0.124,5812.799999999999,6394.08,0.91
2011-06-20 19:00:00,B3820,0.977,0.0,0.0,36.33,0.977,5812.799999999999,6394.08,0.0
2011-06-20 20:00:00,B3820,0.214,0.0,0.0,36.33,0.214,5812.799999999999,6394.08,0.0
2011-06-20 21:00:00,B3820,0.214,0.0,0.0,36.33,0.214,5812.799999999999,6394.08,0.0
2011-06-20 22:00:00,B3820,0.214,0.0,0.0,36.33,0.214,5812.799999999999,6394.08,0.0
2011-06-20 23:00:00,B3820,0.119,0.0,0.0,36.33,0.119,5812.799999999999,6394.08,0.0
2011-06-21 00:00:00,B3820,2.519,2.4,0.0,36.33,2.519,5812.799999999999,6394.08,0.0
2011-06-21 01:00:00,B3820,2.519,2.4,0.0,36.33,2.519,5812.799999999999,6394.08,0.0
2011-06-21 02:00:00,B3820,2.519,2.4,0.0,36.33,2.519,5812.799999999999,6394.08,0.0
2011-06-21 03:00:00,B3820,2.519,2.4,0.0,36.33,2.519,5812.799999999999,6394.08,0.0
2011-06-21 04:00:00,B3820,2.519,2.4,0.0,36.33,2.519,5812.799999999999,6394.08,0.0
2011-06-21 05:00:00,B3820,0.214,0.0,0.0,36.33,0.214,5812.799999999999,6394.08,0.0
2011-06-21 06:00:00,B3820,0.786,0.0,1.72,36.33,-1.424,5812.799999999999,6394.08,2.21
2011-06-21 07:00:00,B3820,0.215,0.0,2.06,36.33,-2.095,5812.799999999999,6394.08,2.31
2011-06-21 08:00:00,B3820,0.119,0.0,2.57,36.33,-2.561,5812.799999999999,6394.08,2.68
2011-06-21 09:00:00,B3820,0.119,0.0,2.85,36.33,-2.7910000000000004,5812.799999999999,6394.08,2.91
2011-06-21 10:00:00,B3820,0.119,0.0,3.08,36.33,-3.0010000000000003,5812.799999999999,6394.08,3.12
2011-06-21 11:00:00,B3820,0.119,0.0,3.22,36.33,-3.1210000000000004,5812.799999999999,6394.08,3.24
2011-06-21 12:00:00,B3820,0.786,0.0,3.24,36.33,-2.464,5812.799999999999,6394.08,3.25
2011-06-21 13:00:00,B3820,0.214,0.0,3.15,36.33,-2.946,5812.799999999999,6394.08,3.16
2011-06-21 14:00:00,B3820,0.119,0.0,2.96,36.33,-2.851,5812.799999999999,6394.08,2.97
2011-06-21 15:00:00,B3820,0.119,0.0,2.65,36.33,-2.5410000000000004,5812.799999999999,6394.08,2.66
2011-06-21 16:00:00,B3820,0.119,0.0,2.21,36.33,-2.091,5812.799999999999,6394.08,2.21
2011-06-21 17:00:00,B3820,0.214,0.0,1.65,36.33,-1.436,5812.799999999999,6394.08,1.65
2011-06-21 18:00:00,B3820,0.786,0.0,0.91,36.33,-0.124,5812.799999999999,6394.08,0.91
2011-06-21 19:00:00,B3820,0.977,0.0,0.0,36.33,0.977,5812.799999999999,6394.08,0.0
2011-06-21 20:00:00,B3820,0.214,0.0,0.0,36.33,0.214,5812.799999999999,6394.08,0.0
2011-06-21 21:00:00,B3820,0.214,0.0,0.0,36.33,0.214,5812.799999999999,6394.08,0.0
2011-06-21 22:00:00,B3820,0.214,0.0,0.0,36.33,0.214,5812.799999999999,6394.08,0.0
2011-06-21 23:00:00,B3820,0.119,0.0,0.0,36.33,0.119,5812.799999999999,6394.08,0.0
2011-06-22 00:00:00,B3820,2.519,2.4,0.0,36.33,2.519,5812.799999999999,6394.08,0.0
2011-06-22 01:00:00,B3820,2.519,2.4,0.0,36.33,2.519,5812.799999999999,6394.08,0.0
2011-06-22 02:00:00,B3820,2.519,2.4,0.0,36.33,2.519,5812.799999999999,6394.08,0.0
2011-06-22 03:00:00,B3820,2.519,2.4,0.0,36.33,2.519,5812.799999999999,6394.08,0.0
2011-06-22 04:00:00,B3820,2.519,2.4,0.0,36.33,2.519,5812.799999999999,6394.08,0.0
2011-06-22 05:00:00,B3820,0.214,0.0,0.0,36.33,0.214,5812.799999999999,6394.08,0.0
2011-06-22 06:00:00,B3820,0.786,0.0,1.85,36.33,-1.634,5812.799999999999,6394.08,2.42
2011-06-22 07:00:00,B3820,0.215,0.0,2.17,36.33,-2.2150000000000003,5812.799999999999,6394.08,2.43
2011-06-22 08:00:00,B3820,0.119,0.0,2.59,36.33,-2.5810000000000004,5812.799999999999,6394.08,2.7
2011-06-22 09:00:00,B3820,0.119,0.0,2.86,36.33,-2.801,5812.799999999999,6394.08,2.92
2011-06-22 10:00:00,B3820,0.119,0.0,3.09,36.33,-3.011,5812.799999999999,6394.08,3.13
2011-06-22 11:00:00,B3820,0.119,0.0,3.23,36.33,-3.1310000000000002,5812.799999999999,6394.08,3.25
2011-06-22 12:00:00,B3820,0.786,0.0,3.23,36.33,-2.454,5812.799999999999,6394.08,3.24
2011-06-22 13:00:00,B3820,0.214,0.0,3.12,36.33,-2.916,5812.799999999999,6394.08,3.13
2011-06-22 14:00:00,B3820,0.119,0.0,2.92,36.33,-2.811,5812.799999999999,6394.08,2.93
2011-06-22 15:00:00,B3820,0.119,0.0,2.6,36.33,-2.481,5812.799999999999,6394.08,2.6
2011-06-22 16:00:00,B3820,0.119,0.0,2.15,36.33,-2.0410000000000004,5812.799999999999,6394.08,2.16
2011-06-22 17:00:00,B3820,0.214,0.0,1.59,36.33,-1.3760000000000001,5812.799999999999,6394.08,1.59
2011-06-22 18:00:00,B3820,0.786,0.0,0.88,36.33,-0.09399999999999997,5812.799999999999,6394.08,0.88
2011-06-22 19:00:00,B3820,0.977,0.0,0.0,36.33,0.977,5812.799999999999,6394.08,0.0
2011-06-22 20:00:00,B3820,0.214,0.0,0.0,36.33,0.214,5812.799999999999,6394.08,0.0
2011-06-22 21:00:00,B3820,0.214,0.0,0.0,36.33,0.214,5812.799999999999,6394.08,0.0
2011-06-22 22:00:00,B3820,0.214,0.0,0.0,36.33,0.214,5812.799999999999,6394.08,0.0
2011-06-22 23:00:00,B3820,0.119,0.0,0.0,36.33,0.119,5812.799999999999,6394.08,0.0
2011-06-23 00:00:00,B3820,2.519,2.4,0.0,36.33,2.519,5812.799999999999,6394.08,0.0
2011-06-23 01:00:00,B3820,2.519,2.4,0.0,36.33,2.519,5812.799999999999,6394.08,0.0
2011-06-23 02:00:00,B3820,2.519,2.4,0.0,36.33,2.519,5812.799999999999,6394.08,0.0
2011-06-23 03:00:00,B3820,2.519,2.4,0.0,36.33,2.519,5812.799999999999,6394.08,0.0
2011-06-23 04:00:00,B3820,2.519,2.4,0.0,36.33,2.519,5812.799999999999,6394.08,0.0
2011-06-23 05:00:00,B3820,0.214,0.0,0.0,36.33,0.214,5812.799999999999,6394.08,0.0
2011-06-23 06:00:00,B3820,0.786,0.0,1.92,36.33,-1.754,5812.799999999999,6394.08,2.54
2011-06-23 07:00:00,B3820,0.215,0.0,2.16,36.33,-2.205,5812.799999999999,6394.08,2.42
2011-06-23 08:00:00,B3820,0.119,0.0,2.55,36.33,-2.5410000000000004,5812.799999999999,6394.08,2.66
2011-06-23 09:00:00,B3820,0.119,0.0,2.86,36.33,-2.801,5812.799999999999,6394.08,2.92
2011-06-23 10:00:00,B3820,0.119,0.0,3.02,36.33,-2.941,5812.799999999999,6394.08,3.06
2011-06-23 11:00:00,B3820,0.119,0.0,3.16,36.33,-3.061,5812.799999999999,6394.08,3.18
2011-06-23 12:00:00,B3820,0.786,0.0,3.18,36.33,-2.404,5812.799999999999,6394.08,3.19
2011-06-23 13:00:00,B3820,0.214,0.0,3.08,36.33,-2.876,5812.799999999999,6394.08,3.09
2011-06-23 14:00:00,B3820,0.119,0.0,2.88,36.33,-2.771,5812.799999999999,6394.08,2.89
2011-06-23 15:00:00,B3820,0.119,0.0,2.58,36.33,-2.471,5812.799999999999,6394.08,2.59
2011-06-23 16:00:00,B3820,0.119,0.0,2.16,36.33,-2.051,5812.799999999999,6394.08,2.17
2011-06-23 17:00:00,B3820,0.214,0.0,1.62,36.33,-1.4060000000000001,5812.799999999999,6394.08,1.62
2011-06-23 18:00:00,B3820,0.786,0.0,0.91,36.33,-0.124,5812.799999999999,6394.08,0.91
2011-06-23 19:00:00,B3820,0.977,0.0,0.0,36.33,0.977,5812.799999999999,6394.08,0.0
2011-06-23 20:00:00,B3820,0.214,0.0,0.0,36.33,0.214,5812.799999999999,6394.08,0.0
2011-06-23 21:00:00,B3820,0.214,0.0,0.0,36.33,0.214,5812.799999999999,6394.08,0.0
2011-06-23 22:00:00,B3820,0.214,0.0,0.0,36.33,0.214,5812.799999999999,6394.08,0.0
2011-06-23 23:00:00,B3820,0.119,0.0,0.0,36.33,0.119,5812.799999999999,6394.08,0.0
2011-06-24 00:00:00,B3820,2.519,2.4,0.0,36.33,2.519,5812.799999999999,6394.08,0.0
2011-06-24 01:00:00,B3820,2.519,2.4,0.0,36.33,2.519,5812.799999999999,6394.08,0.0
2011-06-24 02:00:00,B3820,2.519,2.4,0.0,36.33,2.519,5812.799999999999,6394.08,0.0
2011-06-24 03:00:00,B3820,2.519,2.4,0.0,36.33,2.519,5812.799999999999,6394.08,0.0
2011-06-24 04:00:00,B3820,2.519,2.4,0.0,36.33,2.519,5812.799999999999,6394.08,0.0
2011-06-24 05:00:00,B3820,0.214,0.0,0.0,36.33,0.214,5812.799999999999,6394.08,0.0
2011-06-24 06:00:00,B3820,0.786,0.0,1.92,36.33,-1.754,5812.799999999999,6394.08,2.54
2011-06-24 07:00:00,B3820,0.215,0.0,2.23,36.33,-2.295,5812.799999999999,6394.08,2.51
2011-06-24 08:00:00,B3820,0.119,0.0,2.64,36.33,-2.6310000000000002,5812.799999999999,6394.08,2.75
2011-06-24 09:00:00,B3820,0.119,0.0,2.89,36.33,-2.8209999999999997,5812.799999999999,6394.08,2.94
2011-06-24 10:00:00,B3820,0.119,0.0,3.08,36.33,-3.0010000000000003,5812.799999999999,6394.08,3.12
2011-06-24 11:00:00,B3820,0.119,0.0,3.2,36.33,-3.101,5812.799999999999,6394.08,3.22
2011-06-24 12:00:00,B3820,0.786,0.0,3.2,36.33,-2.424,5812.799999999999,6394.08,3.21
2011-06-24 13:00:00,B3820,0.214,0.0,3.11,36.33,-2.916,5812.799999999999,6394.08,3.13
2011-06-24 14:00:00,B3820,0.119,0.0,2.93,36.33,-2.811,5812.799999999999,6394.08,2.93
2011-06-24 15:00:00,B3820,0.119,0.0,2.62,36.33,-2.5010000000000003,5812.799999999999,6394.08,2.62
2011-06-24 16:00:00,B3820,0.119,0.0,2.18,36.33,-2.061,5812.799999999999,6394.08,2.18
2011-06-24 17:00:00,B3820,0.214,0.0,1.62,36.33,-1.4060000000000001,5812.799999999999,6394.08,1.62
2011-06-24 18:00:00,B3820,0.786,0.0,0.87,36.33,-0.08399999999999996,5812.799999999999,6394.08,0.87
2011-06-24 19:00:00,B3820,0.977,0.0,0.0,36.33,0.977,5812.799999999999,6394.08,0.0
2011-06-24 20:00:00,B3820,0.214,0.0,0.0,36.33,0.214,5812.799999999999,6394.08,0.0
2011-06-24 21:00:00,B3820,0.214,0.0,0.0,36.33,0.214,5812.799999999999,6394.08,0.0
2011-06-24 22:00:00,B3820,0.214,0.0,0.0,36.33,0.214,5812.799999999999,6394.08,0.0
2011-06-24 23:00:00,B3820,0.119,0.0,0.0,36.33,0.119,5812.799999999999,6394.08,0.0
2011-06-25 00:00:00,B3820,0.119,0.0,0.0,36.33,0.119,5812.799999999999,6394.08,0.0
2011-06-25 01:00:00,B3820,0.119,0.0,0.0,36.33,0.119,5812.799999999999,6394.08,0.0
2011-06-25 02:00:00,B3820,0.119,0.0,0.0,36.33,0.119,5812.799999999999,6394.08,0.0
2011-06-25 03:00:00,B3820,0.119,0.0,0.0,36.33,0.119,5812.799999999999,6394.08,0.0
2011-06-25 04:00:00,B3820,0.119,0.0,0.0,36.33,0.119,5812.799999999999,6394.08,0.0
2011-06-25 05:00:00,B3820,0.214,0.0,0.0,36.33,0.214,5812.799999999999,6394.08,0.0
2011-06-25 06:00:00,B3820,0.786,0.0,1.25,36.33,-0.734,5812.799999999999,6394.08,1.52
2011-06-25 07:00:00,B3820,0.214,0.0,1.83,36.33,-1.806,5812.799999999999,6394.08,2.02
2011-06-25 08:00:00,B3820,2.519,2.4,2.38,36.33,0.028999999999999915,5812.799999999999,6394.08,2.49
2011-06-25 09:00:00,B3820,2.519,2.4,2.75,36.33,-0.2909999999999999,5812.799999999999,6394.08,2.81
2011-06-25 10:00:00,B3820,2.519,2.4,2.9,36.33,-0.4209999999999998,5812.799999999999,6394.08,2.94
2011-06-25 11:00:00,B3820,2.519,2.4,3.0,36.33,-0.5109999999999997,5812.799999999999,6394.08,3.03
2011-06-25 12:00:00,B3820,3.186,2.4,3.08,36.33,0.08599999999999985,5812.799999999999,6394.08,3.1
2011-06-25 13:00:00,B3820,0.214,0.0,3.05,36.33,-2.846,5812.799999999999,6394.08,3.06
2011-06-25 14:00:00,B3820,0.119,0.0,2.88,36.33,-2.771,5812.799999999999,6394.08,2.89
2011-06-25 15:00:00,B3820,0.119,0.0,2.57,36.33,-2.4610000000000003,5812.799999999999,6394.08,2.58
2011-06-25 16:00:00,B3820,0.119,0.0,2.15,36.33,-2.0309999999999997,5812.799999999999,6394.08,2.15
2011-06-25 17:00:00,B3820,0.214,0.0,1.6,36.33,-1.3860000000000001,5812.799999999999,6394.08,1.6
2011-06-25 18:00:00,B3820,0.786,0.0,0.89,36.33,-0.10399999999999998,5812.799999999999,6394.08,0.89
2011-06-25 19:00:00,B3820,0.977,0.0,0.0,36.33,0.977,5812.799999999999,6394.08,0.0
2011-06-25 20:00:00,B3820,0.214,0.0,0.0,36.33,0.214,5812.799999999999,6394.08,0.0
2011-06-25 21:00:00,B3820,0.214,0.0,0.0,36.33,0.214,5812.799999999999,6394.08,0.0
2011-06-25 22:00:00,B3820,0.214,0.0,0.0,36.33,0.214,5812.799999999999,6394.08,0.0
2011-06-25 23:00:00,B3820,0.119,0.0,0.0,36.33,0.119,5812.799999999999,6394.08,0.0
2011-06-26 00:00:00,B3820,0.119,0.0,0.0,36.33,0.119,5812.799999999999,6394.08,0.0
2011-06-26 01:00:00,B3820,0.119,0.0,0.0,36.33,0.119,5812.799999999999,6394.08,0.0
2011-06-26 02:00:00,B3820,0.119,0.0,0.0,36.33,0.119,5812.799999999999,6394.08,0.0
2011-06-26 03:00:00,B3820,0.119,0.0,0.0,36.33,0.119,5812.799999999999,6394.08,0.0
2011-06-26 04:00:00,B3820,0.119,0.0,0.0,36.33,0.119,5812.799999999999,6394.08,0.0
2011-06-26 05:00:00,B3820,0.214,0.0,0.0,36.33,0.214,5812.799999999999,6394.08,0.0
2011-06-26 06:00:00,B3820,0.786,0.0,1.38,36.33,-0.9239999999999999,5812.799999999999,6394.08,1.71
2011-06-26 07:00:00,B3820,0.214,0.0,1.93,36.33,-1.936,5812.799999999999,6394.08,2.15
2011-06-26 08:00:00,B3820,2.519,2.4,2.57,36.33,-0.16100000000000003,5812.799999999999,6394.08,2.68
2011-06-26 09:00:00,B3820,2.519,2.4,2.92,36.33,-0.46099999999999985,5812.799999999999,6394.08,2.98
2011-06-26 10:00:00,B3820,2.519,2.4,3.14,36.33,-0.6509999999999998,5812.799999999999,6394.08,3.17
2011-06-26 11:00:00,B3820,2.519,2.4,3.26,36.33,-0.7709999999999999,5812.799999999999,6394.08,3.29
2011-06-26 12:00:00,B3820,3.186,2.4,3.26,36.33,-0.09399999999999986,5812.799999999999,6394.08,3.28
2011-06-26 13:00:00,B3820,0.214,0.0,3.18,36.33,-2.976,5812.799999999999,6394.08,3.19
2011-06-26 14:00:00,B3820,0.119,0.0,2.96,36.33,-2.851,5812.799999999999,6394.08,2.97
2011-06-26 15:00:00,B3820,0.119,0.0,2.65,36.33,-2.5410000000000004,5812.799999999999,6394.08,2.66
2011-06-26 16:00:00,B3820,0.119,0.0,2.2,36.33,-2.091,5812.799999999999,6394.08,2.21
2011-06-26 17:00:00,B3820,0.214,0.0,1.59,36.33,-1.3760000000000001,5812.799999999999,6394.08,1.59
2011-06-26 18:00:00,B3820,0.786,0.0,0.84,36.33,-0.05399999999999994,5812.799999999999,6394.08,0.84
2011-06-26 19:00:00,B3820,0.977,0.0,0.0,36.33,0.977,5812.799999999999,6394.08,0.0
2011-06-26 20:00:00,B3820,0.214,0.0,0.0,36.33,0.214,5812.799999999999,6394.08,0.0
2011-06-26 21:00:00,B3820,0.214,0.0,0.0,36.33,0.214,5812.799999999999,6394.08,0.0
2011-06-26 22:00:00,B3820,0.214,0.0,0.0,36.33,0.214,5812.799999999999,6394.08,0.0
2011-06-26 23:00:00,B3820,0.119,0.0,0.0,36.33,0.119,5812.799999999999,6394.08,0.0
2011-06-27 00:00:00,B3820,2.519,2.4,0.0,36.33,2.519,5812.799999999999,6394.08,0.0
2011-06-27 01:00:00,B3820,2.519,2.4,0.0,36.33,2.519,5812.799999999999,6394.08,0.0
2011-06-27 02:00:00,B3820,2.519,2.4,0.0,36.33,2.519,5812.799999999999,6394.08,0.0
2011-06-27 03:00:00,B3820,2.519,2.4,0.0,36.33,2.519,5812.799999999999,6394.08,0.0
2011-06-27 04:00:00,B3820,2.519,2.4,0.0,36.33,2.519,5812.799999999999,6394.08,0.0
2011-06-27 05:00:00,B3820,0.214,0.0,0.0,36.33,0.214,5812.799999999999,6394.08,0.0
2011-06-27 06:00:00,B3820,0.786,0.0,1.05,36.33,-0.484,5812.799999999999,6394.08,1.27
2011-06-27 07:00:00,B3820,0.215,0.0,1.27,36.33,-1.1649999999999998,5812.799999999999,6394.08,1.38
2011-06-27 08:00:00,B3820,0.119,0.0,1.85,36.33,-1.821,5812.799999999999,6394.08,1.94
2011-06-27 09:00:00,B3820,0.119,0.0,2.39,36.33,-2.351,5812.799999999999,6394.08,2.47
2011-06-27 10:00:00,B3820,0.119,0.0,2.88,36.33,-2.811,5812.799999999999,6394.08,2.93
2011-06-27 11:00:00,B3820,0.119,0.0,3.14,36.33,-3.051,5812.799999999999,6394.08,3.17
2011-06-27 12:00:00,B3820,0.786,0.0,3.18,36.33,-2.414,5812.799999999999,6394.08,3.2
2011-06-27 13:00:00,B3820,0.214,0.0,3.05,36.33,-2.856,5812.799999999999,6394.08,3.07
2011-06-27 14:00:00,B3820,0.119,0.0,2.84,36.33,-2.731,5812.799999999999,6394.08,2.85
2011-06-27 15:00:00,B3820,0.119,0.0,2.53,36.33,-2.4210000000000003,5812.799999999999,6394.08,2.54
2011-06-27 16:00:00,B3820,0.119,0.0,2.05,36.33,-1.9309999999999998,5812.799999999999,6394.08,2.05
2011-06-27 17:00:00,B3820,0.214,0.0,1.5,36.33,-1.286,5812.799999999999,6394.08,1.5
2011-06-27 18:00:00,B3820,0.786,0.0,0.83,36.33,-0.04399999999999993,5812.799999999999,6394.08,0.83
2011-06-27 19:00:00,B3820,0.977,0.0,0.0,36.33,0.977,5812.799999999999,6394.08,0.0
2011-06-27 20:00:00,B3820,0.214,0.0,0.0,36.33,0.214,5812.799999999999,6394.08,0.0
2011-06-27 21:00:00,B3820,0.214,0.0,0.0,36.33,0.214,5812.799999999999,6394.08,0.0
2011-06-27 22:00:00,B3820,0.214,0.0,0.0,36.33,0.214,5812.799999999999,6394.08,0.0
2011-06-27 23:00:00,B3820,0.119,0.0,0.0,36.33,0.119,5812.799999999999,6394.08,0.0
2011-06-28 00:00:00,B3820,2.519,2.4,0.0,36.33,2.519,5812.799999999999,6394.08,0.0
2011-06-28 01:00:00,B3820,2.519,2.4,0.0,36.33,2.519,5812.799999999999,6394.08,0.0
2011-06-28 02:00:00,B3820,2.519,2.4,0.0,36.33,2.519,5812.799999999999,6394.08,0.0
2011-06-28 03:00:00,B3820,2.519,2.4,0.0,36.33,2.519,5812.799999999999,6394.08,0.0
2011-06-28 04:00:00,B3820,2.519,2.4,0.0,36.33,2.519,5812.799999999999,6394.08,0.0
2011-06-28 05:00:00,B3820,0.214,0.0,0.0,36.33,0.214,5812.799999999999,6394.08,0.0
2011-06-28 06:00:00,B3820,0.786,0.0,0.8,36.33,-0.14400000000000002,5812.799999999999,6394.08,0.93
2011-06-28 07:00:00,B3820,0.215,0.0,1.44,36.33,-1.365,5812.799999999999,6394.08,1.58
2011-06-28 08:00:00,B3820,0.119,0.0,2.04,36.33,-2.021,5812.799999999999,6394.08,2.14
2011-06-28 09:00:00,B3820,0.119,0.0,2.27,36.33,-2.221,5812.799999999999,6394.08,2.34
2011-06-28 10:00:00,B3820,0.119,0.0,2.23,36.33,-2.1710000000000003,5812.799999999999,6394.08,2.29
2011-06-28 11:00:00,B3820,0.119,0.0,2.29,36.33,-2.2110000000000003,5812.799999999999,6394.08,2.33
2011-06-28 12:00:00,B3820,0.786,0.0,2.55,36.33,-1.7839999999999998,5812.799999999999,6394.08,2.57
2011-06-28 13:00:00,B3820,0.214,0.0,2.65,36.33,-2.456,5812.799999999999,6394.08,2.67
2011-06-28 14:00:00,B3820,0.119,0.0,2.38,36.33,-2.2809999999999997,5812.799999999999,6394.08,2.4
2011-06-28 15:00:00,B3820,0.119,0.0,1.95,36.33,-1.841,5812.799999999999,6394.08,1.96
2011-06-28 16:00:00,B3820,0.119,0.0,1.8,36.33,-1.691,5812.799999999999,6394.08,1.81
2011-06-28 17:00:00,B3820,0.214,0.0,1.43,36.33,-1.216,5812.799999999999,6394.08,1.43
2011-06-28 18:00:00,B3820,0.786,0.0,0.74,36.33,0.04600000000000004,5812.799999999999,6394.08,0.74
2011-06-28 19:00:00,B3820,0.977,0.0,0.0,36.33,0.977,5812.799999999999,6394.08,0.0
2011-06-28 20:00:00,B3820,0.214,0.0,0.0,36.33,0.214,5812.799999999999,6394.08,0.0
2011-06-28 21:00:00,B3820,0.214,0.0,0.0,36.33,0.214,5812.799999999999,6394.08,0.0
2011-06-28 22:00:00,B3820,0.214,0.0,0.0,36.33,0.214,5812.799999999999,6394.08,0.0
2011-06-28 23:00:00,B3820,0.119,0.0,0.0,36.33,0.119,5812.799999999999,6394.08,0.0
2011-06-29 00:00:00,B3820,2.519,2.4,0.0,36.33,2.519,5812.799999999999,6394.08,0.0
2011-06-29 01:00:00,B3820,2.519,2.4,0.0,36.33,2.519,5812.799999999999,6394.08,0.0
2011-06-29 02:00:00,B3820,2.519,2.4,0.0,36.33,2.519,5812.799999999999,6394.08,0.0
2011-06-29 03:00:00,B3820,2.519,2.4,0.0,36.33,2.519,5812.799999999999,6394.08,0.0
2011-06-29 04:00:00,B3820,2.519,2.4,0.0,36.33,2.519,5812.799999999999,6394.08,0.0
2011-06-29 05:00:00,B3820,0.214,0.0,0.0,36.33,0.214,5812.799999999999,6394.08,0.0
2011-06-29 06:00:00,B3820,0.786,0.0,1.65,36.33,-1.334,5812.799999999999,6394.08,2.12
2011-06-29 07:00:00,B3820,0.215,0.0,1.96,36.33,-1.985,5812.799999999999,6394.08,2.2
2011-06-29 08:00:00,B3820,0.119,0.0,2.45,36.33,-2.431,5812.799999999999,6394.08,2.55
2011-06-29 09:00:00,B3820,0.119,0.0,2.74,36.33,-2.6710000000000003,5812.799999999999,6394.08,2.79
2011-06-29 10:00:00,B3820,0.119,0.0,2.96,36.33,-2.8710000000000004,5812.799999999999,6394.08,2.99
2011-06-29 11:00:00,B3820,0.119,0.0,3.11,36.33,-3.021,5812.799999999999,6394.08,3.14
2011-06-29 12:00:00,B3820,0.786,0.0,3.16,36.33,-2.384,5812.799999999999,6394.08,3.17
2011-06-29 13:00:00,B3820,0.214,0.0,3.07,36.33,-2.866,5812.799999999999,6394.08,3.08
2011-06-29 14:00:00,B3820,0.119,0.0,2.87,36.33,-2.761,5812.799999999999,6394.08,2.88
2011-06-29 15:00:00,B3820,0.119,0.0,2.56,36.33,-2.4509999999999996,5812.799999999999,6394.08,2.57
2011-06-29 16:00:00,B3820,0.119,0.0,2.13,36.33,-2.011,5812.799999999999,6394.08,2.13
2011-06-29 17:00:00,B3820,0.214,0.0,1.58,36.33,-1.366,5812.799999999999,6394.08,1.58
2011-06-29 18:00:00,B3820,0.786,0.0,0.88,36.33,-0.09399999999999997,5812.799999999999,6394.08,0.88
2011-06-29 19:00:00,B3820,0.977,0.0,0.0,36.33,0.977,5812.799999999999,6394.08,0.0
2011-06-29 20:00:00,B3820,0.214,0.0,0.0,36.33,0.214,5812.799999999999,6394.08,0.0
2011-06-29 21:00:00,B3820,0.214,0.0,0.0,36.33,0.214,5812.799999999999,6394.08,0.0
2011-06-29 22:00:00,B3820,0.214,0.0,0.0,36.33,0.214,5812.799999999999,6394.08,0.0
2011-06-29 23:00:00,B3820,0.119,0.0,0.0,36.33,0.119,5812.799999999999,6394.08,0.0
2011-06-30 00:00:00,B3820,2.519,2.4,0.0,36.33,2.519,5812.799999999999,6394.08,0.0
2011-06-30 01:00:00,B3820,2.519,2.4,0.0,36.33,2.519,5812.799999999999,6394.08,0.0
2011-06-30 02:00:00,B3820,2.519,2.4,0.0,36.33,2.519,5812.799999999999,6394.08,0.0
2011-06-30 03:00:00,B3820,2.519,2.4,0.0,36.33,2.519,5812.799999999999,6394.08,0.0
2011-06-30 04:00:00,B3820,2.519,2.4,0.0,36.33,2.519,5812.799999999999,6394.08,0.0
2011-06-30 05:00:00,B3820,0.214,0.0,0.0,36.33,0.214,5812.799999999999,6394.08,0.0
2011-06-30 06:00:00,B3820,0.786,0.0,1.28,36.33,-0.804,5812.799999999999,6394.08,1.59
2011-06-30 07:00:00,B3820,0.215,0.0,1.75,36.33,-1.7249999999999999,5812.799999999999,6394.08,1.94
2011-06-30 08:00:00,B3820,0.119,0.0,2.38,36.33,-2.3609999999999998,5812.799999999999,6394.08,2.48
2011-06-30 09:00:00,B3820,0.119,0.0,2.83,36.33,-2.761,5812.799999999999,6394.08,2.88
2011-06-30 10:00:00,B3820,0.119,0.0,3.06,36.33,-2.981,5812.799999999999,6394.08,3.1
2011-06-30 11:00:00,B3820,0.119,0.0,3.2,36.33,-3.1109999999999998,5812.799999999999,6394.08,3.23
2011-06-30 12:00:00,B3820,0.786,0.0,3.22,36.33,-2.444,5812.799999999999,6394.08,3.23
2011-06-30 13:00:00,B3820,0.214,0.0,3.13,36.33,-2.926,5812.799999999999,6394.08,3.14
2011-06-30 14:00:00,B3820,0.119,0.0,2.92,36.33,-2.811,5812.799999999999,6394.08,2.93
2011-06-30 15:00:00,B3820,0.119,0.0,2.59,36.33,-2.481,5812.799999999999,6394.08,2.6
2011-06-30 16:00:00,B3820,0.119,0.0,2.16,36.33,-2.0410000000000004,5812.799999999999,6394.08,2.16
2011-06-30 17:00:00,B3820,0.214,0.0,1.62,36.33,-1.4060000000000001,5812.799999999999,6394.08,1.62
2011-06-30 18:00:00,B3820,0.786,0.0,0.91,36.33,-0.124,5812.799999999999,6394.08,0.91
2011-06-30 19:00:00,B3820,0.977,0.0,0.0,36.33,0.977,5812.799999999999,6394.08,0.0
2011-06-30 20:00:00,B3820,0.214,0.0,0.0,36.33,0.214,5812.799999999999,6394.08,0.0
2011-06-30 21:00:00,B3820,0.214,0.0,0.0,36.33,0.214,5812.799999999999,6394.08,0.0
2011-06-30 22:00:00,B3820,0.214,0.0,0.0,36.33,0.214,5812.799999999999,6394.08,0.0
2011-06-30 23:00:00,B3820,0.119,0.0,0.0,36.33,0.119,5812.799999999999,6394.08,0.0
2011-07-01 00:00:00,B3820,2.519,2.4,0.0,36.33,2.519,5812.799999999999,6394.08,0.0
2011-07-01 01:00:00,B3820,2.519,2.4,0.0,36.33,2.519,5812.799999999999,6394.08,0.0
2011-07-01 02:00:00,B3820,2.519,2.4,0.0,36.33,2.519,5812.799999999999,6394.08,0.0
2011-07-01 03:00:00,B3820,2.519,2.4,0.0,36.33,2.519,5812.799999999999,6394.08,0.0
2011-07-01 04:00:00,B3820,2.519,2.4,0.0,36.33,2.519,5812.799999999999,6394.08,0.0
2011-07-01 05:00:00,B3820,0.214,0.0,0.0,36.33,0.214,5812.799999999999,6394.08,0.0
2011-07-01 06:00:00,B3820,0.786,0.0,2.0,36.33,-1.874,5812.799999999999,6394.08,2.66
2011-07-01 07:00:00,B3820,0.215,0.0,2.28,36.33,-2.355,5812.799999999999,6394.08,2.57
2011-07-01 08:00:00,B3820,0.119,0.0,2.68,36.33,-2.6710000000000003,5812.799999999999,6394.08,2.79
2011-07-01 09:00:00,B3820,0.119,0.0,2.91,36.33,-2.841,5812.799999999999,6394.08,2.96
2011-07-01 10:00:00,B3820,0.119,0.0,3.11,36.33,-3.0309999999999997,5812.799999999999,6394.08,3.15
2011-07-01 11:00:00,B3820,0.119,0.0,3.24,36.33,-3.141,5812.799999999999,6394.08,3.26
2011-07-01 12:00:00,B3820,0.786,0.0,3.25,36.33,-2.484,5812.799999999999,6394.08,3.27
2011-07-01 13:00:00,B3820,0.214,0.0,3.17,36.33,-2.956,5812.799999999999,6394.08,3.17
2011-07-01 14:00:00,B3820,0.119,0.0,2.95,36.33,-2.841,5812.799999999999,6394.08,2.96
2011-07-01 15:00:00,B3820,0.119,0.0,2.65,36.33,-2.5410000000000004,5812.799999999999,6394.08,2.66
2011-07-01 16:00:00,B3820,0.119,0.0,2.21,36.33,-2.101,5812.799999999999,6394.08,2.22
2011-07-01 17:00:00,B3820,0.214,0.0,1.65,36.33,-1.436,5812.799999999999,6394.08,1.65
2011-07-01 18:00:00,B3820,0.786,0.0,0.93,36.33,-0.14400000000000002,5812.799999999999,6394.08,0.93
2011-07-01 19:00:00,B3820,0.977,0.0,0.0,36.33,0.977,5812.799999999999,6394.08,0.0
2011-07-01 20:00:00,B3820,0.214,0.0,0.0,36.33,0.214,5812.799999999999,6394.08,0.0
2011-07-01 21:00:00,B3820,0.214,0.0,0.0,36.33,0.214,5812.799999999999,6394.08,0.0
2011-07-01 22:00:00,B3820,0.214,0.0,0.0,36.33,0.214,5812.799999999999,6394.08,0.0
2011-07-01 23:00:00,B3820,0.119,0.0,0.0,36.33,0.119,5812.799999999999,6394.08,0.0
2011-07-02 00:00:00,B3820,0.119,0.0,0.0,36.33,0.119,5812.799999999999,6394.08,0.0
2011-07-02 01:00:00,B3820,0.119,0.0,0.0,36.33,0.119,5812.799999999999,6394.08,0.0
2011-07-02 02:00:00,B3820,0.119,0.0,0.0,36.33,0.119,5812.799999999999,6394.08,0.0
2011-07-02 03:00:00,B3820,0.119,0.0,0.0,36.33,0.119,5812.799999999999,6394.08,0.0
2011-07-02 04:00:00,B3820,0.119,0.0,0.0,36.33,0.119,5812.799999999999,6394.08,0.0
2011-07-02 05:00:00,B3820,0.214,0.0,0.0,36.33,0.214,5812.799999999999,6394.08,0.0
2011-07-02 06:00:00,B3820,0.786,0.0,1.59,36.33,-1.234,5812.799999999999,6394.08,2.02
2011-07-02 07:00:00,B3820,0.214,0.0,2.07,36.33,-2.106,5812.799999999999,6394.08,2.32
2011-07-02 08:00:00,B3820,2.519,2.4,2.61,36.33,-0.20100000000000007,5812.799999999999,6394.08,2.72
2011-07-02 09:00:00,B3820,2.519,2.4,2.83,36.33,-0.371,5812.799999999999,6394.08,2.89
2011-07-02 10:00:00,B3820,2.519,2.4,3.03,36.33,-0.5509999999999997,5812.799999999999,6394.08,3.07
2011-07-02 11:00:00,B3820,2.519,2.4,3.15,36.33,-0.6509999999999998,5812.799999999999,6394.08,3.17
2011-07-02 12:00:00,B3820,3.186,2.4,3.18,36.33,-0.014000000000000234,5812.799999999999,6394.08,3.2
2011-07-02 13:00:00,B3820,0.214,0.0,3.1,36.33,-2.896,5812.799999999999,6394.08,3.11
2011-07-02 14:00:00,B3820,0.119,0.0,2.91,36.33,-2.801,5812.799999999999,6394.08,2.92
2011-07-02 15:00:00,B3820,0.119,0.0,2.57,36.33,-2.4610000000000003,5812.799999999999,6394.08,2.58
2011-07-02 16:00:00,B3820,0.119,0.0,2.15,36.33,-2.0410000000000004,5812.799999999999,6394.08,2.16
2011-07-02 17:00:00,B3820,0.214,0.0,1.59,36.33,-1.3760000000000001,5812.799999999999,6394.08,1.59
2011-07-02 18:00:00,B3820,0.786,0.0,0.87,36.33,-0.08399999999999996,5812.799999999999,6394.08,0.87
2011-07-02 19:00:00,B3820,0.977,0.0,0.0,36.33,0.977,5812.799999999999,6394.08,0.0
2011-07-02 20:00:00,B3820,0.214,0.0,0.0,36.33,0.214,5812.799999999999,6394.08,0.0
2011-07-02 21:00:00,B3820,0.214,0.0,0.0,36.33,0.214,5812.799999999999,6394.08,0.0
2011-07-02 22:00:00,B3820,0.214,0.0,0.0,36.33,0.214,5812.799999999999,6394.08,0.0
2011-07-02 23:00:00,B3820,0.119,0.0,0.0,36.33,0.119,5812.799999999999,6394.08,0.0
2011-07-03 00:00:00,B3820,0.119,0.0,0.0,36.33,0.119,5812.799999999999,6394.08,0.0
2011-07-03 01:00:00,B3820,0.119,0.0,0.0,36.33,0.119,5812.799999999999,6394.08,0.0
2011-07-03 02:00:00,B3820,0.119,0.0,0.0,36.33,0.119,5812.799999999999,6394.08,0.0
2011-07-03 03:00:00,B3820,0.119,0.0,0.0,36.33,0.119,5812.799999999999,6394.08,0.0
2011-07-03 04:00:00,B3820,0.119,0.0,0.0,36.33,0.119,5812.799999999999,6394.08,0.0
2011-07-03 05:00:00,B3820,0.214,0.0,0.0,36.33,0.214,5812.799999999999,6394.08,0.0
2011-07-03 06:00:00,B3820,0.786,0.0,0.67,36.33,0.026000000000000023,5812.799999999999,6394.08,0.76
2011-07-03 07:00:00,B3820,0.214,0.0,1.2,36.33,-1.086,5812.799999999999,6394.08,1.3
2011-07-03 08:00:00,B3820,2.519,2.4,1.8,36.33,0.6190000000000002,5812.799999999999,6394.08,1.9
2011-07-03 09:00:00,B3820,2.519,2.4,2.39,36.33,0.06899999999999995,5812.799999999999,6394.08,2.45
2011-07-03 10:00:00,B3820,2.519,2.4,2.88,36.33,-0.41100000000000003,5812.799999999999,6394.08,2.93
2011-07-03 11:00:00,B3820,2.519,2.4,3.08,36.33,-0.5909999999999997,5812.799999999999,6394.08,3.11
2011-07-03 12:00:00,B3820,3.186,2.4,3.13,36.33,0.03600000000000003,5812.799999999999,6394.08,3.15
2011-07-03 13:00:00,B3820,0.214,0.0,3.06,36.33,-2.856,5812.799999999999,6394.08,3.07
2011-07-03 14:00:00,B3820,0.119,0.0,2.82,36.33,-2.721,5812.799999999999,6394.08,2.84
2011-07-03 15:00:00,B3820,0.119,0.0,2.47,36.33,-2.3609999999999998,5812.799999999999,6394.08,2.48
2011-07-03 16:00:00,B3820,0.119,0.0,2.07,36.33,-1.961,5812.799999999999,6394.08,2.08
2011-07-03 17:00:00,B3820,0.214,0.0,1.5,36.33,-1.296,5812.799999999999,6394.08,1.51
2011-07-03 18:00:00,B3820,0.786,0.0,0.8,36.33,-0.014000000000000012,5812.799999999999,6394.08,0.8
2011-07-03 19:00:00,B3820,0.977,0.0,0.0,36.33,0.977,5812.799999999999,6394.08,0.0
2011-07-03 20:00:00,B3820,0.214,0.0,0.0,36.33,0.214,5812.799999999999,6394.08,0.0
2011-07-03 21:00:00,B3820,0.214,0.0,0.0,36.33,0.214,5812.799999999999,6394.08,0.0
2011-07-03 22:00:00,B3820,0.214,0.0,0.0,36.33,0.214,5812.799999999999,6394.08,0.0
2011-07-03 23:00:00,B3820,0.119,0.0,0.0,36.33,0.119,5812.799999999999,6394.08,0.0
2011-07-04 00:00:00,B3820,2.519,2.4,0.0,36.33,2.519,5812.799999999999,6394.08,0.0
2011-07-04 01:00:00,B3820,2.519,2.4,0.0,36.33,2.519,5812.799999999999,6394.08,0.0
2011-07-04 02:00:00,B3820,2.519,2.4,0.0,36.33,2.519,5812.799999999999,6394.08,0.0
2011-07-04 03:00:00,B3820,2.519,2.4,0.0,36.33,2.519,5812.799999999999,6394.08,0.0
2011-07-04 04:00:00,B3820,2.519,2.4,0.0,36.33,2.519,5812.799999999999,6394.08,0.0
2011-07-04 05:00:00,B3820,0.214,0.0,0.0,36.33,0.214,5812.799999999999,6394.08,0.0
2011-07-04 06:00:00,B3820,0.786,0.0,1.81,36.33,-1.5939999999999999,5812.799999999999,6394.08,2.38
2011-07-04 07:00:00,B3820,0.215,0.0,2.04,36.33,-2.065,5812.799999999999,6394.08,2.28
2011-07-04 08:00:00,B3820,0.119,0.0,2.37,36.33,-2.3609999999999998,5812.799999999999,6394.08,2.48
2011-07-04 09:00:00,B3820,0.119,0.0,2.53,36.33,-2.481,5812.799999999999,6394.08,2.6
2011-07-04 10:00:00,B3820,0.119,0.0,2.83,36.33,-2.7510000000000003,5812.799999999999,6394.08,2.87
2011-07-04 11:00:00,B3820,0.119,0.0,3.13,36.33,-3.0410000000000004,5812.799999999999,6394.08,3.16
2011-07-04 12:00:00,B3820,0.786,0.0,3.17,36.33,-2.394,5812.799999999999,6394.08,3.18
2011-07-04 13:00:00,B3820,0.214,0.0,3.08,36.33,-2.876,5812.799999999999,6394.08,3.09
2011-07-04 14:00:00,B3820,0.119,0.0,2.89,36.33,-2.771,5812.799999999999,6394.08,2.89
2011-07-04 15:00:00,B3820,0.119,0.0,2.58,36.33,-2.4610000000000003,5812.799999999999,6394.08,2.58
2011-07-04 16:00:00,B3820,0.119,0.0,2.13,36.33,-2.021,5812.799999999999,6394.08,2.14
2011-07-04 17:00:00,B3820,0.214,0.0,1.58,36.33,-1.366,5812.799999999999,6394.08,1.58
2011-07-04 18:00:00,B3820,0.786,0.0,0.87,36.33,-0.08399999999999996,5812.799999999999,6394.08,0.87
2011-07-04 19:00:00,B3820,0.977,0.0,0.0,36.33,0.977,5812.799999999999,6394.08,0.0
2011-07-04 20:00:00,B3820,0.214,0.0,0.0,36.33,0.214,5812.799999999999,6394.08,0.0
2011-07-04 21:00:00,B3820,0.214,0.0,0.0,36.33,0.214,5812.799999999999,6394.08,0.0
2011-07-04 22:00:00,B3820,0.214,0.0,0.0,36.33,0.214,5812.799999999999,6394.08,0.0
2011-07-04 23:00:00,B3820,0.119,0.0,0.0,36.33,0.119,5812.799999999999,6394.08,0.0
2011-07-05 00:00:00,B3820,2.519,2.4,0.0,36.33,2.519,5812.799999999999,6394.08,0.0
2011-07-05 01:00:00,B3820,2.519,2.4,0.0,36.33,2.519,5812.799999999999,6394.08,0.0
2011-07-05 02:00:00,B3820,2.519,2.4,0.0,36.33,2.519,5812.799999999999,6394.08,0.0
2011-07-05 03:00:00,B3820,2.519,2.4,0.0,36.33,2.519,5812.799999999999,6394.08,0.0
2011-07-05 04:00:00,B3820,2.519,2.4,0.0,36.33,2.519,5812.799999999999,6394.08,0.0
2011-07-05 05:00:00,B3820,0.214,0.0,0.0,36.33,0.214,5812.799999999999,6394.08,0.0
2011-07-05 06:00:00,B3820,0.786,0.0,1.83,36.33,-1.6440000000000001,5812.799999999999,6394.08,2.43
2011-07-05 07:00:00,B3820,0.215,0.0,2.1,36.33,-2.1550000000000002,5812.799999999999,6394.08,2.37
2011-07-05 08:00:00,B3820,0.119,0.0,2.52,36.33,-2.5010000000000003,5812.799999999999,6394.08,2.62
2011-07-05 09:00:00,B3820,0.119,0.0,2.76,36.33,-2.691,5812.799999999999,6394.08,2.81
2011-07-05 10:00:00,B3820,0.119,0.0,2.95,36.33,-2.8609999999999998,5812.799999999999,6394.08,2.98
2011-07-05 11:00:00,B3820,0.119,0.0,3.06,36.33,-2.9610000000000003,5812.799999999999,6394.08,3.08
2011-07-05 12:00:00,B3820,0.786,0.0,3.07,36.33,-2.294,5812.799999999999,6394.08,3.08
2011-07-05 13:00:00,B3820,0.214,0.0,2.97,36.33,-2.766,5812.799999999999,6394.08,2.98
2011-07-05 14:00:00,B3820,0.119,0.0,2.77,36.33,-2.6609999999999996,5812.799999999999,6394.08,2.78
2011-07-05 15:00:00,B3820,0.119,0.0,2.47,36.33,-2.3609999999999998,5812.799999999999,6394.08,2.48
2011-07-05 16:00:00,B3820,0.119,0.0,2.03,36.33,-1.9109999999999998,5812.799999999999,6394.08,2.03
2011-07-05 17:00:00,B3820,0.214,0.0,1.48,36.33,-1.266,5812.799999999999,6394.08,1.48
2011-07-05 18:00:00,B3820,0.786,0.0,0.79,36.33,-0.0040000000000000036,5812.799999999999,6394.08,0.79
2011-07-05 19:00:00,B3820,0.977,0.0,0.0,36.33,0.977,5812.799999999999,6394.08,0.0
2011-07-05 20:00:00,B3820,0.214,0.0,0.0,36.33,0.214,5812.799999999999,6394.08,0.0
2011-07-05 21:00:00,B3820,0.214,0.0,0.0,36.33,0.214,5812.799999999999,6394.08,0.0
2011-07-05 22:00:00,B3820,0.214,0.0,0.0,36.33,0.214,5812.799999999999,6394.08,0.0
2011-07-05 23:00:00,B3820,0.119,0.0,0.0,36.33,0.119,5812.799999999999,6394.08,0.0
2011-07-06 00:00:00,B3820,2.519,2.4,0.0,36.33,2.519,5812.799999999999,6394.08,0.0
2011-07-06 01:00:00,B3820,2.519,2.4,0.0,36.33,2.519,5812.799999999999,6394.08,0.0
2011-07-06 02:00:00,B3820,2.519,2.4,0.0,36.33,2.519,5812.799999999999,6394.08,0.0
2011-07-06 03:00:00,B3820,2.519,2.4,0.0,36.33,2.519,5812.799999999999,6394.08,0.0
2011-07-06 04:00:00,B3820,2.519,2.4,0.0,36.33,2.519,5812.799999999999,6394.08,0.0
2011-07-06 05:00:00,B3820,0.214,0.0,0.0,36.33,0.214,5812.799999999999,6394.08,0.0
2011-07-06 06:00:00,B3820,0.786,0.0,1.25,36.33,-0.774,5812.799999999999,6394.08,1.56
2011-07-06 07:00:00,B3820,0.215,0.0,1.79,36.33,-1.785,5812.799999999999,6394.08,2.0
2011-07-06 08:00:00,B3820,0.119,0.0,2.32,36.33,-2.301,5812.799999999999,6394.08,2.42
2011-07-06 09:00:00,B3820,0.119,0.0,2.54,36.33,-2.481,5812.799999999999,6394.08,2.6
2011-07-06 10:00:00,B3820,0.119,0.0,2.66,36.33,-2.591,5812.799999999999,6394.08,2.71
2011-07-06 11:00:00,B3820,0.119,0.0,2.87,36.33,-2.771,5812.799999999999,6394.08,2.89
2011-07-06 12:00:00,B3820,0.786,0.0,2.98,36.33,-2.204,5812.799999999999,6394.08,2.99
2011-07-06 13:00:00,B3820,0.214,0.0,2.87,36.33,-2.676,5812.799999999999,6394.08,2.89
2011-07-06 14:00:00,B3820,0.119,0.0,2.61,36.33,-2.511,5812.799999999999,6394.08,2.63
2011-07-06 15:00:00,B3820,0.119,0.0,2.27,36.33,-2.1710000000000003,5812.799999999999,6394.08,2.29
2011-07-06 16:00:00,B3820,0.119,0.0,1.88,36.33,-1.771,5812.799999999999,6394.08,1.89
2011-07-06 17:00:00,B3820,0.214,0.0,1.34,36.33,-1.1260000000000001,5812.799999999999,6394.08,1.34
2011-07-06 18:00:00,B3820,0.786,0.0,0.71,36.33,0.07600000000000007,5812.799999999999,6394.08,0.71
2011-07-06 19:00:00,B3820,0.977,0.0,0.0,36.33,0.977,5812.799999999999,6394.08,0.0
2011-07-06 20:00:00,B3820,0.214,0.0,0.0,36.33,0.214,5812.799999999999,6394.08,0.0
2011-07-06 21:00:00,B3820,0.214,0.0,0.0,36.33,0.214,5812.799999999999,6394.08,0.0
2011-07-06 22:00:00,B3820,0.214,0.0,0.0,36.33,0.214,5812.799999999999,6394.08,0.0
2011-07-06 23:00:00,B3820,0.119,0.0,0.0,36.33,0.119,5812.799999999999,6394.08,0.0
2011-07-07 00:00:00,B3820,2.519,2.4,0.0,36.33,2.519,5812.799999999999,6394.08,0.0
2011-07-07 01:00:00,B3820,2.519,2.4,0.0,36.33,2.519,5812.799999999999,6394.08,0.0
2011-07-07 02:00:00,B3820,2.519,2.4,0.0,36.33,2.519,5812.799999999999,6394.08,0.0
2011-07-07 03:00:00,B3820,2.519,2.4,0.0,36.33,2.519,5812.799999999999,6394.08,0.0
2011-07-07 04:00:00,B3820,2.519,2.4,0.0,36.33,2.519,5812.799999999999,6394.08,0.0
2011-07-07 05:00:00,B3820,0.214,0.0,0.0,36.33,0.214,5812.799999999999,6394.08,0.0
2011-07-07 06:00:00,B3820,0.786,0.0,1.37,36.33,-0.8939999999999999,5812.799999999999,6394.08,1.68
2011-07-07 07:00:00,B3820,0.215,0.0,1.83,36.33,-1.805,5812.799999999999,6394.08,2.02
2011-07-07 08:00:00,B3820,0.119,0.0,2.46,36.33,-2.4509999999999996,5812.799999999999,6394.08,2.57
2011-07-07 09:00:00,B3820,0.119,0.0,2.83,36.33,-2.761,5812.799999999999,6394.08,2.88
2011-07-07 10:00:00,B3820,0.119,0.0,3.07,36.33,-2.9909999999999997,5812.799999999999,6394.08,3.11
2011-07-07 11:00:00,B3820,0.119,0.0,3.21,36.33,-3.1109999999999998,5812.799999999999,6394.08,3.23
2011-07-07 12:00:00,B3820,0.786,0.0,3.2,36.33,-2.424,5812.799999999999,6394.08,3.21
2011-07-07 13:00:00,B3820,0.214,0.0,3.09,36.33,-2.886,5812.799999999999,6394.08,3.1
2011-07-07 14:00:00,B3820,0.119,0.0,2.86,36.33,-2.7510000000000003,5812.799999999999,6394.08,2.87
2011-07-07 15:00:00,B3820,0.119,0.0,2.54,36.33,-2.4210000000000003,5812.799999999999,6394.08,2.54
2011-07-07 16:00:00,B3820,0.119,0.0,2.1,36.33,-1.981,5812.799999999999,6394.08,2.1
2011-07-07 17:00:00,B3820,0.214,0.0,1.53,36.33,-1.316,5812.799999999999,6394.08,1.53
2011-07-07 18:00:00,B3820,0.786,0.0,0.83,36.33,-0.04399999999999993,5812.799999999999,6394.08,0.83
2011-07-07 19:00:00,B3820,0.977,0.0,0.0,36.33,0.977,5812.799999999999,6394.08,0.0
2011-07-07 20:00:00,B3820,0.214,0.0,0.0,36.33,0.214,5812.799999999999,6394.08,0.0
2011-07-07 21:00:00,B3820,0.214,0.0,0.0,36.33,0.214,5812.799999999999,6394.08,0.0
2011-07-07 22:00:00,B3820,0.214,0.0,0.0,36.33,0.214,5812.799999999999,6394.08,0.0
2011-07-07 23:00:00,B3820,0.119,0.0,0.0,36.33,0.119,5812.799999999999,6394.08,0.0
2011-07-08 00:00:00,B3820,2.519,2.4,0.0,36.33,2.519,5812.799999999999,6394.08,0.0
2011-07-08 01:00:00,B3820,2.519,2.4,0.0,36.33,2.519,5812.799999999999,6394.08,0.0
2011-07-08 02:00:00,B3820,2.519,2.4,0.0,36.33,2.519,5812.799999999999,6394.08,0.0
2011-07-08 03:00:00,B3820,2.519,2.4,0.0,36.33,2.519,5812.799999999999,6394.08,0.0
2011-07-08 04:00:00,B3820,2.519,2.4,0.0,36.33,2.519,5812.799999999999,6394.08,0.0
2011-07-08 05:00:00,B3820,0.214,0.0,0.0,36.33,0.214,5812.799999999999,6394.08,0.0
2011-07-08 06:00:00,B3820,0.786,0.0,1.86,36.33,-1.674,5812.799999999999,6394.08,2.46
2011-07-08 07:00:00,B3820,0.215,0.0,2.09,36.33,-2.145,5812.799999999999,6394.08,2.36
2011-07-08 08:00:00,B3820,0.119,0.0,2.5,36.33,-2.4909999999999997,5812.799999999999,6394.08,2.61
2011-07-08 09:00:00,B3820,0.119,0.0,2.78,36.33,-2.7110000000000003,5812.799999999999,6394.08,2.83
2011-07-08 10:00:00,B3820,0.119,0.0,3.07,36.33,-2.9909999999999997,5812.799999999999,6394.08,3.11
2011-07-08 11:00:00,B3820,0.119,0.0,3.2,36.33,-3.1109999999999998,5812.799999999999,6394.08,3.23
2011-07-08 12:00:00,B3820,0.786,0.0,3.21,36.33,-2.434,5812.799999999999,6394.08,3.22
2011-07-08 13:00:00,B3820,0.214,0.0,3.12,36.33,-2.916,5812.799999999999,6394.08,3.13
2011-07-08 14:00:00,B3820,0.119,0.0,2.91,36.33,-2.801,5812.799999999999,6394.08,2.92
2011-07-08 15:00:00,B3820,0.119,0.0,2.59,36.33,-2.481,5812.799999999999,6394.08,2.6
2011-07-08 16:00:00,B3820,0.119,0.0,2.15,36.33,-2.0410000000000004,5812.799999999999,6394.08,2.16
2011-07-08 17:00:00,B3820,0.214,0.0,1.59,36.33,-1.3760000000000001,5812.799999999999,6394.08,1.59
2011-07-08 18:00:00,B3820,0.786,0.0,0.87,36.33,-0.08399999999999996,5812.799999999999,6394.08,0.87
2011-07-08 19:00:00,B3820,0.977,0.0,0.0,36.33,0.977,5812.799999999999,6394.08,0.0
2011-07-08 20:00:00,B3820,0.214,0.0,0.0,36.33,0.214,5812.799999999999,6394.08,0.0
2011-07-08 21:00:00,B3820,0.214,0.0,0.0,36.33,0.214,5812.799999999999,6394.08,0.0
2011-07-08 22:00:00,B3820,0.214,0.0,0.0,36.33,0.214,5812.799999999999,6394.08,0.0
2011-07-08 23:00:00,B3820,0.119,0.0,0.0,36.33,0.119,5812.799999999999,6394.08,0.0
2011-07-09 00:00:00,B3820,0.119,0.0,0.0,36.33,0.119,5812.799999999999,6394.08,0.0
2011-07-09 01:00:00,B3820,0.119,0.0,0.0,36.33,0.119,5812.799999999999,6394.08,0.0
2011-07-09 02:00:00,B3820,0.119,0.0,0.0,36.33,0.119,5812.799999999999,6394.08,0.0
2011-07-09 03:00:00,B3820,0.119,0.0,0.0,36.33,0.119,5812.799999999999,6394.08,0.0
2011-07-09 04:00:00,B3820,0.119,0.0,0.0,36.33,0.119,5812.799999999999,6394.08,0.0
2011-07-09 05:00:00,B3820,0.214,0.0,0.0,36.33,0.214,5812.799999999999,6394.08,0.0
2011-07-09 06:00:00,B3820,0.786,0.0,1.85,36.33,-1.654,5812.799999999999,6394.08,2.44
2011-07-09 07:00:00,B3820,0.214,0.0,2.13,36.33,-2.186,5812.799999999999,6394.08,2.4
2011-07-09 08:00:00,B3820,2.519,2.4,2.56,36.33,-0.14100000000000001,5812.799999999999,6394.08,2.66
2011-07-09 09:00:00,B3820,2.519,2.4,2.77,36.33,-0.3009999999999997,5812.799999999999,6394.08,2.82
2011-07-09 10:00:00,B3820,2.519,2.4,2.97,36.33,-0.49099999999999966,5812.799999999999,6394.08,3.01
2011-07-09 11:00:00,B3820,2.519,2.4,3.13,36.33,-0.6309999999999998,5812.799999999999,6394.08,3.15
2011-07-09 12:00:00,B3820,3.186,2.4,3.15,36.33,0.0259999999999998,5812.799999999999,6394.08,3.16
2011-07-09 13:00:00,B3820,0.214,0.0,3.04,36.33,-2.836,5812.799999999999,6394.08,3.05
2011-07-09 14:00:00,B3820,0.119,0.0,2.85,36.33,-2.7409999999999997,5812.799999999999,6394.08,2.86
2011-07-09 15:00:00,B3820,0.119,0.0,2.54,36.33,-2.431,5812.799999999999,6394.08,2.55
2011-07-09 16:00:00,B3820,0.119,0.0,2.11,36.33,-1.9909999999999999,5812.799999999999,6394.08,2.11
2011-07-09 17:00:00,B3820,0.214,0.0,1.56,36.33,-1.346,5812.799999999999,6394.08,1.56
2011-07-09 18:00:00,B3820,0.786,0.0,0.85,36.33,-0.06399999999999995,5812.799999999999,6394.08,0.85
2011-07-09 19:00:00,B3820,0.977,0.0,0.0,36.33,0.977,5812.799999999999,6394.08,0.0
2011-07-09 20:00:00,B3820,0.214,0.0,0.0,36.33,0.214,5812.799999999999,6394.08,0.0
2011-07-09 21:00:00,B3820,0.214,0.0,0.0,36.33,0.214,5812.799999999999,6394.08,0.0
2011-07-09 22:00:00,B3820,0.214,0.0,0.0,36.33,0.214,5812.799999999999,6394.08,0.0
2011-07-09 23:00:00,B3820,0.119,0.0,0.0,36.33,0.119,5812.799999999999,6394.08,0.0
2011-07-10 00:00:00,B3820,0.119,0.0,0.0,36.33,0.119,5812.799999999999,6394.08,0.0
2011-07-10 01:00:00,B3820,0.119,0.0,0.0,36.33,0.119,5812.799999999999,6394.08,0.0
2011-07-10 02:00:00,B3820,0.119,0.0,0.0,36.33,0.119,5812.799999999999,6394.08,0.0
2011-07-10 03:00:00,B3820,0.119,0.0,0.0,36.33,0.119,5812.799999999999,6394.08,0.0
2011-07-10 04:00:00,B3820,0.119,0.0,0.0,36.33,0.119,5812.799999999999,6394.08,0.0
2011-07-10 05:00:00,B3820,0.214,0.0,0.0,36.33,0.214,5812.799999999999,6394.08,0.0
2011-07-10 06:00:00,B3820,0.786,0.0,1.76,36.33,-1.5139999999999998,5812.799999999999,6394.08,2.3
2011-07-10 07:00:00,B3820,0.214,0.0,2.01,36.33,-2.046,5812.799999999999,6394.08,2.26
2011-07-10 08:00:00,B3820,2.519,2.4,2.52,36.33,-0.10099999999999998,5812.799999999999,6394.08,2.62
2011-07-10 09:00:00,B3820,2.519,2.4,2.8,36.33,-0.34099999999999975,5812.799999999999,6394.08,2.86
2011-07-10 10:00:00,B3820,2.519,2.4,3.02,36.33,-0.5309999999999997,5812.799999999999,6394.08,3.05
2011-07-10 11:00:00,B3820,2.519,2.4,3.15,36.33,-0.6509999999999998,5812.799999999999,6394.08,3.17
2011-07-10 12:00:00,B3820,3.186,2.4,3.18,36.33,-0.0040000000000000036,5812.799999999999,6394.08,3.19
2011-07-10 13:00:00,B3820,0.214,0.0,3.09,36.33,-2.886,5812.799999999999,6394.08,3.1
2011-07-10 14:00:00,B3820,0.119,0.0,2.89,36.33,-2.7809999999999997,5812.799999999999,6394.08,2.9
2011-07-10 15:00:00,B3820,0.119,0.0,2.59,36.33,-2.471,5812.799999999999,6394.08,2.59
2011-07-10 16:00:00,B3820,0.119,0.0,2.15,36.33,-2.0410000000000004,5812.799999999999,6394.08,2.16
2011-07-10 17:00:00,B3820,0.214,0.0,1.59,36.33,-1.3760000000000001,5812.799999999999,6394.08,1.59
2011-07-10 18:00:00,B3820,0.786,0.0,0.88,36.33,-0.09399999999999997,5812.799999999999,6394.08,0.88
2011-07-10 19:00:00,B3820,0.977,0.0,0.0,36.33,0.977,5812.799999999999,6394.08,0.0
2011-07-10 20:00:00,B3820,0.214,0.0,0.0,36.33,0.214,5812.799999999999,6394.08,0.0
2011-07-10 21:00:00,B3820,0.214,0.0,0.0,36.33,0.214,5812.799999999999,6394.08,0.0
2011-07-10 22:00:00,B3820,0.214,0.0,0.0,36.33,0.214,5812.799999999999,6394.08,0.0
2011-07-10 23:00:00,B3820,0.119,0.0,0.0,36.33,0.119,5812.799999999999,6394.08,0.0
2011-07-11 00:00:00,B3820,2.519,2.4,0.0,36.33,2.519,5812.799999999999,6394.08,0.0
2011-07-11 01:00:00,B3820,2.519,2.4,0.0,36.33,2.519,5812.799999999999,6394.08,0.0
2011-07-11 02:00:00,B3820,2.519,2.4,0.0,36.33,2.519,5812.799999999999,6394.08,0.0
2011-07-11 03:00:00,B3820,2.519,2.4,0.0,36.33,2.519,5812.799999999999,6394.08,0.0
2011-07-11 04:00:00,B3820,2.519,2.4,0.0,36.33,2.519,5812.799999999999,6394.08,0.0
2011-07-11 05:00:00,B3820,0.214,0.0,0.0,36.33,0.214,5812.799999999999,6394.08,0.0
2011-07-11 06:00:00,B3820,0.786,0.0,1.53,36.33,-1.164,5812.799999999999,6394.08,1.95
2011-07-11 07:00:00,B3820,0.215,0.0,1.94,36.33,-1.965,5812.799999999999,6394.08,2.18
2011-07-11 08:00:00,B3820,0.119,0.0,2.46,36.33,-2.4509999999999996,5812.799999999999,6394.08,2.57
2011-07-11 09:00:00,B3820,0.119,0.0,2.75,36.33,-2.681,5812.799999999999,6394.08,2.8
2011-07-11 10:00:00,B3820,0.119,0.0,2.95,36.33,-2.8710000000000004,5812.799999999999,6394.08,2.99
2011-07-11 11:00:00,B3820,0.119,0.0,3.08,36.33,-2.9909999999999997,5812.799999999999,6394.08,3.11
2011-07-11 12:00:00,B3820,0.786,0.0,3.09,36.33,-2.314,5812.799999999999,6394.08,3.1
2011-07-11 13:00:00,B3820,0.214,0.0,3.01,36.33,-2.806,5812.799999999999,6394.08,3.02
2011-07-11 14:00:00,B3820,0.119,0.0,2.8,36.33,-2.691,5812.799999999999,6394.08,2.81
2011-07-11 15:00:00,B3820,0.119,0.0,2.49,36.33,-2.3810000000000002,5812.799999999999,6394.08,2.5
2011-07-11 16:00:00,B3820,0.119,0.0,2.06,36.33,-1.9509999999999998,5812.799999999999,6394.08,2.07
2011-07-11 17:00:00,B3820,0.214,0.0,1.5,36.33,-1.286,5812.799999999999,6394.08,1.5
2011-07-11 18:00:00,B3820,0.786,0.0,0.79,36.33,-0.0040000000000000036,5812.799999999999,6394.08,0.79
2011-07-11 19:00:00,B3820,0.977,0.0,0.0,36.33,0.977,5812.799999999999,6394.08,0.0
2011-07-11 20:00:00,B3820,0.214,0.0,0.0,36.33,0.214,5812.799999999999,6394.08,0.0
2011-07-11 21:00:00,B3820,0.214,0.0,0.0,36.33,0.214,5812.799999999999,6394.08,0.0
2011-07-11 22:00:00,B3820,0.214,0.0,0.0,36.33,0.214,5812.799999999999,6394.08,0.0
2011-07-11 23:00:00,B3820,0.119,0.0,0.0,36.33,0.119,5812.799999999999,6394.08,0.0
2011-07-12 00:00:00,B3820,2.519,2.4,0.0,36.33,2.519,5812.799999999999,6394.08,0.0
2011-07-12 01:00:00,B3820,2.519,2.4,0.0,36.33,2.519,5812.799999999999,6394.08,0.0
2011-07-12 02:00:00,B3820,2.519,2.4,0.0,36.33,2.519,5812.799999999999,6394.08,0.0
2011-07-12 03:00:00,B3820,2.519,2.4,0.0,36.33,2.519,5812.799999999999,6394.08,0.0
2011-07-12 04:00:00,B3820,2.519,2.4,0.0,36.33,2.519,5812.799999999999,6394.08,0.0
2011-07-12 05:00:00,B3820,0.214,0.0,0.0,36.33,0.214,5812.799999999999,6394.08,0.0
2011-07-12 06:00:00,B3820,0.786,0.0,0.71,36.33,-0.02400000000000002,5812.799999999999,6394.08,0.81
2011-07-12 07:00:00,B3820,0.215,0.0,1.06,36.33,-0.9349999999999999,5812.799999999999,6394.08,1.15
2011-07-12 08:00:00,B3820,0.119,0.0,1.55,36.33,-1.511,5812.799999999999,6394.08,1.63
2011-07-12 09:00:00,B3820,0.119,0.0,1.82,36.33,-1.771,5812.799999999999,6394.08,1.89
2011-07-12 10:00:00,B3820,0.119,0.0,2.02,36.33,-1.9509999999999998,5812.799999999999,6394.08,2.07
2011-07-12 11:00:00,B3820,0.119,0.0,2.35,36.33,-2.261,5812.799999999999,6394.08,2.38
2011-07-12 12:00:00,B3820,0.786,0.0,2.24,36.33,-1.4739999999999998,5812.799999999999,6394.08,2.26
2011-07-12 13:00:00,B3820,0.214,0.0,2.1,36.33,-1.9060000000000001,5812.799999999999,6394.08,2.12
2011-07-12 14:00:00,B3820,0.119,0.0,2.14,36.33,-2.0309999999999997,5812.799999999999,6394.08,2.15
2011-07-12 15:00:00,B3820,0.119,0.0,2.14,36.33,-2.0309999999999997,5812.799999999999,6394.08,2.15
2011-07-12 16:00:00,B3820,0.119,0.0,1.94,36.33,-1.831,5812.799999999999,6394.08,1.95
2011-07-12 17:00:00,B3820,0.214,0.0,1.36,36.33,-1.1460000000000001,5812.799999999999,6394.08,1.36
2011-07-12 18:00:00,B3820,0.786,0.0,0.69,36.33,0.09600000000000009,5812.799999999999,6394.08,0.69
2011-07-12 19:00:00,B3820,0.977,0.0,0.0,36.33,0.977,5812.799999999999,6394.08,0.0
2011-07-12 20:00:00,B3820,0.214,0.0,0.0,36.33,0.214,5812.799999999999,6394.08,0.0
2011-07-12 21:00:00,B3820,0.214,0.0,0.0,36.33,0.214,5812.799999999999,6394.08,0.0
2011-07-12 22:00:00,B3820,0.214,0.0,0.0,36.33,0.214,5812.799999999999,6394.08,0.0
2011-07-12 23:00:00,B3820,0.119,0.0,0.0,36.33,0.119,5812.799999999999,6394.08,0.0
2011-07-13 00:00:00,B3820,2.519,2.4,0.0,36.33,2.519,5812.799999999999,6394.08,0.0
2011-07-13 01:00:00,B3820,2.519,2.4,0.0,36.33,2.519,5812.799999999999,6394.08,0.0
2011-07-13 02:00:00,B3820,2.519,2.4,0.0,36.33,2.519,5812.799999999999,6394.08,0.0
2011-07-13 03:00:00,B3820,2.519,2.4,0.0,36.33,2.519,5812.799999999999,6394.08,0.0
2011-07-13 04:00:00,B3820,2.519,2.4,0.0,36.33,2.519,5812.799999999999,6394.08,0.0
2011-07-13 05:00:00,B3820,0.214,0.0,0.0,36.33,0.214,5812.799999999999,6394.08,0.0
2011-07-13 06:00:00,B3820,0.786,0.0,1.7,36.33,-1.4340000000000002,5812.799999999999,6394.08,2.22
2011-07-13 07:00:00,B3820,0.215,0.0,1.97,36.33,-1.9949999999999999,5812.799999999999,6394.08,2.21
2011-07-13 08:00:00,B3820,0.119,0.0,2.43,36.33,-2.4109999999999996,5812.799999999999,6394.08,2.53
2011-07-13 09:00:00,B3820,0.119,0.0,2.5,36.33,-2.441,5812.799999999999,6394.08,2.56
2011-07-13 10:00:00,B3820,0.119,0.0,2.49,36.33,-2.4210000000000003,5812.799999999999,6394.08,2.54
2011-07-13 11:00:00,B3820,0.119,0.0,2.63,36.33,-2.5410000000000004,5812.799999999999,6394.08,2.66
2011-07-13 12:00:00,B3820,0.786,0.0,2.79,36.33,-2.024,5812.799999999999,6394.08,2.81
2011-07-13 13:00:00,B3820,0.214,0.0,2.86,36.33,-2.666,5812.799999999999,6394.08,2.88
2011-07-13 14:00:00,B3820,0.119,0.0,2.72,36.33,-2.6109999999999998,5812.799999999999,6394.08,2.73
2011-07-13 15:00:00,B3820,0.119,0.0,2.45,36.33,-2.3310000000000004,5812.799999999999,6394.08,2.45
2011-07-13 16:00:00,B3820,0.119,0.0,2.05,36.33,-1.9309999999999998,5812.799999999999,6394.08,2.05
2011-07-13 17:00:00,B3820,0.214,0.0,1.53,36.33,-1.316,5812.799999999999,6394.08,1.53
2011-07-13 18:00:00,B3820,0.786,0.0,0.83,36.33,-0.04399999999999993,5812.799999999999,6394.08,0.83
2011-07-13 19:00:00,B3820,0.977,0.0,0.0,36.33,0.977,5812.799999999999,6394.08,0.0
2011-07-13 20:00:00,B3820,0.214,0.0,0.0,36.33,0.214,5812.799999999999,6394.08,0.0
2011-07-13 21:00:00,B3820,0.214,0.0,0.0,36.33,0.214,5812.799999999999,6394.08,0.0
2011-07-13 22:00:00,B3820,0.214,0.0,0.0,36.33,0.214,5812.799999999999,6394.08,0.0
2011-07-13 23:00:00,B3820,0.119,0.0,0.0,36.33,0.119,5812.799999999999,6394.08,0.0
2011-07-14 00:00:00,B3820,2.519,2.4,0.0,36.33,2.519,5812.799999999999,6394.08,0.0
2011-07-14 01:00:00,B3820,2.519,2.4,0.0,36.33,2.519,5812.799999999999,6394.08,0.0
2011-07-14 02:00:00,B3820,2.519,2.4,0.0,36.33,2.519,5812.799999999999,6394.08,0.0
2011-07-14 03:00:00,B3820,2.519,2.4,0.0,36.33,2.519,5812.799999999999,6394.08,0.0
2011-07-14 04:00:00,B3820,2.519,2.4,0.0,36.33,2.519,5812.799999999999,6394.08,0.0
2011-07-14 05:00:00,B3820,0.214,0.0,0.0,36.33,0.214,5812.799999999999,6394.08,0.0
2011-07-14 06:00:00,B3820,0.786,0.0,1.99,36.33,-1.884,5812.799999999999,6394.08,2.67
2011-07-14 07:00:00,B3820,0.215,0.0,2.18,36.33,-2.245,5812.799999999999,6394.08,2.46
2011-07-14 08:00:00,B3820,0.119,0.0,2.6,36.33,-2.591,5812.799999999999,6394.08,2.71
2011-07-14 09:00:00,B3820,0.119,0.0,2.85,36.33,-2.7809999999999997,5812.799999999999,6394.08,2.9
2011-07-14 10:00:00,B3820,0.119,0.0,3.05,36.33,-2.9610000000000003,5812.799999999999,6394.08,3.08
2011-07-14 11:00:00,B3820,0.119,0.0,3.15,36.33,-3.061,5812.799999999999,6394.08,3.18
2011-07-14 12:00:00,B3820,0.786,0.0,3.16,36.33,-2.384,5812.799999999999,6394.08,3.17
2011-07-14 13:00:00,B3820,0.214,0.0,3.06,36.33,-2.856,5812.799999999999,6394.08,3.07
2011-07-14 14:00:00,B3820,0.119,0.0,2.85,36.33,-2.7409999999999997,5812.799999999999,6394.08,2.86
2011-07-14 15:00:00,B3820,0.119,0.0,2.55,36.33,-2.441,5812.799999999999,6394.08,2.56
2011-07-14 16:00:00,B3820,0.119,0.0,2.11,36.33,-1.9909999999999999,5812.799999999999,6394.08,2.11
2011-07-14 17:00:00,B3820,0.214,0.0,1.56,36.33,-1.346,5812.799999999999,6394.08,1.56
2011-07-14 18:00:00,B3820,0.786,0.0,0.84,36.33,-0.05399999999999994,5812.799999999999,6394.08,0.84
2011-07-14 19:00:00,B3820,0.977,0.0,0.0,36.33,0.977,5812.799999999999,6394.08,0.0
2011-07-14 20:00:00,B3820,0.214,0.0,0.0,36.33,0.214,5812.799999999999,6394.08,0.0
2011-07-14 21:00:00,B3820,0.214,0.0,0.0,36.33,0.214,5812.799999999999,6394.08,0.0
2011-07-14 22:00:00,B3820,0.214,0.0,0.0,36.33,0.214,5812.799999999999,6394.08,0.0
2011-07-14 23:00:00,B3820,0.119,0.0,0.0,36.33,0.119,5812.799999999999,6394.08,0.0
2011-07-15 00:00:00,B3820,2.519,2.4,0.0,36.33,2.519,5812.799999999999,6394.08,0.0
2011-07-15 01:00:00,B3820,2.519,2.4,0.0,36.33,2.519,5812.799999999999,6394.08,0.0
2011-07-15 02:00:00,B3820,2.519,2.4,0.0,36.33,2.519,5812.799999999999,6394.08,0.0
2011-07-15 03:00:00,B3820,2.519,2.4,0.0,36.33,2.519,5812.799999999999,6394.08,0.0
2011-07-15 04:00:00,B3820,2.519,2.4,0.0,36.33,2.519,5812.799999999999,6394.08,0.0
2011-07-15 05:00:00,B3820,0.214,0.0,0.0,36.33,0.214,5812.799999999999,6394.08,0.0
2011-07-15 06:00:00,B3820,0.786,0.0,1.94,36.33,-1.814,5812.799999999999,6394.08,2.6
2011-07-15 07:00:00,B3820,0.215,0.0,2.12,36.33,-2.1750000000000003,5812.799999999999,6394.08,2.39
2011-07-15 08:00:00,B3820,0.119,0.0,2.53,36.33,-2.521,5812.799999999999,6394.08,2.64
2011-07-15 09:00:00,B3820,0.119,0.0,2.77,36.33,-2.7009999999999996,5812.799999999999,6394.08,2.82
2011-07-15 10:00:00,B3820,0.119,0.0,2.97,36.33,-2.8810000000000002,5812.799999999999,6394.08,3.0
2011-07-15 11:00:00,B3820,0.119,0.0,3.09,36.33,-2.9909999999999997,5812.799999999999,6394.08,3.11
2011-07-15 12:00:00,B3820,0.786,0.0,3.08,36.33,-2.314,5812.799999999999,6394.08,3.1
2011-07-15 13:00:00,B3820,0.214,0.0,2.98,36.33,-2.7760000000000002,5812.799999999999,6394.08,2.99
2011-07-15 14:00:00,B3820,0.119,0.0,2.78,36.33,-2.6710000000000003,5812.799999999999,6394.08,2.79
2011-07-15 15:00:00,B3820,0.119,0.0,2.48,36.33,-2.3710000000000004,5812.799999999999,6394.08,2.49
2011-07-15 16:00:00,B3820,0.119,0.0,2.05,36.33,-1.941,5812.799999999999,6394.08,2.06
2011-07-15 17:00:00,B3820,0.214,0.0,1.52,36.33,-1.306,5812.799999999999,6394.08,1.52
2011-07-15 18:00:00,B3820,0.786,0.0,0.81,36.33,-0.02400000000000002,5812.799999999999,6394.08,0.81
2011-07-15 19:00:00,B3820,0.977,0.0,0.0,36.33,0.977,5812.799999999999,6394.08,0.0
2011-07-15 20:00:00,B3820,0.214,0.0,0.0,36.33,0.214,5812.799999999999,6394.08,0.0
2011-07-15 21:00:00,B3820,0.214,0.0,0.0,36.33,0.214,5812.799999999999,6394.08,0.0
2011-07-15 22:00:00,B3820,0.214,0.0,0.0,36.33,0.214,5812.799999999999,6394.08,0.0
2011-07-15 23:00:00,B3820,0.119,0.0,0.0,36.33,0.119,5812.799999999999,6394.08,0.0
2011-07-16 00:00:00,B3820,0.119,0.0,0.0,36.33,0.119,5812.799999999999,6394.08,0.0
2011-07-16 01:00:00,B3820,0.119,0.0,0.0,36.33,0.119,5812.799999999999,6394.08,0.0
2011-07-16 02:00:00,B3820,0.119,0.0,0.0,36.33,0.119,5812.799999999999,6394.08,0.0
2011-07-16 03:00:00,B3820,0.119,0.0,0.0,36.33,0.119,5812.799999999999,6394.08,0.0
2011-07-16 04:00:00,B3820,0.119,0.0,0.0,36.33,0.119,5812.799999999999,6394.08,0.0
2011-07-16 05:00:00,B3820,0.214,0.0,0.0,36.33,0.214,5812.799999999999,6394.08,0.0
2011-07-16 06:00:00,B3820,0.786,0.0,1.94,36.33,-1.8239999999999998,5812.799999999999,6394.08,2.61
2011-07-16 07:00:00,B3820,0.214,0.0,2.11,36.33,-2.166,5812.799999999999,6394.08,2.38
2011-07-16 08:00:00,B3820,2.519,2.4,2.48,36.33,-0.06099999999999994,5812.799999999999,6394.08,2.58
2011-07-16 09:00:00,B3820,2.519,2.4,2.7,36.33,-0.22100000000000009,5812.799999999999,6394.08,2.74
2011-07-16 10:00:00,B3820,2.519,2.4,2.88,36.33,-0.391,5812.799999999999,6394.08,2.91
2011-07-16 11:00:00,B3820,2.519,2.4,3.0,36.33,-0.5009999999999999,5812.799999999999,6394.08,3.02
2011-07-16 12:00:00,B3820,3.186,2.4,3.01,36.33,0.15600000000000014,5812.799999999999,6394.08,3.03
2011-07-16 13:00:00,B3820,0.214,0.0,2.92,36.33,-2.716,5812.799999999999,6394.08,2.93
2011-07-16 14:00:00,B3820,0.119,0.0,2.73,36.33,-2.6210000000000004,5812.799999999999,6394.08,2.74
2011-07-16 15:00:00,B3820,0.119,0.0,2.43,36.33,-2.3209999999999997,5812.799999999999,6394.08,2.44
2011-07-16 16:00:00,B3820,0.119,0.0,2.01,36.33,-1.901,5812.799999999999,6394.08,2.02
2011-07-16 17:00:00,B3820,0.214,0.0,1.49,36.33,-1.276,5812.799999999999,6394.08,1.49
2011-07-16 18:00:00,B3820,0.786,0.0,0.8,36.33,-0.014000000000000012,5812.799999999999,6394.08,0.8
2011-07-16 19:00:00,B3820,0.977,0.0,0.0,36.33,0.977,5812.799999999999,6394.08,0.0
2011-07-16 20:00:00,B3820,0.214,0.0,0.0,36.33,0.214,5812.799999999999,6394.08,0.0
2011-07-16 21:00:00,B3820,0.214,0.0,0.0,36.33,0.214,5812.799999999999,6394.08,0.0
2011-07-16 22:00:00,B3820,0.214,0.0,0.0,36.33,0.214,5812.799999999999,6394.08,0.0
2011-07-16 23:00:00,B3820,0.119,0.0,0.0,36.33,0.119,5812.799999999999,6394.08,0.0
2011-07-17 00:00:00,B3820,0.119,0.0,0.0,36.33,0.119,5812.799999999999,6394.08,0.0
2011-07-17 01:00:00,B3820,0.119,0.0,0.0,36.33,0.119,5812.799999999999,6394.08,0.0
2011-07-17 02:00:00,B3820,0.119,0.0,0.0,36.33,0.119,5812.799999999999,6394.08,0.0
2011-07-17 03:00:00,B3820,0.119,0.0,0.0,36.33,0.119,5812.799999999999,6394.08,0.0
2011-07-17 04:00:00,B3820,0.119,0.0,0.0,36.33,0.119,5812.799999999999,6394.08,0.0
2011-07-17 05:00:00,B3820,0.214,0.0,0.0,36.33,0.214,5812.799999999999,6394.08,0.0
2011-07-17 06:00:00,B3820,0.786,0.0,1.91,36.33,-1.7839999999999998,5812.799999999999,6394.08,2.57
2011-07-17 07:00:00,B3820,0.214,0.0,2.05,36.33,-2.106,5812.799999999999,6394.08,2.32
2011-07-17 08:00:00,B3820,2.519,2.4,2.45,36.33,-0.030999999999999694,5812.799999999999,6394.08,2.55
2011-07-17 09:00:00,B3820,2.519,2.4,2.68,36.33,-0.21099999999999985,5812.799999999999,6394.08,2.73
2011-07-17 10:00:00,B3820,2.519,2.4,2.86,36.33,-0.371,5812.799999999999,6394.08,2.89
2011-07-17 11:00:00,B3820,2.519,2.4,3.04,36.33,-0.5409999999999999,5812.799999999999,6394.08,3.06
2011-07-17 12:00:00,B3820,3.186,2.4,3.0,36.33,0.17600000000000016,5812.799999999999,6394.08,3.01
2011-07-17 13:00:00,B3820,0.214,0.0,2.92,36.33,-2.716,5812.799999999999,6394.08,2.93
2011-07-17 14:00:00,B3820,0.119,0.0,2.69,36.33,-2.5810000000000004,5812.799999999999,6394.08,2.7
2011-07-17 15:00:00,B3820,0.119,0.0,2.34,36.33,-2.231,5812.799999999999,6394.08,2.35
2011-07-17 16:00:00,B3820,0.119,0.0,1.9,36.33,-1.791,5812.799999999999,6394.08,1.91
2011-07-17 17:00:00,B3820,0.214,0.0,1.42,36.33,-1.206,5812.799999999999,6394.08,1.42
2011-07-17 18:00:00,B3820,0.786,0.0,0.77,36.33,0.016000000000000014,5812.799999999999,6394.08,0.77
2011-07-17 19:00:00,B3820,0.977,0.0,0.0,36.33,0.977,5812.799999999999,6394.08,0.0
2011-07-17 20:00:00,B3820,0.214,0.0,0.0,36.33,0.214,5812.799999999999,6394.08,0.0
2011-07-17 21:00:00,B3820,0.214,0.0,0.0,36.33,0.214,5812.799999999999,6394.08,0.0
2011-07-17 22:00:00,B3820,0.214,0.0,0.0,36.33,0.214,5812.799999999999,6394.08,0.0
2011-07-17 23:00:00,B3820,0.119,0.0,0.0,36.33,0.119,5812.799999999999,6394.08,0.0
2011-07-18 00:00:00,B3820,2.519,2.4,0.0,36.33,2.519,5812.799999999999,6394.08,0.0
2011-07-18 01:00:00,B3820,2.519,2.4,0.0,36.33,2.519,5812.799999999999,6394.08,0.0
2011-07-18 02:00:00,B3820,2.519,2.4,0.0,36.33,2.519,5812.799999999999,6394.08,0.0
2011-07-18 03:00:00,B3820,2.519,2.4,0.0,36.33,2.519,5812.799999999999,6394.08,0.0
2011-07-18 04:00:00,B3820,2.519,2.4,0.0,36.33,2.519,5812.799999999999,6394.08,0.0
2011-07-18 05:00:00,B3820,0.214,0.0,0.0,36.33,0.214,5812.799999999999,6394.08,0.0
2011-07-18 06:00:00,B3820,0.786,0.0,1.94,36.33,-1.8239999999999998,5812.799999999999,6394.08,2.61
2011-07-18 07:00:00,B3820,0.215,0.0,2.08,36.33,-2.1350000000000002,5812.799999999999,6394.08,2.35
2011-07-18 08:00:00,B3820,0.119,0.0,2.49,36.33,-2.471,5812.799999999999,6394.08,2.59
2011-07-18 09:00:00,B3820,0.119,0.0,2.72,36.33,-2.651,5812.799999999999,6394.08,2.77
2011-07-18 10:00:00,B3820,0.119,0.0,2.92,36.33,-2.8310000000000004,5812.799999999999,6394.08,2.95
2011-07-18 11:00:00,B3820,0.119,0.0,3.03,36.33,-2.931,5812.799999999999,6394.08,3.05
2011-07-18 12:00:00,B3820,0.786,0.0,3.06,36.33,-2.284,5812.799999999999,6394.08,3.07
2011-07-18 13:00:00,B3820,0.214,0.0,2.96,36.33,-2.7560000000000002,5812.799999999999,6394.08,2.97
2011-07-18 14:00:00,B3820,0.119,0.0,2.77,36.33,-2.6609999999999996,5812.799999999999,6394.08,2.78
2011-07-18 15:00:00,B3820,0.119,0.0,2.46,36.33,-2.351,5812.799999999999,6394.08,2.47
2011-07-18 16:00:00,B3820,0.119,0.0,2.04,36.33,-1.921,5812.799999999999,6394.08,2.04
2011-07-18 17:00:00,B3820,0.214,0.0,1.48,36.33,-1.266,5812.799999999999,6394.08,1.48
2011-07-18 18:00:00,B3820,0.786,0.0,0.78,36.33,0.006000000000000005,5812.799999999999,6394.08,0.78
2011-07-18 19:00:00,B3820,0.977,0.0,0.0,36.33,0.977,5812.799999999999,6394.08,0.0
2011-07-18 20:00:00,B3820,0.214,0.0,0.0,36.33,0.214,5812.799999999999,6394.08,0.0
2011-07-18 21:00:00,B3820,0.214,0.0,0.0,36.33,0.214,5812.799999999999,6394.08,0.0
2011-07-18 22:00:00,B3820,0.214,0.0,0.0,36.33,0.214,5812.799999999999,6394.08,0.0
2011-07-18 23:00:00,B3820,0.119,0.0,0.0,36.33,0.119,5812.799999999999,6394.08,0.0
2011-07-19 00:00:00,B3820,2.519,2.4,0.0,36.33,2.519,5812.799999999999,6394.08,0.0
2011-07-19 01:00:00,B3820,2.519,2.4,0.0,36.33,2.519,5812.799999999999,6394.08,0.0
2011-07-19 02:00:00,B3820,2.519,2.4,0.0,36.33,2.519,5812.799999999999,6394.08,0.0
2011-07-19 03:00:00,B3820,2.519,2.4,0.0,36.33,2.519,5812.799999999999,6394.08,0.0
2011-07-19 04:00:00,B3820,2.519,2.4,0.0,36.33,2.519,5812.799999999999,6394.08,0.0
2011-07-19 05:00:00,B3820,0.214,0.0,0.0,36.33,0.214,5812.799999999999,6394.08,0.0
2011-07-19 06:00:00,B3820,0.786,0.0,0.22,36.33,0.506,5812.799999999999,6394.08,0.28
2011-07-19 07:00:00,B3820,0.215,0.0,2.02,36.33,-2.065,5812.799999999999,6394.08,2.28
2011-07-19 08:00:00,B3820,0.119,0.0,2.45,36.33,-2.431,5812.799999999999,6394.08,2.55
2011-07-19 09:00:00,B3820,0.119,0.0,2.68,36.33,-2.601,5812.799999999999,6394.08,2.72
2011-07-19 10:00:00,B3820,0.119,0.0,2.87,36.33,-2.7809999999999997,5812.799999999999,6394.08,2.9
2011-07-19 11:00:00,B3820,0.119,0.0,2.99,36.33,-2.891,5812.799999999999,6394.08,3.01
2011-07-19 12:00:00,B3820,0.786,0.0,3.0,36.33,-2.2239999999999998,5812.799999999999,6394.08,3.01
2011-07-19 13:00:00,B3820,0.214,0.0,2.9,36.33,-2.696,5812.799999999999,6394.08,2.91
2011-07-19 14:00:00,B3820,0.119,0.0,2.7,36.33,-2.5810000000000004,5812.799999999999,6394.08,2.7
2011-07-19 15:00:00,B3820,0.119,0.0,2.39,36.33,-2.271,5812.799999999999,6394.08,2.39
2011-07-19 16:00:00,B3820,0.119,0.0,1.98,36.33,-1.861,5812.799999999999,6394.08,1.98
2011-07-19 17:00:00,B3820,0.214,0.0,1.44,36.33,-1.226,5812.799999999999,6394.08,1.44
2011-07-19 18:00:00,B3820,0.786,0.0,0.76,36.33,0.026000000000000023,5812.799999999999,6394.08,0.76
2011-07-19 19:00:00,B3820,0.977,0.0,0.0,36.33,0.977,5812.799999999999,6394.08,0.0
2011-07-19 20:00:00,B3820,0.214,0.0,0.0,36.33,0.214,5812.799999999999,6394.08,0.0
2011-07-19 21:00:00,B3820,0.214,0.0,0.0,36.33,0.214,5812.799999999999,6394.08,0.0
2011-07-19 22:00:00,B3820,0.214,0.0,0.0,36.33,0.214,5812.799999999999,6394.08,0.0
2011-07-19 23:00:00,B3820,0.119,0.0,0.0,36.33,0.119,5812.799999999999,6394.08,0.0
2011-07-20 00:00:00,B3820,2.519,2.4,0.0,36.33,2.519,5812.799999999999,6394.08,0.0
2011-07-20 01:00:00,B3820,2.519,2.4,0.0,36.33,2.519,5812.799999999999,6394.08,0.0
2011-07-20 02:00:00,B3820,2.519,2.4,0.0,36.33,2.519,5812.799999999999,6394.08,0.0
2011-07-20 03:00:00,B3820,2.519,2.4,0.0,36.33,2.519,5812.799999999999,6394.08,0.0
2011-07-20 04:00:00,B3820,2.519,2.4,0.0,36.33,2.519,5812.799999999999,6394.08,0.0
2011-07-20 05:00:00,B3820,0.214,0.0,0.0,36.33,0.214,5812.799999999999,6394.08,0.0
2011-07-20 06:00:00,B3820,0.786,0.0,0.22,36.33,0.516,5812.799999999999,6394.08,0.27
2011-07-20 07:00:00,B3820,0.215,0.0,2.0,36.33,-2.055,5812.799999999999,6394.08,2.27
2011-07-20 08:00:00,B3820,0.119,0.0,2.42,36.33,-2.401,5812.799999999999,6394.08,2.52
2011-07-20 09:00:00,B3820,0.119,0.0,2.63,36.33,-2.551,5812.799999999999,6394.08,2.67
2011-07-20 10:00:00,B3820,0.119,0.0,2.81,36.33,-2.721,5812.799999999999,6394.08,2.84
2011-07-20 11:00:00,B3820,0.119,0.0,2.94,36.33,-2.841,5812.799999999999,6394.08,2.96
2011-07-20 12:00:00,B3820,0.786,0.0,2.93,36.33,-2.154,5812.799999999999,6394.08,2.94
2011-07-20 13:00:00,B3820,0.214,0.0,2.83,36.33,-2.626,5812.799999999999,6394.08,2.84
2011-07-20 14:00:00,B3820,0.119,0.0,2.68,36.33,-2.5709999999999997,5812.799999999999,6394.08,2.69
2011-07-20 15:00:00,B3820,0.119,0.0,2.33,36.33,-2.2110000000000003,5812.799999999999,6394.08,2.33
2011-07-20 16:00:00,B3820,0.119,0.0,1.9,36.33,-1.791,5812.799999999999,6394.08,1.91
2011-07-20 17:00:00,B3820,0.214,0.0,1.35,36.33,-1.1360000000000001,5812.799999999999,6394.08,1.35
2011-07-20 18:00:00,B3820,0.786,0.0,0.68,36.33,0.10599999999999998,5812.799999999999,6394.08,0.68
2011-07-20 19:00:00,B3820,0.977,0.0,0.0,36.33,0.977,5812.799999999999,6394.08,0.0
2011-07-20 20:00:00,B3820,0.214,0.0,0.0,36.33,0.214,5812.799999999999,6394.08,0.0
2011-07-20 21:00:00,B3820,0.214,0.0,0.0,36.33,0.214,5812.799999999999,6394.08,0.0
2011-07-20 22:00:00,B3820,0.214,0.0,0.0,36.33,0.214,5812.799999999999,6394.08,0.0
2011-07-20 23:00:00,B3820,0.119,0.0,0.0,36.33,0.119,5812.799999999999,6394.08,0.0
2011-07-21 00:00:00,B3820,2.519,2.4,0.0,36.33,2.519,5812.799999999999,6394.08,0.0
2011-07-21 01:00:00,B3820,2.519,2.4,0.0,36.33,2.519,5812.799999999999,6394.08,0.0
2011-07-21 02:00:00,B3820,2.519,2.4,0.0,36.33,2.519,5812.799999999999,6394.08,0.0
2011-07-21 03:00:00,B3820,2.519,2.4,0.0,36.33,2.519,5812.799999999999,6394.08,0.0
2011-07-21 04:00:00,B3820,2.519,2.4,0.0,36.33,2.519,5812.799999999999,6394.08,0.0
2011-07-21 05:00:00,B3820,0.214,0.0,0.0,36.33,0.214,5812.799999999999,6394.08,0.0
2011-07-21 06:00:00,B3820,0.786,0.0,0.38,36.33,0.36600000000000005,5812.799999999999,6394.08,0.42
2011-07-21 07:00:00,B3820,0.215,0.0,1.23,36.33,-1.115,5812.799999999999,6394.08,1.33
2011-07-21 08:00:00,B3820,0.119,0.0,1.64,36.33,-1.601,5812.799999999999,6394.08,1.72
2011-07-21 09:00:00,B3820,0.119,0.0,2.07,36.33,-2.021,5812.799999999999,6394.08,2.14
2011-07-21 10:00:00,B3820,0.119,0.0,2.58,36.33,-2.511,5812.799999999999,6394.08,2.63
2011-07-21 11:00:00,B3820,0.119,0.0,2.86,36.33,-2.771,5812.799999999999,6394.08,2.89
2011-07-21 12:00:00,B3820,0.786,0.0,2.89,36.33,-2.114,5812.799999999999,6394.08,2.9
2011-07-21 13:00:00,B3820,0.214,0.0,2.79,36.33,-2.586,5812.799999999999,6394.08,2.8
2011-07-21 14:00:00,B3820,0.119,0.0,2.59,36.33,-2.481,5812.799999999999,6394.08,2.6
2011-07-21 15:00:00,B3820,0.119,0.0,2.31,36.33,-2.2009999999999996,5812.799999999999,6394.08,2.32
2011-07-21 16:00:00,B3820,0.119,0.0,1.94,36.33,-1.831,5812.799999999999,6394.08,1.95
2011-07-21 17:00:00,B3820,0.214,0.0,1.36,36.33,-1.1460000000000001,5812.799999999999,6394.08,1.36
2011-07-21 18:00:00,B3820,0.786,0.0,0.67,36.33,0.11599999999999999,5812.799999999999,6394.08,0.67
2011-07-21 19:00:00,B3820,0.977,0.0,0.0,36.33,0.977,5812.799999999999,6394.08,0.0
2011-07-21 20:00:00,B3820,0.214,0.0,0.0,36.33,0.214,5812.799999999999,6394.08,0.0
2011-07-21 21:00:00,B3820,0.214,0.0,0.0,36.33,0.214,5812.799999999999,6394.08,0.0
2011-07-21 22:00:00,B3820,0.214,0.0,0.0,36.33,0.214,5812.799999999999,6394.08,0.0
2011-07-21 23:00:00,B3820,0.119,0.0,0.0,36.33,0.119,5812.799999999999,6394.08,0.0
2011-07-22 00:00:00,B3820,2.519,2.4,0.0,36.33,2.519,5812.799999999999,6394.08,0.0
2011-07-22 01:00:00,B3820,2.519,2.4,0.0,36.33,2.519,5812.799999999999,6394.08,0.0
2011-07-22 02:00:00,B3820,2.519,2.4,0.0,36.33,2.519,5812.799999999999,6394.08,0.0
2011-07-22 03:00:00,B3820,2.519,2.4,0.0,36.33,2.519,5812.799999999999,6394.08,0.0
2011-07-22 04:00:00,B3820,2.519,2.4,0.0,36.33,2.519,5812.799999999999,6394.08,0.0
2011-07-22 05:00:00,B3820,0.214,0.0,0.0,36.33,0.214,5812.799999999999,6394.08,0.0
2011-07-22 06:00:00,B3820,0.786,0.0,0.38,36.33,0.35600000000000004,5812.799999999999,6394.08,0.43
2011-07-22 07:00:00,B3820,0.215,0.0,1.6,36.33,-1.565,5812.799999999999,6394.08,1.78
2011-07-22 08:00:00,B3820,0.119,0.0,2.22,36.33,-2.2009999999999996,5812.799999999999,6394.08,2.32
2011-07-22 09:00:00,B3820,0.119,0.0,2.59,36.33,-2.5309999999999997,5812.799999999999,6394.08,2.65
2011-07-22 10:00:00,B3820,0.119,0.0,2.82,36.33,-2.7409999999999997,5812.799999999999,6394.08,2.86
2011-07-22 11:00:00,B3820,0.119,0.0,2.96,36.33,-2.8609999999999998,5812.799999999999,6394.08,2.98
2011-07-22 12:00:00,B3820,0.786,0.0,2.98,36.33,-2.204,5812.799999999999,6394.08,2.99
2011-07-22 13:00:00,B3820,0.214,0.0,2.89,36.33,-2.686,5812.799999999999,6394.08,2.9
2011-07-22 14:00:00,B3820,0.119,0.0,2.7,36.33,-2.591,5812.799999999999,6394.08,2.71
2011-07-22 15:00:00,B3820,0.119,0.0,2.39,36.33,-2.2809999999999997,5812.799999999999,6394.08,2.4
2011-07-22 16:00:00,B3820,0.119,0.0,1.96,36.33,-1.841,5812.799999999999,6394.08,1.96
2011-07-22 17:00:00,B3820,0.214,0.0,1.42,36.33,-1.206,5812.799999999999,6394.08,1.42
2011-07-22 18:00:00,B3820,0.786,0.0,0.73,36.33,0.05600000000000005,5812.799999999999,6394.08,0.73
2011-07-22 19:00:00,B3820,0.977,0.0,0.0,36.33,0.977,5812.799999999999,6394.08,0.0
2011-07-22 20:00:00,B3820,0.214,0.0,0.0,36.33,0.214,5812.799999999999,6394.08,0.0
2011-07-22 21:00:00,B3820,0.214,0.0,0.0,36.33,0.214,5812.799999999999,6394.08,0.0
2011-07-22 22:00:00,B3820,0.214,0.0,0.0,36.33,0.214,5812.799999999999,6394.08,0.0
2011-07-22 23:00:00,B3820,0.119,0.0,0.0,36.33,0.119,5812.799999999999,6394.08,0.0
2011-07-23 00:00:00,B3820,0.119,0.0,0.0,36.33,0.119,5812.799999999999,6394.08,0.0
2011-07-23 01:00:00,B3820,0.119,0.0,0.0,36.33,0.119,5812.799999999999,6394.08,0.0
2011-07-23 02:00:00,B3820,0.119,0.0,0.0,36.33,0.119,5812.799999999999,6394.08,0.0
2011-07-23 03:00:00,B3820,0.119,0.0,0.0,36.33,0.119,5812.799999999999,6394.08,0.0
2011-07-23 04:00:00,B3820,0.119,0.0,0.0,36.33,0.119,5812.799999999999,6394.08,0.0
2011-07-23 05:00:00,B3820,0.214,0.0,0.0,36.33,0.214,5812.799999999999,6394.08,0.0
2011-07-23 06:00:00,B3820,0.786,0.0,0.29,36.33,0.43600000000000005,5812.799999999999,6394.08,0.35
2011-07-23 07:00:00,B3820,0.214,0.0,1.82,36.33,-1.8359999999999999,5812.799999999999,6394.08,2.05
2011-07-23 08:00:00,B3820,2.519,2.4,2.35,36.33,0.07900000000000018,5812.799999999999,6394.08,2.44
2011-07-23 09:00:00,B3820,2.519,2.4,2.61,36.33,-0.1509999999999998,5812.799999999999,6394.08,2.67
2011-07-23 10:00:00,B3820,2.519,2.4,2.77,36.33,-0.2909999999999999,5812.799999999999,6394.08,2.81
2011-07-23 11:00:00,B3820,2.519,2.4,2.93,36.33,-0.43100000000000005,5812.799999999999,6394.08,2.95
2011-07-23 12:00:00,B3820,3.186,2.4,2.91,36.33,0.266,5812.799999999999,6394.08,2.92
2011-07-23 13:00:00,B3820,0.214,0.0,2.85,36.33,-2.646,5812.799999999999,6394.08,2.86
2011-07-23 14:00:00,B3820,0.119,0.0,2.68,36.33,-2.5709999999999997,5812.799999999999,6394.08,2.69
2011-07-23 15:00:00,B3820,0.119,0.0,2.38,36.33,-2.271,5812.799999999999,6394.08,2.39
2011-07-23 16:00:00,B3820,0.119,0.0,1.93,36.33,-1.811,5812.799999999999,6394.08,1.93
2011-07-23 17:00:00,B3820,0.214,0.0,1.34,36.33,-1.1260000000000001,5812.799999999999,6394.08,1.34
2011-07-23 18:00:00,B3820,0.786,0.0,0.66,36.33,0.126,5812.799999999999,6394.08,0.66
2011-07-23 19:00:00,B3820,0.977,0.0,0.0,36.33,0.977,5812.799999999999,6394.08,0.0
2011-07-23 20:00:00,B3820,0.214,0.0,0.0,36.33,0.214,5812.799999999999,6394.08,0.0
2011-07-23 21:00:00,B3820,0.214,0.0,0.0,36.33,0.214,5812.799999999999,6394.08,0.0
2011-07-23 22:00:00,B3820,0.214,0.0,0.0,36.33,0.214,5812.799999999999,6394.08,0.0
2011-07-23 23:00:00,B3820,0.119,0.0,0.0,36.33,0.119,5812.799999999999,6394.08,0.0
2011-07-24 00:00:00,B3820,0.119,0.0,0.0,36.33,0.119,5812.799999999999,6394.08,0.0
2011-07-24 01:00:00,B3820,0.119,0.0,0.0,36.33,0.119,5812.799999999999,6394.08,0.0
2011-07-24 02:00:00,B3820,0.119,0.0,0.0,36.33,0.119,5812.799999999999,6394.08,0.0
2011-07-24 03:00:00,B3820,0.119,0.0,0.0,36.33,0.119,5812.799999999999,6394.08,0.0
2011-07-24 04:00:00,B3820,0.119,0.0,0.0,36.33,0.119,5812.799999999999,6394.08,0.0
2011-07-24 05:00:00,B3820,0.214,0.0,0.0,36.33,0.214,5812.799999999999,6394.08,0.0
2011-07-24 06:00:00,B3820,0.786,0.0,0.4,36.33,0.34600000000000003,5812.799999999999,6394.08,0.44
2011-07-24 07:00:00,B3820,0.214,0.0,1.26,36.33,-1.1560000000000001,5812.799999999999,6394.08,1.37
2011-07-24 08:00:00,B3820,2.519,2.4,1.87,36.33,0.5590000000000002,5812.799999999999,6394.08,1.96
2011-07-24 09:00:00,B3820,2.519,2.4,2.38,36.33,0.07900000000000018,5812.799999999999,6394.08,2.44
2011-07-24 10:00:00,B3820,2.519,2.4,2.75,36.33,-0.2709999999999999,5812.799999999999,6394.08,2.79
2011-07-24 11:00:00,B3820,2.519,2.4,2.97,36.33,-0.48099999999999987,5812.799999999999,6394.08,3.0
2011-07-24 12:00:00,B3820,3.186,2.4,3.01,36.33,0.15600000000000014,5812.799999999999,6394.08,3.03
2011-07-24 13:00:00,B3820,0.214,0.0,2.93,36.33,-2.726,5812.799999999999,6394.08,2.94
2011-07-24 14:00:00,B3820,0.119,0.0,2.74,36.33,-2.6310000000000002,5812.799999999999,6394.08,2.75
2011-07-24 15:00:00,B3820,0.119,0.0,2.42,36.33,-2.311,5812.799999999999,6394.08,2.43
2011-07-24 16:00:00,B3820,0.119,0.0,2.0,36.33,-1.881,5812.799999999999,6394.08,2.0
2011-07-24 17:00:00,B3820,0.214,0.0,1.44,36.33,-1.226,5812.799999999999,6394.08,1.44
2011-07-24 18:00:00,B3820,0.786,0.0,0.73,36.33,0.05600000000000005,5812.799999999999,6394.08,0.73
2011-07-24 19:00:00,B3820,0.977,0.0,0.0,36.33,0.977,5812.799999999999,6394.08,0.0
2011-07-24 20:00:00,B3820,0.214,0.0,0.0,36.33,0.214,5812.799999999999,6394.08,0.0
2011-07-24 21:00:00,B3820,0.214,0.0,0.0,36.33,0.214,5812.799999999999,6394.08,0.0
2011-07-24 22:00:00,B3820,0.214,0.0,0.0,36.33,0.214,5812.799999999999,6394.08,0.0
2011-07-24 23:00:00,B3820,0.119,0.0,0.0,36.33,0.119,5812.799999999999,6394.08,0.0
2011-07-25 00:00:00,B3820,2.519,2.4,0.0,36.33,2.519,5812.799999999999,6394.08,0.0
2011-07-25 01:00:00,B3820,2.519,2.4,0.0,36.33,2.519,5812.799999999999,6394.08,0.0
2011-07-25 02:00:00,B3820,2.519,2.4,0.0,36.33,2.519,5812.799999999999,6394.08,0.0
2011-07-25 03:00:00,B3820,2.519,2.4,0.0,36.33,2.519,5812.799999999999,6394.08,0.0
2011-07-25 04:00:00,B3820,2.519,2.4,0.0,36.33,2.519,5812.799999999999,6394.08,0.0
2011-07-25 05:00:00,B3820,0.214,0.0,0.0,36.33,0.214,5812.799999999999,6394.08,0.0
2011-07-25 06:00:00,B3820,0.786,0.0,0.39,36.33,0.35600000000000004,5812.799999999999,6394.08,0.43
2011-07-25 07:00:00,B3820,0.215,0.0,1.43,36.33,-1.365,5812.799999999999,6394.08,1.58
2011-07-25 08:00:00,B3820,0.119,0.0,1.91,36.33,-1.881,5812.799999999999,6394.08,2.0
2011-07-25 09:00:00,B3820,0.119,0.0,2.29,36.33,-2.2409999999999997,5812.799999999999,6394.08,2.36
2011-07-25 10:00:00,B3820,0.119,0.0,2.63,36.33,-2.561,5812.799999999999,6394.08,2.68
2011-07-25 11:00:00,B3820,0.119,0.0,2.86,36.33,-2.761,5812.799999999999,6394.08,2.88
2011-07-25 12:00:00,B3820,0.786,0.0,2.94,36.33,-2.174,5812.799999999999,6394.08,2.96
2011-07-25 13:00:00,B3820,0.214,0.0,2.83,36.33,-2.626,5812.799999999999,6394.08,2.84
2011-07-25 14:00:00,B3820,0.119,0.0,2.64,36.33,-2.5309999999999997,5812.799999999999,6394.08,2.65
2011-07-25 15:00:00,B3820,0.119,0.0,2.35,36.33,-2.2409999999999997,5812.799999999999,6394.08,2.36
2011-07-25 16:00:00,B3820,0.119,0.0,1.93,36.33,-1.811,5812.799999999999,6394.08,1.93
2011-07-25 17:00:00,B3820,0.214,0.0,1.35,36.33,-1.1360000000000001,5812.799999999999,6394.08,1.35
2011-07-25 18:00:00,B3820,0.786,0.0,0.64,36.33,0.14600000000000002,5812.799999999999,6394.08,0.64
2011-07-25 19:00:00,B3820,0.977,0.0,0.0,36.33,0.977,5812.799999999999,6394.08,0.0
2011-07-25 20:00:00,B3820,0.214,0.0,0.0,36.33,0.214,5812.799999999999,6394.08,0.0
2011-07-25 21:00:00,B3820,0.214,0.0,0.0,36.33,0.214,5812.799999999999,6394.08,0.0
2011-07-25 22:00:00,B3820,0.214,0.0,0.0,36.33,0.214,5812.799999999999,6394.08,0.0
2011-07-25 23:00:00,B3820,0.119,0.0,0.0,36.33,0.119,5812.799999999999,6394.08,0.0
2011-07-26 00:00:00,B3820,2.519,2.4,0.0,36.33,2.519,5812.799999999999,6394.08,0.0
2011-07-26 01:00:00,B3820,2.519,2.4,0.0,36.33,2.519,5812.799999999999,6394.08,0.0
2011-07-26 02:00:00,B3820,2.519,2.4,0.0,36.33,2.519,5812.799999999999,6394.08,0.0
2011-07-26 03:00:00,B3820,2.519,2.4,0.0,36.33,2.519,5812.799999999999,6394.08,0.0
2011-07-26 04:00:00,B3820,2.519,2.4,0.0,36.33,2.519,5812.799999999999,6394.08,0.0
2011-07-26 05:00:00,B3820,0.214,0.0,0.0,36.33,0.214,5812.799999999999,6394.08,0.0
2011-07-26 06:00:00,B3820,0.786,0.0,0.24,36.33,0.526,5812.799999999999,6394.08,0.26
2011-07-26 07:00:00,B3820,0.215,0.0,0.65,36.33,-0.485,5812.799999999999,6394.08,0.7
2011-07-26 08:00:00,B3820,0.119,0.0,1.08,36.33,-1.011,5812.799999999999,6394.08,1.13
2011-07-26 09:00:00,B3820,0.119,0.0,1.38,36.33,-1.321,5812.799999999999,6394.08,1.44
2011-07-26 10:00:00,B3820,0.119,0.0,1.8,36.33,-1.731,5812.799999999999,6394.08,1.85
2011-07-26 11:00:00,B3820,0.119,0.0,2.32,36.33,-2.231,5812.799999999999,6394.08,2.35
2011-07-26 12:00:00,B3820,0.786,0.0,2.49,36.33,-1.7239999999999998,5812.799999999999,6394.08,2.51
2011-07-26 13:00:00,B3820,0.214,0.0,2.52,36.33,-2.316,5812.799999999999,6394.08,2.53
2011-07-26 14:00:00,B3820,0.119,0.0,2.41,36.33,-2.301,5812.799999999999,6394.08,2.42
2011-07-26 15:00:00,B3820,0.119,0.0,2.13,36.33,-2.021,5812.799999999999,6394.08,2.14
2011-07-26 16:00:00,B3820,0.119,0.0,1.66,36.33,-1.551,5812.799999999999,6394.08,1.67
2011-07-26 17:00:00,B3820,0.214,0.0,1.14,36.33,-0.9259999999999999,5812.799999999999,6394.08,1.14
2011-07-26 18:00:00,B3820,0.786,0.0,0.55,36.33,0.236,5812.799999999999,6394.08,0.55
2011-07-26 19:00:00,B3820,0.977,0.0,0.0,36.33,0.977,5812.799999999999,6394.08,0.0
2011-07-26 20:00:00,B3820,0.214,0.0,0.0,36.33,0.214,5812.799999999999,6394.08,0.0
2011-07-26 21:00:00,B3820,0.214,0.0,0.0,36.33,0.214,5812.799999999999,6394.08,0.0
2011-07-26 22:00:00,B3820,0.214,0.0,0.0,36.33,0.214,5812.799999999999,6394.08,0.0
2011-07-26 23:00:00,B3820,0.119,0.0,0.0,36.33,0.119,5812.799999999999,6394.08,0.0
2011-07-27 00:00:00,B3820,2.519,2.4,0.0,36.33,2.519,5812.799999999999,6394.08,0.0
2011-07-27 01:00:00,B3820,2.519,2.4,0.0,36.33,2.519,5812.799999999999,6394.08,0.0
2011-07-27 02:00:00,B3820,2.519,2.4,0.0,36.33,2.519,5812.799999999999,6394.08,0.0
2011-07-27 03:00:00,B3820,2.519,2.4,0.0,36.33,2.519,5812.799999999999,6394.08,0.0
2011-07-27 04:00:00,B3820,2.519,2.4,0.0,36.33,2.519,5812.799999999999,6394.08,0.0
2011-07-27 05:00:00,B3820,0.214,0.0,0.0,36.33,0.214,5812.799999999999,6394.08,0.0
2011-07-27 06:00:00,B3820,0.786,0.0,0.28,36.33,0.466,5812.799999999999,6394.08,0.32
2011-07-27 07:00:00,B3820,0.215,0.0,1.24,36.33,-1.145,5812.799999999999,6394.08,1.36
2011-07-27 08:00:00,B3820,0.119,0.0,1.7,36.33,-1.671,5812.799999999999,6394.08,1.79
2011-07-27 09:00:00,B3820,0.119,0.0,2.25,36.33,-2.191,5812.799999999999,6394.08,2.31
2011-07-27 10:00:00,B3820,0.119,0.0,2.71,36.33,-2.6310000000000002,5812.799999999999,6394.08,2.75
2011-07-27 11:00:00,B3820,0.119,0.0,2.9,36.33,-2.801,5812.799999999999,6394.08,2.92
2011-07-27 12:00:00,B3820,0.786,0.0,2.91,36.33,-2.134,5812.799999999999,6394.08,2.92
2011-07-27 13:00:00,B3820,0.214,0.0,2.83,36.33,-2.626,5812.799999999999,6394.08,2.84
2011-07-27 14:00:00,B3820,0.119,0.0,2.64,36.33,-2.5309999999999997,5812.799999999999,6394.08,2.65
2011-07-27 15:00:00,B3820,0.119,0.0,2.33,36.33,-2.221,5812.799999999999,6394.08,2.34
2011-07-27 16:00:00,B3820,0.119,0.0,1.89,36.33,-1.781,5812.799999999999,6394.08,1.9
2011-07-27 17:00:00,B3820,0.214,0.0,1.34,36.33,-1.1260000000000001,5812.799999999999,6394.08,1.34
2011-07-27 18:00:00,B3820,0.786,0.0,0.66,36.33,0.126,5812.799999999999,6394.08,0.66
2011-07-27 19:00:00,B3820,0.977,0.0,0.0,36.33,0.977,5812.799999999999,6394.08,0.0
2011-07-27 20:00:00,B3820,0.214,0.0,0.0,36.33,0.214,5812.799999999999,6394.08,0.0
2011-07-27 21:00:00,B3820,0.214,0.0,0.0,36.33,0.214,5812.799999999999,6394.08,0.0
2011-07-27 22:00:00,B3820,0.214,0.0,0.0,36.33,0.214,5812.799999999999,6394.08,0.0
2011-07-27 23:00:00,B3820,0.119,0.0,0.0,36.33,0.119,5812.799999999999,6394.08,0.0
2011-07-28 00:00:00,B3820,2.519,2.4,0.0,36.33,2.519,5812.799999999999,6394.08,0.0
2011-07-28 01:00:00,B3820,2.519,2.4,0.0,36.33,2.519,5812.799999999999,6394.08,0.0
2011-07-28 02:00:00,B3820,2.519,2.4,0.0,36.33,2.519,5812.799999999999,6394.08,0.0
2011-07-28 03:00:00,B3820,2.519,2.4,0.0,36.33,2.519,5812.799999999999,6394.08,0.0
2011-07-28 04:00:00,B3820,2.519,2.4,0.0,36.33,2.519,5812.799999999999,6394.08,0.0
2011-07-28 05:00:00,B3820,0.214,0.0,0.0,36.33,0.214,5812.799999999999,6394.08,0.0
2011-07-28 06:00:00,B3820,0.786,0.0,0.38,36.33,0.36600000000000005,5812.799999999999,6394.08,0.42
2011-07-28 07:00:00,B3820,0.215,0.0,1.32,36.33,-1.2349999999999999,5812.799999999999,6394.08,1.45
2011-07-28 08:00:00,B3820,0.119,0.0,1.82,36.33,-1.791,5812.799999999999,6394.08,1.91
2011-07-28 09:00:00,B3820,0.119,0.0,2.13,36.33,-2.0709999999999997,5812.799999999999,6394.08,2.19
2011-07-28 10:00:00,B3820,0.119,0.0,2.43,36.33,-2.3609999999999998,5812.799999999999,6394.08,2.48
2011-07-28 11:00:00,B3820,0.119,0.0,2.68,36.33,-2.591,5812.799999999999,6394.08,2.71
2011-07-28 12:00:00,B3820,0.786,0.0,2.82,36.33,-2.044,5812.799999999999,6394.08,2.83
2011-07-28 13:00:00,B3820,0.214,0.0,2.74,36.33,-2.546,5812.799999999999,6394.08,2.76
2011-07-28 14:00:00,B3820,0.119,0.0,2.58,36.33,-2.471,5812.799999999999,6394.08,2.59
2011-07-28 15:00:00,B3820,0.119,0.0,2.28,36.33,-2.1609999999999996,5812.799999999999,6394.08,2.28
2011-07-28 16:00:00,B3820,0.119,0.0,1.82,36.33,-1.711,5812.799999999999,6394.08,1.83
2011-07-28 17:00:00,B3820,0.214,0.0,1.22,36.33,-1.006,5812.799999999999,6394.08,1.22
2011-07-28 18:00:00,B3820,0.786,0.0,0.54,36.33,0.246,5812.799999999999,6394.08,0.54
2011-07-28 19:00:00,B3820,0.977,0.0,0.0,36.33,0.977,5812.799999999999,6394.08,0.0
2011-07-28 20:00:00,B3820,0.214,0.0,0.0,36.33,0.214,5812.799999999999,6394.08,0.0
2011-07-28 21:00:00,B3820,0.214,0.0,0.0,36.33,0.214,5812.799999999999,6394.08,0.0
2011-07-28 22:00:00,B3820,0.214,0.0,0.0,36.33,0.214,5812.799999999999,6394.08,0.0
2011-07-28 23:00:00,B3820,0.119,0.0,0.0,36.33,0.119,5812.799999999999,6394.08,0.0
2011-07-29 00:00:00,B3820,2.519,2.4,0.0,36.33,2.519,5812.799999999999,6394.08,0.0
2011-07-29 01:00:00,B3820,2.519,2.4,0.0,36.33,2.519,5812.799999999999,6394.08,0.0
2011-07-29 02:00:00,B3820,2.519,2.4,0.0,36.33,2.519,5812.799999999999,6394.08,0.0
2011-07-29 03:00:00,B3820,2.519,2.4,0.0,36.33,2.519,5812.799999999999,6394.08,0.0
2011-07-29 04:00:00,B3820,2.519,2.4,0.0,36.33,2.519,5812.799999999999,6394.08,0.0
2011-07-29 05:00:00,B3820,0.214,0.0,0.0,36.33,0.214,5812.799999999999,6394.08,0.0
2011-07-29 06:00:00,B3820,0.786,0.0,0.3,36.33,0.43600000000000005,5812.799999999999,6394.08,0.35
2011-07-29 07:00:00,B3820,0.215,0.0,1.68,36.33,-1.6649999999999998,5812.799999999999,6394.08,1.88
2011-07-29 08:00:00,B3820,0.119,0.0,2.24,36.33,-2.2009999999999996,5812.799999999999,6394.08,2.32
2011-07-29 09:00:00,B3820,0.119,0.0,2.57,36.33,-2.5010000000000003,5812.799999999999,6394.08,2.62
2011-07-29 10:00:00,B3820,0.119,0.0,2.75,36.33,-2.6710000000000003,5812.799999999999,6394.08,2.79
2011-07-29 11:00:00,B3820,0.119,0.0,2.87,36.33,-2.7809999999999997,5812.799999999999,6394.08,2.9
2011-07-29 12:00:00,B3820,0.786,0.0,2.92,36.33,-2.154,5812.799999999999,6394.08,2.94
2011-07-29 13:00:00,B3820,0.214,0.0,2.85,36.33,-2.646,5812.799999999999,6394.08,2.86
2011-07-29 14:00:00,B3820,0.119,0.0,2.66,36.33,-2.5410000000000004,5812.799999999999,6394.08,2.66
2011-07-29 15:00:00,B3820,0.119,0.0,2.33,36.33,-2.221,5812.799999999999,6394.08,2.34
2011-07-29 16:00:00,B3820,0.119,0.0,1.91,36.33,-1.791,5812.799999999999,6394.08,1.91
2011-07-29 17:00:00,B3820,0.214,0.0,1.36,36.33,-1.1460000000000001,5812.799999999999,6394.08,1.36
2011-07-29 18:00:00,B3820,0.786,0.0,0.68,36.33,0.10599999999999998,5812.799999999999,6394.08,0.68
2011-07-29 19:00:00,B3820,0.977,0.0,0.0,36.33,0.977,5812.799999999999,6394.08,0.0
2011-07-29 20:00:00,B3820,0.214,0.0,0.0,36.33,0.214,5812.799999999999,6394.08,0.0
2011-07-29 21:00:00,B3820,0.214,0.0,0.0,36.33,0.214,5812.799999999999,6394.08,0.0
2011-07-29 22:00:00,B3820,0.214,0.0,0.0,36.33,0.214,5812.799999999999,6394.08,0.0
2011-07-29 23:00:00,B3820,0.119,0.0,0.0,36.33,0.119,5812.799999999999,6394.08,0.0
2011-07-30 00:00:00,B3820,0.119,0.0,0.0,36.33,0.119,5812.799999999999,6394.08,0.0
2011-07-30 01:00:00,B3820,0.119,0.0,0.0,36.33,0.119,5812.799999999999,6394.08,0.0
2011-07-30 02:00:00,B3820,0.119,0.0,0.0,36.33,0.119,5812.799999999999,6394.08,0.0
2011-07-30 03:00:00,B3820,0.119,0.0,0.0,36.33,0.119,5812.799999999999,6394.08,0.0
2011-07-30 04:00:00,B3820,0.119,0.0,0.0,36.33,0.119,5812.799999999999,6394.08,0.0
2011-07-30 05:00:00,B3820,0.214,0.0,0.0,36.33,0.214,5812.799999999999,6394.08,0.0
2011-07-30 06:00:00,B3820,0.786,0.0,0.26,36.33,0.48600000000000004,5812.799999999999,6394.08,0.3
2011-07-30 07:00:00,B3820,0.214,0.0,1.69,36.33,-1.676,5812.799999999999,6394.08,1.89
2011-07-30 08:00:00,B3820,2.519,2.4,2.16,36.33,0.2789999999999999,5812.799999999999,6394.08,2.24
2011-07-30 09:00:00,B3820,2.519,2.4,2.49,36.33,-0.030999999999999694,5812.799999999999,6394.08,2.55
2011-07-30 10:00:00,B3820,2.519,2.4,2.73,36.33,-0.2509999999999999,5812.799999999999,6394.08,2.77
2011-07-30 11:00:00,B3820,2.519,2.4,2.87,36.33,-0.371,5812.799999999999,6394.08,2.89
2011-07-30 12:00:00,B3820,3.186,2.4,2.9,36.33,0.2759999999999998,5812.799999999999,6394.08,2.91
2011-07-30 13:00:00,B3820,0.214,0.0,2.84,36.33,-2.636,5812.799999999999,6394.08,2.85
2011-07-30 14:00:00,B3820,0.119,0.0,2.68,36.33,-2.561,5812.799999999999,6394.08,2.68
2011-07-30 15:00:00,B3820,0.119,0.0,2.35,36.33,-2.2409999999999997,5812.799999999999,6394.08,2.36
2011-07-30 16:00:00,B3820,0.119,0.0,1.91,36.33,-1.801,5812.799999999999,6394.08,1.92
2011-07-30 17:00:00,B3820,0.214,0.0,1.35,36.33,-1.1360000000000001,5812.799999999999,6394.08,1.35
2011-07-30 18:00:00,B3820,0.786,0.0,0.66,36.33,0.126,5812.799999999999,6394.08,0.66
2011-07-30 19:00:00,B3820,0.977,0.0,0.0,36.33,0.977,5812.799999999999,6394.08,0.0
2011-07-30 20:00:00,B3820,0.214,0.0,0.0,36.33,0.214,5812.799999999999,6394.08,0.0
2011-07-30 21:00:00,B3820,0.214,0.0,0.0,36.33,0.214,5812.799999999999,6394.08,0.0
2011-07-30 22:00:00,B3820,0.214,0.0,0.0,36.33,0.214,5812.799999999999,6394.08,0.0
2011-07-30 23:00:00,B3820,0.119,0.0,0.0,36.33,0.119,5812.799999999999,6394.08,0.0
2011-07-31 00:00:00,B3820,0.119,0.0,0.0,36.33,0.119,5812.799999999999,6394.08,0.0
2011-07-31 01:00:00,B3820,0.119,0.0,0.0,36.33,0.119,5812.799999999999,6394.08,0.0
2011-07-31 02:00:00,B3820,0.119,0.0,0.0,36.33,0.119,5812.799999999999,6394.08,0.0
2011-07-31 03:00:00,B3820,0.119,0.0,0.0,36.33,0.119,5812.799999999999,6394.08,0.0
2011-07-31 04:00:00,B3820,0.119,0.0,0.0,36.33,0.119,5812.799999999999,6394.08,0.0
2011-07-31 05:00:00,B3820,0.214,0.0,0.0,36.33,0.214,5812.799999999999,6394.08,0.0
2011-07-31 06:00:00,B3820,0.786,0.0,0.25,36.33,0.49600000000000005,5812.799999999999,6394.08,0.29
2011-07-31 07:00:00,B3820,0.214,0.0,1.47,36.33,-1.416,5812.799999999999,6394.08,1.63
2011-07-31 08:00:00,B3820,2.519,2.4,1.87,36.33,0.5590000000000002,5812.799999999999,6394.08,1.96
2011-07-31 09:00:00,B3820,2.519,2.4,2.3,36.33,0.14900000000000002,5812.799999999999,6394.08,2.37
2011-07-31 10:00:00,B3820,2.519,2.4,2.6,36.33,-0.121,5812.799999999999,6394.08,2.64
2011-07-31 11:00:00,B3820,2.519,2.4,2.78,36.33,-0.2809999999999997,5812.799999999999,6394.08,2.8
2011-07-31 12:00:00,B3820,3.186,2.4,2.83,36.33,0.3460000000000001,5812.799999999999,6394.08,2.84
2011-07-31 13:00:00,B3820,0.214,0.0,2.74,36.33,-2.536,5812.799999999999,6394.08,2.75
2011-07-31 14:00:00,B3820,0.119,0.0,2.54,36.33,-2.431,5812.799999999999,6394.08,2.55
2011-07-31 15:00:00,B3820,0.119,0.0,2.23,36.33,-2.1210000000000004,5812.799999999999,6394.08,2.24
2011-07-31 16:00:00,B3820,0.119,0.0,1.8,36.33,-1.681,5812.799999999999,6394.08,1.8
2011-07-31 17:00:00,B3820,0.214,0.0,1.26,36.33,-1.046,5812.799999999999,6394.08,1.26
2011-07-31 18:00:00,B3820,0.786,0.0,0.44,36.33,0.34600000000000003,5812.799999999999,6394.08,0.44
2011-07-31 19:00:00,B3820,0.977,0.0,0.0,36.33,0.977,5812.799999999999,6394.08,0.0
2011-07-31 20:00:00,B3820,0.214,0.0,0.0,36.33,0.214,5812.799999999999,6394.08,0.0
2011-07-31 21:00:00,B3820,0.214,0.0,0.0,36.33,0.214,5812.799999999999,6394.08,0.0
2011-07-31 22:00:00,B3820,0.214,0.0,0.0,36.33,0.214,5812.799999999999,6394.08,0.0
2011-07-31 23:00:00,B3820,0.119,0.0,0.0,36.33,0.119,5812.799999999999,6394.08,0.0
2011-08-01 00:00:00,B3820,2.519,2.4,0.0,36.33,2.519,5812.799999999999,6394.08,0.0
2011-08-01 01:00:00,B3820,2.519,2.4,0.0,36.33,2.519,5812.799999999999,6394.08,0.0
2011-08-01 02:00:00,B3820,2.519,2.4,0.0,36.33,2.519,5812.799999999999,6394.08,0.0
2011-08-01 03:00:00,B3820,2.519,2.4,0.0,36.33,2.519,5812.799999999999,6394.08,0.0
2011-08-01 04:00:00,B3820,2.519,2.4,0.0,36.33,2.519,5812.799999999999,6394.08,0.0
2011-08-01 05:00:00,B3820,0.214,0.0,0.0,36.33,0.214,5812.799999999999,6394.08,0.0
2011-08-01 06:00:00,B3820,0.786,0.0,0.25,36.33,0.49600000000000005,5812.799999999999,6394.08,0.29
2011-08-01 07:00:00,B3820,0.215,0.0,1.72,36.33,-1.7149999999999999,5812.799999999999,6394.08,1.93
2011-08-01 08:00:00,B3820,0.119,0.0,2.22,36.33,-2.181,5812.799999999999,6394.08,2.3
2011-08-01 09:00:00,B3820,0.119,0.0,2.46,36.33,-2.401,5812.799999999999,6394.08,2.52
2011-08-01 10:00:00,B3820,0.119,0.0,2.68,36.33,-2.601,5812.799999999999,6394.08,2.72
2011-08-01 11:00:00,B3820,0.119,0.0,2.88,36.33,-2.7809999999999997,5812.799999999999,6394.08,2.9
2011-08-01 12:00:00,B3820,0.786,0.0,2.91,36.33,-2.134,5812.799999999999,6394.08,2.92
2011-08-01 13:00:00,B3820,0.214,0.0,2.83,36.33,-2.626,5812.799999999999,6394.08,2.84
2011-08-01 14:00:00,B3820,0.119,0.0,2.63,36.33,-2.511,5812.799999999999,6394.08,2.63
2011-08-01 15:00:00,B3820,0.119,0.0,2.32,36.33,-2.2009999999999996,5812.799999999999,6394.08,2.32
2011-08-01 16:00:00,B3820,0.119,0.0,1.88,36.33,-1.771,5812.799999999999,6394.08,1.89
2011-08-01 17:00:00,B3820,0.214,0.0,1.35,36.33,-1.1360000000000001,5812.799999999999,6394.08,1.35
2011-08-01 18:00:00,B3820,0.786,0.0,0.47,36.33,0.31600000000000006,5812.799999999999,6394.08,0.47
2011-08-01 19:00:00,B3820,0.977,0.0,0.0,36.33,0.977,5812.799999999999,6394.08,0.0
2011-08-01 20:00:00,B3820,0.214,0.0,0.0,36.33,0.214,5812.799999999999,6394.08,0.0
2011-08-01 21:00:00,B3820,0.214,0.0,0.0,36.33,0.214,5812.799999999999,6394.08,0.0
2011-08-01 22:00:00,B3820,0.214,0.0,0.0,36.33,0.214,5812.799999999999,6394.08,0.0
2011-08-01 23:00:00,B3820,0.119,0.0,0.0,36.33,0.119,5812.799999999999,6394.08,0.0
2011-08-02 00:00:00,B3820,2.519,2.4,0.0,36.33,2.519,5812.799999999999,6394.08,0.0
2011-08-02 01:00:00,B3820,2.519,2.4,0.0,36.33,2.519,5812.799999999999,6394.08,0.0
2011-08-02 02:00:00,B3820,2.519,2.4,0.0,36.33,2.519,5812.799999999999,6394.08,0.0
2011-08-02 03:00:00,B3820,2.519,2.4,0.0,36.33,2.519,5812.799999999999,6394.08,0.0
2011-08-02 04:00:00,B3820,2.519,2.4,0.0,36.33,2.519,5812.799999999999,6394.08,0.0
2011-08-02 05:00:00,B3820,0.214,0.0,0.0,36.33,0.214,5812.799999999999,6394.08,0.0
2011-08-02 06:00:00,B3820,0.786,0.0,0.34,36.33,0.406,5812.799999999999,6394.08,0.38
2011-08-02 07:00:00,B3820,0.215,0.0,1.34,36.33,-1.265,5812.799999999999,6394.08,1.48
2011-08-02 08:00:00,B3820,0.119,0.0,1.96,36.33,-1.921,5812.799999999999,6394.08,2.04
2011-08-02 09:00:00,B3820,0.119,0.0,2.36,36.33,-2.301,5812.799999999999,6394.08,2.42
2011-08-02 10:00:00,B3820,0.119,0.0,2.65,36.33,-2.561,5812.799999999999,6394.08,2.68
2011-08-02 11:00:00,B3820,0.119,0.0,2.81,36.33,-2.7110000000000003,5812.799999999999,6394.08,2.83
2011-08-02 12:00:00,B3820,0.786,0.0,2.83,36.33,-2.054,5812.799999999999,6394.08,2.84
2011-08-02 13:00:00,B3820,0.214,0.0,2.74,36.33,-2.536,5812.799999999999,6394.08,2.75
2011-08-02 14:00:00,B3820,0.119,0.0,2.55,36.33,-2.441,5812.799999999999,6394.08,2.56
2011-08-02 15:00:00,B3820,0.119,0.0,2.25,36.33,-2.1310000000000002,5812.799999999999,6394.08,2.25
2011-08-02 16:00:00,B3820,0.119,0.0,1.83,36.33,-1.711,5812.799999999999,6394.08,1.83
2011-08-02 17:00:00,B3820,0.214,0.0,1.28,36.33,-1.066,5812.799999999999,6394.08,1.28
2011-08-02 18:00:00,B3820,0.786,0.0,0.44,36.33,0.34600000000000003,5812.799999999999,6394.08,0.44
2011-08-02 19:00:00,B3820,0.977,0.0,0.0,36.33,0.977,5812.799999999999,6394.08,0.0
2011-08-02 20:00:00,B3820,0.214,0.0,0.0,36.33,0.214,5812.799999999999,6394.08,0.0
2011-08-02 21:00:00,B3820,0.214,0.0,0.0,36.33,0.214,5812.799999999999,6394.08,0.0
2011-08-02 22:00:00,B3820,0.214,0.0,0.0,36.33,0.214,5812.799999999999,6394.08,0.0
2011-08-02 23:00:00,B3820,0.119,0.0,0.0,36.33,0.119,5812.799999999999,6394.08,0.0
2011-08-03 00:00:00,B3820,2.519,2.4,0.0,36.33,2.519,5812.799999999999,6394.08,0.0
2011-08-03 01:00:00,B3820,2.519,2.4,0.0,36.33,2.519,5812.799999999999,6394.08,0.0
2011-08-03 02:00:00,B3820,2.519,2.4,0.0,36.33,2.519,5812.799999999999,6394.08,0.0
2011-08-03 03:00:00,B3820,2.519,2.4,0.0,36.33,2.519,5812.799999999999,6394.08,0.0
2011-08-03 04:00:00,B3820,2.519,2.4,0.0,36.33,2.519,5812.799999999999,6394.08,0.0
2011-08-03 05:00:00,B3820,0.214,0.0,0.0,36.33,0.214,5812.799999999999,6394.08,0.0
2011-08-03 06:00:00,B3820,0.786,0.0,0.32,36.33,0.42600000000000005,5812.799999999999,6394.08,0.36
2011-08-03 07:00:00,B3820,0.215,0.0,1.53,36.33,-1.4949999999999999,5812.799999999999,6394.08,1.71
2011-08-03 08:00:00,B3820,0.119,0.0,2.18,36.33,-2.141,5812.799999999999,6394.08,2.26
2011-08-03 09:00:00,B3820,0.119,0.0,2.52,36.33,-2.4509999999999996,5812.799999999999,6394.08,2.57
2011-08-03 10:00:00,B3820,0.119,0.0,2.76,36.33,-2.6710000000000003,5812.799999999999,6394.08,2.79
2011-08-03 11:00:00,B3820,0.119,0.0,2.88,36.33,-2.7809999999999997,5812.799999999999,6394.08,2.9
2011-08-03 12:00:00,B3820,0.786,0.0,2.89,36.33,-2.114,5812.799999999999,6394.08,2.9
2011-08-03 13:00:00,B3820,0.214,0.0,2.81,36.33,-2.606,5812.799999999999,6394.08,2.82
2011-08-03 14:00:00,B3820,0.119,0.0,2.62,36.33,-2.5010000000000003,5812.799999999999,6394.08,2.62
2011-08-03 15:00:00,B3820,0.119,0.0,2.29,36.33,-2.1710000000000003,5812.799999999999,6394.08,2.29
2011-08-03 16:00:00,B3820,0.119,0.0,1.84,36.33,-1.721,5812.799999999999,6394.08,1.84
2011-08-03 17:00:00,B3820,0.214,0.0,1.27,36.33,-1.056,5812.799999999999,6394.08,1.27
2011-08-03 18:00:00,B3820,0.786,0.0,0.43,36.33,0.35600000000000004,5812.799999999999,6394.08,0.43
2011-08-03 19:00:00,B3820,0.977,0.0,0.0,36.33,0.977,5812.799999999999,6394.08,0.0
2011-08-03 20:00:00,B3820,0.214,0.0,0.0,36.33,0.214,5812.799999999999,6394.08,0.0
2011-08-03 21:00:00,B3820,0.214,0.0,0.0,36.33,0.214,5812.799999999999,6394.08,0.0
2011-08-03 22:00:00,B3820,0.214,0.0,0.0,36.33,0.214,5812.799999999999,6394.08,0.0
2011-08-03 23:00:00,B3820,0.119,0.0,0.0,36.33,0.119,5812.799999999999,6394.08,0.0
2011-08-04 00:00:00,B3820,2.519,2.4,0.0,36.33,2.519,5812.799999999999,6394.08,0.0
2011-08-04 01:00:00,B3820,2.519,2.4,0.0,36.33,2.519,5812.799999999999,6394.08,0.0
2011-08-04 02:00:00,B3820,2.519,2.4,0.0,36.33,2.519,5812.799999999999,6394.08,0.0
2011-08-04 03:00:00,B3820,2.519,2.4,0.0,36.33,2.519,5812.799999999999,6394.08,0.0
2011-08-04 04:00:00,B3820,2.519,2.4,0.0,36.33,2.519,5812.799999999999,6394.08,0.0
2011-08-04 05:00:00,B3820,0.214,0.0,0.0,36.33,0.214,5812.799999999999,6394.08,0.0
2011-08-04 06:00:00,B3820,0.786,0.0,0.22,36.33,0.526,5812.799999999999,6394.08,0.26
2011-08-04 07:00:00,B3820,0.215,0.0,1.49,36.33,-1.4449999999999998,5812.799999999999,6394.08,1.66
2011-08-04 08:00:00,B3820,0.119,0.0,1.9,36.33,-1.851,5812.799999999999,6394.08,1.97
2011-08-04 09:00:00,B3820,0.119,0.0,2.2,36.33,-2.141,5812.799999999999,6394.08,2.26
2011-08-04 10:00:00,B3820,0.119,0.0,2.42,36.33,-2.351,5812.799999999999,6394.08,2.47
2011-08-04 11:00:00,B3820,0.119,0.0,2.64,36.33,-2.5410000000000004,5812.799999999999,6394.08,2.66
2011-08-04 12:00:00,B3820,0.786,0.0,2.73,36.33,-1.964,5812.799999999999,6394.08,2.75
2011-08-04 13:00:00,B3820,0.214,0.0,2.64,36.33,-2.436,5812.799999999999,6394.08,2.65
2011-08-04 14:00:00,B3820,0.119,0.0,2.45,36.33,-2.341,5812.799999999999,6394.08,2.46
2011-08-04 15:00:00,B3820,0.119,0.0,2.15,36.33,-2.0410000000000004,5812.799999999999,6394.08,2.16
2011-08-04 16:00:00,B3820,0.119,0.0,1.71,36.33,-1.601,5812.799999999999,6394.08,1.72
2011-08-04 17:00:00,B3820,0.214,0.0,1.17,36.33,-0.956,5812.799999999999,6394.08,1.17
2011-08-04 18:00:00,B3820,0.786,0.0,0.4,36.33,0.386,5812.799999999999,6394.08,0.4
2011-08-04 19:00:00,B3820,0.977,0.0,0.0,36.33,0.977,5812.799999999999,6394.08,0.0
2011-08-04 20:00:00,B3820,0.214,0.0,0.0,36.33,0.214,5812.799999999999,6394.08,0.0
2011-08-04 21:00:00,B3820,0.214,0.0,0.0,36.33,0.214,5812.799999999999,6394.08,0.0
2011-08-04 22:00:00,B3820,0.214,0.0,0.0,36.33,0.214,5812.799999999999,6394.08,0.0
2011-08-04 23:00:00,B3820,0.119,0.0,0.0,36.33,0.119,5812.799999999999,6394.08,0.0
2011-08-05 00:00:00,B3820,2.519,2.4,0.0,36.33,2.519,5812.799999999999,6394.08,0.0
2011-08-05 01:00:00,B3820,2.519,2.4,0.0,36.33,2.519,5812.799999999999,6394.08,0.0
2011-08-05 02:00:00,B3820,2.519,2.4,0.0,36.33,2.519,5812.799999999999,6394.08,0.0
2011-08-05 03:00:00,B3820,2.519,2.4,0.0,36.33,2.519,5812.799999999999,6394.08,0.0
2011-08-05 04:00:00,B3820,2.519,2.4,0.0,36.33,2.519,5812.799999999999,6394.08,0.0
2011-08-05 05:00:00,B3820,0.214,0.0,0.0,36.33,0.214,5812.799999999999,6394.08,0.0
2011-08-05 06:00:00,B3820,0.786,0.0,0.24,36.33,0.506,5812.799999999999,6394.08,0.28
2011-08-05 07:00:00,B3820,0.215,0.0,1.59,36.33,-1.575,5812.799999999999,6394.08,1.79
2011-08-05 08:00:00,B3820,0.119,0.0,2.1,36.33,-2.061,5812.799999999999,6394.08,2.18
2011-08-05 09:00:00,B3820,0.119,0.0,2.41,36.33,-2.341,5812.799999999999,6394.08,2.46
2011-08-05 10:00:00,B3820,0.119,0.0,2.63,36.33,-2.5410000000000004,5812.799999999999,6394.08,2.66
2011-08-05 11:00:00,B3820,0.119,0.0,2.78,36.33,-2.6710000000000003,5812.799999999999,6394.08,2.79
2011-08-05 12:00:00,B3820,0.786,0.0,2.79,36.33,-2.014,5812.799999999999,6394.08,2.8
2011-08-05 13:00:00,B3820,0.214,0.0,2.7,36.33,-2.496,5812.799999999999,6394.08,2.71
2011-08-05 14:00:00,B3820,0.119,0.0,2.51,36.33,-2.401,5812.799999999999,6394.08,2.52
2011-08-05 15:00:00,B3820,0.119,0.0,2.19,36.33,-2.0810000000000004,5812.799999999999,6394.08,2.2
2011-08-05 16:00:00,B3820,0.119,0.0,1.76,36.33,-1.651,5812.799999999999,6394.08,1.77
2011-08-05 17:00:00,B3820,0.214,0.0,1.23,36.33,-1.016,5812.799999999999,6394.08,1.23
2011-08-05 18:00:00,B3820,0.786,0.0,0.41,36.33,0.37600000000000006,5812.799999999999,6394.08,0.41
2011-08-05 19:00:00,B3820,0.977,0.0,0.0,36.33,0.977,5812.799999999999,6394.08,0.0
2011-08-05 20:00:00,B3820,0.214,0.0,0.0,36.33,0.214,5812.799999999999,6394.08,0.0
2011-08-05 21:00:00,B3820,0.214,0.0,0.0,36.33,0.214,5812.799999999999,6394.08,0.0
2011-08-05 22:00:00,B3820,0.214,0.0,0.0,36.33,0.214,5812.799999999999,6394.08,0.0
2011-08-05 23:00:00,B3820,0.119,0.0,0.0,36.33,0.119,5812.799999999999,6394.08,0.0
2011-08-06 00:00:00,B3820,0.119,0.0,0.0,36.33,0.119,5812.799999999999,6394.08,0.0
2011-08-06 01:00:00,B3820,0.119,0.0,0.0,36.33,0.119,5812.799999999999,6394.08,0.0
2011-08-06 02:00:00,B3820,0.119,0.0,0.0,36.33,0.119,5812.799999999999,6394.08,0.0
2011-08-06 03:00:00,B3820,0.119,0.0,0.0,36.33,0.119,5812.799999999999,6394.08,0.0
2011-08-06 04:00:00,B3820,0.119,0.0,0.0,36.33,0.119,5812.799999999999,6394.08,0.0
2011-08-06 05:00:00,B3820,0.214,0.0,0.0,36.33,0.214,5812.799999999999,6394.08,0.0
2011-08-06 06:00:00,B3820,0.786,0.0,0.2,36.33,0.546,5812.799999999999,6394.08,0.24
2011-08-06 07:00:00,B3820,0.214,0.0,1.59,36.33,-1.576,5812.799999999999,6394.08,1.79
2011-08-06 08:00:00,B3820,2.519,2.4,2.08,36.33,0.3690000000000002,5812.799999999999,6394.08,2.15
2011-08-06 09:00:00,B3820,2.519,2.4,2.39,36.33,0.07900000000000018,5812.799999999999,6394.08,2.44
2011-08-06 10:00:00,B3820,2.519,2.4,2.58,36.33,-0.10099999999999998,5812.799999999999,6394.08,2.62
2011-08-06 11:00:00,B3820,2.519,2.4,2.73,36.33,-0.22100000000000009,5812.799999999999,6394.08,2.74
2011-08-06 12:00:00,B3820,3.186,2.4,2.72,36.33,0.45599999999999996,5812.799999999999,6394.08,2.73
2011-08-06 13:00:00,B3820,0.214,0.0,2.64,36.33,-2.436,5812.799999999999,6394.08,2.65
2011-08-06 14:00:00,B3820,0.119,0.0,2.45,36.33,-2.341,5812.799999999999,6394.08,2.46
2011-08-06 15:00:00,B3820,0.119,0.0,2.13,36.33,-2.021,5812.799999999999,6394.08,2.14
2011-08-06 16:00:00,B3820,0.119,0.0,1.7,36.33,-1.591,5812.799999999999,6394.08,1.71
2011-08-06 17:00:00,B3820,0.214,0.0,1.19,36.33,-0.976,5812.799999999999,6394.08,1.19
2011-08-06 18:00:00,B3820,0.786,0.0,0.39,36.33,0.396,5812.799999999999,6394.08,0.39
2011-08-06 19:00:00,B3820,0.977,0.0,0.0,36.33,0.977,5812.799999999999,6394.08,0.0
2011-08-06 20:00:00,B3820,0.214,0.0,0.0,36.33,0.214,5812.799999999999,6394.08,0.0
2011-08-06 21:00:00,B3820,0.214,0.0,0.0,36.33,0.214,5812.799999999999,6394.08,0.0
2011-08-06 22:00:00,B3820,0.214,0.0,0.0,36.33,0.214,5812.799999999999,6394.08,0.0
2011-08-06 23:00:00,B3820,0.119,0.0,0.0,36.33,0.119,5812.799999999999,6394.08,0.0
2011-08-07 00:00:00,B3820,0.119,0.0,0.0,36.33,0.119,5812.799999999999,6394.08,0.0
2011-08-07 01:00:00,B3820,0.119,0.0,0.0,36.33,0.119,5812.799999999999,6394.08,0.0
2011-08-07 02:00:00,B3820,0.119,0.0,0.0,36.33,0.119,5812.799999999999,6394.08,0.0
2011-08-07 03:00:00,B3820,0.119,0.0,0.0,36.33,0.119,5812.799999999999,6394.08,0.0
2011-08-07 04:00:00,B3820,0.119,0.0,0.0,36.33,0.119,5812.799999999999,6394.08,0.0
2011-08-07 05:00:00,B3820,0.214,0.0,0.0,36.33,0.214,5812.799999999999,6394.08,0.0
2011-08-07 06:00:00,B3820,0.786,0.0,0.17,36.33,0.5760000000000001,5812.799999999999,6394.08,0.21
2011-08-07 07:00:00,B3820,0.214,0.0,1.6,36.33,-1.596,5812.799999999999,6394.08,1.81
2011-08-07 08:00:00,B3820,2.519,2.4,2.03,36.33,0.41900000000000004,5812.799999999999,6394.08,2.1
2011-08-07 09:00:00,B3820,2.519,2.4,2.33,36.33,0.13900000000000023,5812.799999999999,6394.08,2.38
2011-08-07 10:00:00,B3820,2.519,2.4,2.55,36.33,-0.06099999999999994,5812.799999999999,6394.08,2.58
2011-08-07 11:00:00,B3820,2.519,2.4,2.68,36.33,-0.18100000000000005,5812.799999999999,6394.08,2.7
2011-08-07 12:00:00,B3820,3.186,2.4,2.68,36.33,0.48599999999999977,5812.799999999999,6394.08,2.7
2011-08-07 13:00:00,B3820,0.214,0.0,2.61,36.33,-2.406,5812.799999999999,6394.08,2.62
2011-08-07 14:00:00,B3820,0.119,0.0,2.41,36.33,-2.301,5812.799999999999,6394.08,2.42
2011-08-07 15:00:00,B3820,0.119,0.0,2.12,36.33,-2.011,5812.799999999999,6394.08,2.13
2011-08-07 16:00:00,B3820,0.119,0.0,1.7,36.33,-1.591,5812.799999999999,6394.08,1.71
2011-08-07 17:00:00,B3820,0.214,0.0,1.15,36.33,-0.9359999999999999,5812.799999999999,6394.08,1.15
2011-08-07 18:00:00,B3820,0.786,0.0,0.37,36.33,0.41600000000000004,5812.799999999999,6394.08,0.37
2011-08-07 19:00:00,B3820,0.977,0.0,0.0,36.33,0.977,5812.799999999999,6394.08,0.0
2011-08-07 20:00:00,B3820,0.214,0.0,0.0,36.33,0.214,5812.799999999999,6394.08,0.0
2011-08-07 21:00:00,B3820,0.214,0.0,0.0,36.33,0.214,5812.799999999999,6394.08,0.0
2011-08-07 22:00:00,B3820,0.214,0.0,0.0,36.33,0.214,5812.799999999999,6394.08,0.0
2011-08-07 23:00:00,B3820,0.119,0.0,0.0,36.33,0.119,5812.799999999999,6394.08,0.0
2011-08-08 00:00:00,B3820,2.519,2.4,0.0,36.33,2.519,5812.799999999999,6394.08,0.0
2011-08-08 01:00:00,B3820,2.519,2.4,0.0,36.33,2.519,5812.799999999999,6394.08,0.0
2011-08-08 02:00:00,B3820,2.519,2.4,0.0,36.33,2.519,5812.799999999999,6394.08,0.0
2011-08-08 03:00:00,B3820,2.519,2.4,0.0,36.33,2.519,5812.799999999999,6394.08,0.0
2011-08-08 04:00:00,B3820,2.519,2.4,0.0,36.33,2.519,5812.799999999999,6394.08,0.0
2011-08-08 05:00:00,B3820,0.214,0.0,0.0,36.33,0.214,5812.799999999999,6394.08,0.0
2011-08-08 06:00:00,B3820,0.786,0.0,0.21,36.33,0.546,5812.799999999999,6394.08,0.24
2011-08-08 07:00:00,B3820,0.215,0.0,1.4,36.33,-1.355,5812.799999999999,6394.08,1.57
2011-08-08 08:00:00,B3820,0.119,0.0,1.85,36.33,-1.811,5812.799999999999,6394.08,1.93
2011-08-08 09:00:00,B3820,0.119,0.0,2.21,36.33,-2.141,5812.799999999999,6394.08,2.26
2011-08-08 10:00:00,B3820,0.119,0.0,2.49,36.33,-2.4109999999999996,5812.799999999999,6394.08,2.53
2011-08-08 11:00:00,B3820,0.119,0.0,2.67,36.33,-2.5709999999999997,5812.799999999999,6394.08,2.69
2011-08-08 12:00:00,B3820,0.786,0.0,2.69,36.33,-1.9140000000000001,5812.799999999999,6394.08,2.7
2011-08-08 13:00:00,B3820,0.214,0.0,2.61,36.33,-2.396,5812.799999999999,6394.08,2.61
2011-08-08 14:00:00,B3820,0.119,0.0,2.43,36.33,-2.311,5812.799999999999,6394.08,2.43
2011-08-08 15:00:00,B3820,0.119,0.0,2.08,36.33,-1.9709999999999999,5812.799999999999,6394.08,2.09
2011-08-08 16:00:00,B3820,0.119,0.0,1.67,36.33,-1.551,5812.799999999999,6394.08,1.67
2011-08-08 17:00:00,B3820,0.214,0.0,1.16,36.33,-0.946,5812.799999999999,6394.08,1.16
2011-08-08 18:00:00,B3820,0.786,0.0,0.37,36.33,0.41600000000000004,5812.799999999999,6394.08,0.37
2011-08-08 19:00:00,B3820,0.977,0.0,0.0,36.33,0.977,5812.799999999999,6394.08,0.0
2011-08-08 20:00:00,B3820,0.214,0.0,0.0,36.33,0.214,5812.799999999999,6394.08,0.0
2011-08-08 21:00:00,B3820,0.214,0.0,0.0,36.33,0.214,5812.799999999999,6394.08,0.0
2011-08-08 22:00:00,B3820,0.214,0.0,0.0,36.33,0.214,5812.799999999999,6394.08,0.0
2011-08-08 23:00:00,B3820,0.119,0.0,0.0,36.33,0.119,5812.799999999999,6394.08,0.0
2011-08-09 00:00:00,B3820,2.519,2.4,0.0,36.33,2.519,5812.799999999999,6394.08,0.0
2011-08-09 01:00:00,B3820,2.519,2.4,0.0,36.33,2.519,5812.799999999999,6394.08,0.0
2011-08-09 02:00:00,B3820,2.519,2.4,0.0,36.33,2.519,5812.799999999999,6394.08,0.0
2011-08-09 03:00:00,B3820,2.519,2.4,0.0,36.33,2.519,5812.799999999999,6394.08,0.0
2011-08-09 04:00:00,B3820,2.519,2.4,0.0,36.33,2.519,5812.799999999999,6394.08,0.0
2011-08-09 05:00:00,B3820,0.214,0.0,0.0,36.33,0.214,5812.799999999999,6394.08,0.0
2011-08-09 06:00:00,B3820,0.786,0.0,0.21,36.33,0.546,5812.799999999999,6394.08,0.24
2011-08-09 07:00:00,B3820,0.215,0.0,1.51,36.33,-1.4849999999999999,5812.799999999999,6394.08,1.7
2011-08-09 08:00:00,B3820,0.119,0.0,1.98,36.33,-1.9309999999999998,5812.799999999999,6394.08,2.05
2011-08-09 09:00:00,B3820,0.119,0.0,2.31,36.33,-2.2409999999999997,5812.799999999999,6394.08,2.36
2011-08-09 10:00:00,B3820,0.119,0.0,2.56,36.33,-2.481,5812.799999999999,6394.08,2.6
2011-08-09 11:00:00,B3820,0.119,0.0,2.71,36.33,-2.6109999999999998,5812.799999999999,6394.08,2.73
2011-08-09 12:00:00,B3820,0.786,0.0,2.72,36.33,-1.944,5812.799999999999,6394.08,2.73
2011-08-09 13:00:00,B3820,0.214,0.0,2.63,36.33,-2.426,5812.799999999999,6394.08,2.64
2011-08-09 14:00:00,B3820,0.119,0.0,2.44,36.33,-2.3310000000000004,5812.799999999999,6394.08,2.45
2011-08-09 15:00:00,B3820,0.119,0.0,2.13,36.33,-2.021,5812.799999999999,6394.08,2.14
2011-08-09 16:00:00,B3820,0.119,0.0,1.7,36.33,-1.591,5812.799999999999,6394.08,1.71
2011-08-09 17:00:00,B3820,0.214,0.0,1.14,36.33,-0.9259999999999999,5812.799999999999,6394.08,1.14
2011-08-09 18:00:00,B3820,0.786,0.0,0.36,36.33,0.42600000000000005,5812.799999999999,6394.08,0.36
2011-08-09 19:00:00,B3820,0.977,0.0,0.0,36.33,0.977,5812.799999999999,6394.08,0.0
2011-08-09 20:00:00,B3820,0.214,0.0,0.0,36.33,0.214,5812.799999999999,6394.08,0.0
2011-08-09 21:00:00,B3820,0.214,0.0,0.0,36.33,0.214,5812.799999999999,6394.08,0.0
2011-08-09 22:00:00,B3820,0.214,0.0,0.0,36.33,0.214,5812.799999999999,6394.08,0.0
2011-08-09 23:00:00,B3820,0.119,0.0,0.0,36.33,0.119,5812.799999999999,6394.08,0.0
2011-08-10 00:00:00,B3820,2.519,2.4,0.0,36.33,2.519,5812.799999999999,6394.08,0.0
2011-08-10 01:00:00,B3820,2.519,2.4,0.0,36.33,2.519,5812.799999999999,6394.08,0.0
2011-08-10 02:00:00,B3820,2.519,2.4,0.0,36.33,2.519,5812.799999999999,6394.08,0.0
2011-08-10 03:00:00,B3820,2.519,2.4,0.0,36.33,2.519,5812.799999999999,6394.08,0.0
2011-08-10 04:00:00,B3820,2.519,2.4,0.0,36.33,2.519,5812.799999999999,6394.08,0.0
2011-08-10 05:00:00,B3820,0.214,0.0,0.0,36.33,0.214,5812.799999999999,6394.08,0.0
2011-08-10 06:00:00,B3820,0.786,0.0,0.31,36.33,0.446,5812.799999999999,6394.08,0.34
2011-08-10 07:00:00,B3820,0.215,0.0,1.27,36.33,-1.1849999999999998,5812.799999999999,6394.08,1.4
2011-08-10 08:00:00,B3820,0.119,0.0,1.86,36.33,-1.821,5812.799999999999,6394.08,1.94
2011-08-10 09:00:00,B3820,0.119,0.0,2.3,36.33,-2.231,5812.799999999999,6394.08,2.35
2011-08-10 10:00:00,B3820,0.119,0.0,2.55,36.33,-2.471,5812.799999999999,6394.08,2.59
2011-08-10 11:00:00,B3820,0.119,0.0,2.7,36.33,-2.601,5812.799999999999,6394.08,2.72
2011-08-10 12:00:00,B3820,0.786,0.0,2.72,36.33,-1.944,5812.799999999999,6394.08,2.73
2011-08-10 13:00:00,B3820,0.214,0.0,2.64,36.33,-2.436,5812.799999999999,6394.08,2.65
2011-08-10 14:00:00,B3820,0.119,0.0,2.45,36.33,-2.3310000000000004,5812.799999999999,6394.08,2.45
2011-08-10 15:00:00,B3820,0.119,0.0,2.13,36.33,-2.011,5812.799999999999,6394.08,2.13
2011-08-10 16:00:00,B3820,0.119,0.0,1.67,36.33,-1.561,5812.799999999999,6394.08,1.68
2011-08-10 17:00:00,B3820,0.214,0.0,1.11,36.33,-0.8960000000000001,5812.799999999999,6394.08,1.11
2011-08-10 18:00:00,B3820,0.786,0.0,0.35,36.33,0.43600000000000005,5812.799999999999,6394.08,0.35
2011-08-10 19:00:00,B3820,0.977,0.0,0.0,36.33,0.977,5812.799999999999,6394.08,0.0
2011-08-10 20:00:00,B3820,0.214,0.0,0.0,36.33,0.214,5812.799999999999,6394.08,0.0
2011-08-10 21:00:00,B3820,0.214,0.0,0.0,36.33,0.214,5812.799999999999,6394.08,0.0
2011-08-10 22:00:00,B3820,0.214,0.0,0.0,36.33,0.214,5812.799999999999,6394.08,0.0
2011-08-10 23:00:00,B3820,0.119,0.0,0.0,36.33,0.119,5812.799999999999,6394.08,0.0
2011-08-11 00:00:00,B3820,2.519,2.4,0.0,36.33,2.519,5812.799999999999,6394.08,0.0
2011-08-11 01:00:00,B3820,2.519,2.4,0.0,36.33,2.519,5812.799999999999,6394.08,0.0
2011-08-11 02:00:00,B3820,2.519,2.4,0.0,36.33,2.519,5812.799999999999,6394.08,0.0
2011-08-11 03:00:00,B3820,2.519,2.4,0.0,36.33,2.519,5812.799999999999,6394.08,0.0
2011-08-11 04:00:00,B3820,2.519,2.4,0.0,36.33,2.519,5812.799999999999,6394.08,0.0
2011-08-11 05:00:00,B3820,0.214,0.0,0.0,36.33,0.214,5812.799999999999,6394.08,0.0
2011-08-11 06:00:00,B3820,0.786,0.0,0.26,36.33,0.49600000000000005,5812.799999999999,6394.08,0.29
2011-08-11 07:00:00,B3820,0.215,0.0,1.17,36.33,-1.075,5812.799999999999,6394.08,1.29
2011-08-11 08:00:00,B3820,0.119,0.0,1.75,36.33,-1.701,5812.799999999999,6394.08,1.82
2011-08-11 09:00:00,B3820,0.119,0.0,2.24,36.33,-2.1710000000000003,5812.799999999999,6394.08,2.29
2011-08-11 10:00:00,B3820,0.119,0.0,2.5,36.33,-2.4210000000000003,5812.799999999999,6394.08,2.54
2011-08-11 11:00:00,B3820,0.119,0.0,2.67,36.33,-2.5709999999999997,5812.799999999999,6394.08,2.69
2011-08-11 12:00:00,B3820,0.786,0.0,2.68,36.33,-1.9140000000000001,5812.799999999999,6394.08,2.7
2011-08-11 13:00:00,B3820,0.214,0.0,2.56,36.33,-2.356,5812.799999999999,6394.08,2.57
2011-08-11 14:00:00,B3820,0.119,0.0,2.33,36.33,-2.221,5812.799999999999,6394.08,2.34
2011-08-11 15:00:00,B3820,0.119,0.0,2.06,36.33,-1.9509999999999998,5812.799999999999,6394.08,2.07
2011-08-11 16:00:00,B3820,0.119,0.0,1.63,36.33,-1.511,5812.799999999999,6394.08,1.63
2011-08-11 17:00:00,B3820,0.214,0.0,1.05,36.33,-0.8360000000000001,5812.799999999999,6394.08,1.05
2011-08-11 18:00:00,B3820,0.786,0.0,0.33,36.33,0.456,5812.799999999999,6394.08,0.33
2011-08-11 19:00:00,B3820,0.977,0.0,0.0,36.33,0.977,5812.799999999999,6394.08,0.0
2011-08-11 20:00:00,B3820,0.214,0.0,0.0,36.33,0.214,5812.799999999999,6394.08,0.0
2011-08-11 21:00:00,B3820,0.214,0.0,0.0,36.33,0.214,5812.799999999999,6394.08,0.0
2011-08-11 22:00:00,B3820,0.214,0.0,0.0,36.33,0.214,5812.799999999999,6394.08,0.0
2011-08-11 23:00:00,B3820,0.119,0.0,0.0,36.33,0.119,5812.799999999999,6394.08,0.0
2011-08-12 00:00:00,B3820,2.519,2.4,0.0,36.33,2.519,5812.799999999999,6394.08,0.0
2011-08-12 01:00:00,B3820,2.519,2.4,0.0,36.33,2.519,5812.799999999999,6394.08,0.0
2011-08-12 02:00:00,B3820,2.519,2.4,0.0,36.33,2.519,5812.799999999999,6394.08,0.0
2011-08-12 03:00:00,B3820,2.519,2.4,0.0,36.33,2.519,5812.799999999999,6394.08,0.0
2011-08-12 04:00:00,B3820,2.519,2.4,0.0,36.33,2.519,5812.799999999999,6394.08,0.0
2011-08-12 05:00:00,B3820,0.214,0.0,0.0,36.33,0.214,5812.799999999999,6394.08,0.0
2011-08-12 06:00:00,B3820,0.786,0.0,0.28,36.33,0.48600000000000004,5812.799999999999,6394.08,0.3
2011-08-12 07:00:00,B3820,0.215,0.0,0.61,36.33,-0.41500000000000004,5812.799999999999,6394.08,0.63
2011-08-12 08:00:00,B3820,0.119,0.0,1.03,36.33,-0.9710000000000001,5812.799999999999,6394.08,1.09
2011-08-12 09:00:00,B3820,0.119,0.0,1.38,36.33,-1.321,5812.799999999999,6394.08,1.44
2011-08-12 10:00:00,B3820,0.119,0.0,1.53,36.33,-1.461,5812.799999999999,6394.08,1.58
2011-08-12 11:00:00,B3820,0.119,0.0,1.96,36.33,-1.881,5812.799999999999,6394.08,2.0
2011-08-12 12:00:00,B3820,0.786,0.0,2.29,36.33,-1.524,5812.799999999999,6394.08,2.31
2011-08-12 13:00:00,B3820,0.214,0.0,2.02,36.33,-1.826,5812.799999999999,6394.08,2.04
2011-08-12 14:00:00,B3820,0.119,0.0,1.7,36.33,-1.601,5812.799999999999,6394.08,1.72
2011-08-12 15:00:00,B3820,0.119,0.0,1.44,36.33,-1.341,5812.799999999999,6394.08,1.46
2011-08-12 16:00:00,B3820,0.119,0.0,1.14,36.33,-1.031,5812.799999999999,6394.08,1.15
2011-08-12 17:00:00,B3820,0.214,0.0,0.65,36.33,-0.43600000000000005,5812.799999999999,6394.08,0.65
2011-08-12 18:00:00,B3820,0.786,0.0,0.0,36.33,0.786,5812.799999999999,6394.08,0.0
2011-08-12 19:00:00,B3820,0.977,0.0,0.0,36.33,0.977,5812.799999999999,6394.08,0.0
2011-08-12 20:00:00,B3820,0.214,0.0,0.0,36.33,0.214,5812.799999999999,6394.08,0.0
2011-08-12 21:00:00,B3820,0.214,0.0,0.0,36.33,0.214,5812.799999999999,6394.08,0.0
2011-08-12 22:00:00,B3820,0.214,0.0,0.0,36.33,0.214,5812.799999999999,6394.08,0.0
2011-08-12 23:00:00,B3820,0.119,0.0,0.0,36.33,0.119,5812.799999999999,6394.08,0.0
2011-08-13 00:00:00,B3820,0.119,0.0,0.0,36.33,0.119,5812.799999999999,6394.08,0.0
2011-08-13 01:00:00,B3820,0.119,0.0,0.0,36.33,0.119,5812.799999999999,6394.08,0.0
2011-08-13 02:00:00,B3820,0.119,0.0,0.0,36.33,0.119,5812.799999999999,6394.08,0.0
2011-08-13 03:00:00,B3820,0.119,0.0,0.0,36.33,0.119,5812.799999999999,6394.08,0.0
2011-08-13 04:00:00,B3820,0.119,0.0,0.0,36.33,0.119,5812.799999999999,6394.08,0.0
2011-08-13 05:00:00,B3820,0.214,0.0,0.0,36.33,0.214,5812.799999999999,6394.08,0.0
2011-08-13 06:00:00,B3820,0.786,0.0,0.0,36.33,0.786,5812.799999999999,6394.08,0.0
2011-08-13 07:00:00,B3820,0.214,0.0,0.45,36.33,-0.256,5812.799999999999,6394.08,0.47
2011-08-13 08:00:00,B3820,2.519,2.4,0.83,36.33,1.6390000000000002,5812.799999999999,6394.08,0.88
2011-08-13 09:00:00,B3820,2.519,2.4,1.22,36.33,1.249,5812.799999999999,6394.08,1.27
2011-08-13 10:00:00,B3820,2.519,2.4,1.48,36.33,0.9890000000000001,5812.799999999999,6394.08,1.53
2011-08-13 11:00:00,B3820,2.519,2.4,1.8,36.33,0.6890000000000001,5812.799999999999,6394.08,1.83
2011-08-13 12:00:00,B3820,3.186,2.4,1.97,36.33,1.196,5812.799999999999,6394.08,1.99
2011-08-13 13:00:00,B3820,0.214,0.0,1.88,36.33,-1.696,5812.799999999999,6394.08,1.91
2011-08-13 14:00:00,B3820,0.119,0.0,1.81,36.33,-1.711,5812.799999999999,6394.08,1.83
2011-08-13 15:00:00,B3820,0.119,0.0,1.66,36.33,-1.551,5812.799999999999,6394.08,1.67
2011-08-13 16:00:00,B3820,0.119,0.0,1.36,36.33,-1.2510000000000001,5812.799999999999,6394.08,1.37
2011-08-13 17:00:00,B3820,0.214,0.0,0.93,36.33,-0.7160000000000001,5812.799999999999,6394.08,0.93
2011-08-13 18:00:00,B3820,0.786,0.0,0.3,36.33,0.48600000000000004,5812.799999999999,6394.08,0.3
2011-08-13 19:00:00,B3820,0.977,0.0,0.0,36.33,0.977,5812.799999999999,6394.08,0.0
2011-08-13 20:00:00,B3820,0.214,0.0,0.0,36.33,0.214,5812.799999999999,6394.08,0.0
2011-08-13 21:00:00,B3820,0.214,0.0,0.0,36.33,0.214,5812.799999999999,6394.08,0.0
2011-08-13 22:00:00,B3820,0.214,0.0,0.0,36.33,0.214,5812.799999999999,6394.08,0.0
2011-08-13 23:00:00,B3820,0.119,0.0,0.0,36.33,0.119,5812.799999999999,6394.08,0.0
2011-08-14 00:00:00,B3820,0.119,0.0,0.0,36.33,0.119,5812.799999999999,6394.08,0.0
2011-08-14 01:00:00,B3820,0.119,0.0,0.0,36.33,0.119,5812.799999999999,6394.08,0.0
2011-08-14 02:00:00,B3820,0.119,0.0,0.0,36.33,0.119,5812.799999999999,6394.08,0.0
2011-08-14 03:00:00,B3820,0.119,0.0,0.0,36.33,0.119,5812.799999999999,6394.08,0.0
2011-08-14 04:00:00,B3820,0.119,0.0,0.0,36.33,0.119,5812.799999999999,6394.08,0.0
2011-08-14 05:00:00,B3820,0.214,0.0,0.0,36.33,0.214,5812.799999999999,6394.08,0.0
2011-08-14 06:00:00,B3820,0.786,0.0,0.17,36.33,0.5960000000000001,5812.799999999999,6394.08,0.19
2011-08-14 07:00:00,B3820,0.214,0.0,1.44,36.33,-1.416,5812.799999999999,6394.08,1.63
2011-08-14 08:00:00,B3820,2.519,2.4,1.91,36.33,0.5390000000000001,5812.799999999999,6394.08,1.98
2011-08-14 09:00:00,B3820,2.519,2.4,2.21,36.33,0.25900000000000034,5812.799999999999,6394.08,2.26
2011-08-14 10:00:00,B3820,2.519,2.4,2.45,36.33,0.039000000000000146,5812.799999999999,6394.08,2.48
2011-08-14 11:00:00,B3820,2.519,2.4,2.6,36.33,-0.10099999999999998,5812.799999999999,6394.08,2.62
2011-08-14 12:00:00,B3820,3.186,2.4,2.62,36.33,0.556,5812.799999999999,6394.08,2.63
2011-08-14 13:00:00,B3820,0.214,0.0,2.53,36.33,-2.326,5812.799999999999,6394.08,2.54
2011-08-14 14:00:00,B3820,0.119,0.0,2.36,36.33,-2.2409999999999997,5812.799999999999,6394.08,2.36
2011-08-14 15:00:00,B3820,0.119,0.0,2.04,36.33,-1.9309999999999998,5812.799999999999,6394.08,2.05
2011-08-14 16:00:00,B3820,0.119,0.0,1.61,36.33,-1.491,5812.799999999999,6394.08,1.61
2011-08-14 17:00:00,B3820,0.214,0.0,1.06,36.33,-0.8460000000000001,5812.799999999999,6394.08,1.06
2011-08-14 18:00:00,B3820,0.786,0.0,0.32,36.33,0.466,5812.799999999999,6394.08,0.32
2011-08-14 19:00:00,B3820,0.977,0.0,0.0,36.33,0.977,5812.799999999999,6394.08,0.0
2011-08-14 20:00:00,B3820,0.214,0.0,0.0,36.33,0.214,5812.799999999999,6394.08,0.0
2011-08-14 21:00:00,B3820,0.214,0.0,0.0,36.33,0.214,5812.799999999999,6394.08,0.0
2011-08-14 22:00:00,B3820,0.214,0.0,0.0,36.33,0.214,5812.799999999999,6394.08,0.0
2011-08-14 23:00:00,B3820,0.119,0.0,0.0,36.33,0.119,5812.799999999999,6394.08,0.0
2011-08-15 00:00:00,B3820,2.519,2.4,0.0,36.33,2.519,5812.799999999999,6394.08,0.0
2011-08-15 01:00:00,B3820,2.519,2.4,0.0,36.33,2.519,5812.799999999999,6394.08,0.0
2011-08-15 02:00:00,B3820,2.519,2.4,0.0,36.33,2.519,5812.799999999999,6394.08,0.0
2011-08-15 03:00:00,B3820,2.519,2.4,0.0,36.33,2.519,5812.799999999999,6394.08,0.0
2011-08-15 04:00:00,B3820,2.519,2.4,0.0,36.33,2.519,5812.799999999999,6394.08,0.0
2011-08-15 05:00:00,B3820,0.214,0.0,0.0,36.33,0.214,5812.799999999999,6394.08,0.0
2011-08-15 06:00:00,B3820,0.786,0.0,0.0,36.33,0.786,5812.799999999999,6394.08,0.0
2011-08-15 07:00:00,B3820,0.215,0.0,1.34,36.33,-1.285,5812.799999999999,6394.08,1.5
2011-08-15 08:00:00,B3820,0.119,0.0,1.87,36.33,-1.811,5812.799999999999,6394.08,1.93
2011-08-15 09:00:00,B3820,0.119,0.0,2.18,36.33,-2.1109999999999998,5812.799999999999,6394.08,2.23
2011-08-15 10:00:00,B3820,0.119,0.0,2.42,36.33,-2.341,5812.799999999999,6394.08,2.46
2011-08-15 11:00:00,B3820,0.119,0.0,2.6,36.33,-2.5010000000000003,5812.799999999999,6394.08,2.62
2011-08-15 12:00:00,B3820,0.786,0.0,2.61,36.33,-1.834,5812.799999999999,6394.08,2.62
2011-08-15 13:00:00,B3820,0.214,0.0,2.53,36.33,-2.326,5812.799999999999,6394.08,2.54
2011-08-15 14:00:00,B3820,0.119,0.0,2.34,36.33,-2.231,5812.799999999999,6394.08,2.35
2011-08-15 15:00:00,B3820,0.119,0.0,2.03,36.33,-1.9109999999999998,5812.799999999999,6394.08,2.03
2011-08-15 16:00:00,B3820,0.119,0.0,1.6,36.33,-1.481,5812.799999999999,6394.08,1.6
2011-08-15 17:00:00,B3820,0.214,0.0,1.05,36.33,-0.8360000000000001,5812.799999999999,6394.08,1.05
2011-08-15 18:00:00,B3820,0.786,0.0,0.3,36.33,0.48600000000000004,5812.799999999999,6394.08,0.3
2011-08-15 19:00:00,B3820,0.977,0.0,0.0,36.33,0.977,5812.799999999999,6394.08,0.0
2011-08-15 20:00:00,B3820,0.214,0.0,0.0,36.33,0.214,5812.799999999999,6394.08,0.0
2011-08-15 21:00:00,B3820,0.214,0.0,0.0,36.33,0.214,5812.799999999999,6394.08,0.0
2011-08-15 22:00:00,B3820,0.214,0.0,0.0,36.33,0.214,5812.799999999999,6394.08,0.0
2011-08-15 23:00:00,B3820,0.119,0.0,0.0,36.33,0.119,5812.799999999999,6394.08,0.0
2011-08-16 00:00:00,B3820,2.519,2.4,0.0,36.33,2.519,5812.799999999999,6394.08,0.0
2011-08-16 01:00:00,B3820,2.519,2.4,0.0,36.33,2.519,5812.799999999999,6394.08,0.0
2011-08-16 02:00:00,B3820,2.519,2.4,0.0,36.33,2.519,5812.799999999999,6394.08,0.0
2011-08-16 03:00:00,B3820,2.519,2.4,0.0,36.33,2.519,5812.799999999999,6394.08,0.0
2011-08-16 04:00:00,B3820,2.519,2.4,0.0,36.33,2.519,5812.799999999999,6394.08,0.0
2011-08-16 05:00:00,B3820,0.214,0.0,0.0,36.33,0.214,5812.799999999999,6394.08,0.0
2011-08-16 06:00:00,B3820,0.786,0.0,0.0,36.33,0.786,5812.799999999999,6394.08,0.0
2011-08-16 07:00:00,B3820,0.215,0.0,1.39,36.33,-1.355,5812.799999999999,6394.08,1.57
2011-08-16 08:00:00,B3820,0.119,0.0,1.78,36.33,-1.721,5812.799999999999,6394.08,1.84
2011-08-16 09:00:00,B3820,0.119,0.0,2.05,36.33,-1.981,5812.799999999999,6394.08,2.1
2011-08-16 10:00:00,B3820,0.119,0.0,2.32,36.33,-2.2409999999999997,5812.799999999999,6394.08,2.36
2011-08-16 11:00:00,B3820,0.119,0.0,2.5,36.33,-2.401,5812.799999999999,6394.08,2.52
2011-08-16 12:00:00,B3820,0.786,0.0,2.55,36.33,-1.774,5812.799999999999,6394.08,2.56
2011-08-16 13:00:00,B3820,0.214,0.0,2.51,36.33,-2.306,5812.799999999999,6394.08,2.52
2011-08-16 14:00:00,B3820,0.119,0.0,2.31,36.33,-2.2009999999999996,5812.799999999999,6394.08,2.32
2011-08-16 15:00:00,B3820,0.119,0.0,2.0,36.33,-1.881,5812.799999999999,6394.08,2.0
2011-08-16 16:00:00,B3820,0.119,0.0,1.56,36.33,-1.441,5812.799999999999,6394.08,1.56
2011-08-16 17:00:00,B3820,0.214,0.0,1.01,36.33,-0.796,5812.799999999999,6394.08,1.01
2011-08-16 18:00:00,B3820,0.786,0.0,0.29,36.33,0.49600000000000005,5812.799999999999,6394.08,0.29
2011-08-16 19:00:00,B3820,0.977,0.0,0.0,36.33,0.977,5812.799999999999,6394.08,0.0
2011-08-16 20:00:00,B3820,0.214,0.0,0.0,36.33,0.214,5812.799999999999,6394.08,0.0
2011-08-16 21:00:00,B3820,0.214,0.0,0.0,36.33,0.214,5812.799999999999,6394.08,0.0
2011-08-16 22:00:00,B3820,0.214,0.0,0.0,36.33,0.214,5812.799999999999,6394.08,0.0
2011-08-16 23:00:00,B3820,0.119,0.0,0.0,36.33,0.119,5812.799999999999,6394.08,0.0
2011-08-17 00:00:00,B3820,2.519,2.4,0.0,36.33,2.519,5812.799999999999,6394.08,0.0
2011-08-17 01:00:00,B3820,2.519,2.4,0.0,36.33,2.519,5812.799999999999,6394.08,0.0
2011-08-17 02:00:00,B3820,2.519,2.4,0.0,36.33,2.519,5812.799999999999,6394.08,0.0
2011-08-17 03:00:00,B3820,2.519,2.4,0.0,36.33,2.519,5812.799999999999,6394.08,0.0
2011-08-17 04:00:00,B3820,2.519,2.4,0.0,36.33,2.519,5812.799999999999,6394.08,0.0
2011-08-17 05:00:00,B3820,0.214,0.0,0.0,36.33,0.214,5812.799999999999,6394.08,0.0
2011-08-17 06:00:00,B3820,0.786,0.0,0.0,36.33,0.786,5812.799999999999,6394.08,0.0
2011-08-17 07:00:00,B3820,0.215,0.0,1.3,36.33,-1.2449999999999999,5812.799999999999,6394.08,1.46
2011-08-17 08:00:00,B3820,0.119,0.0,1.68,36.33,-1.631,5812.799999999999,6394.08,1.75
2011-08-17 09:00:00,B3820,0.119,0.0,2.04,36.33,-1.9709999999999999,5812.799999999999,6394.08,2.09
2011-08-17 10:00:00,B3820,0.119,0.0,2.32,36.33,-2.231,5812.799999999999,6394.08,2.35
2011-08-17 11:00:00,B3820,0.119,0.0,2.5,36.33,-2.391,5812.799999999999,6394.08,2.51
2011-08-17 12:00:00,B3820,0.786,0.0,2.53,36.33,-1.754,5812.799999999999,6394.08,2.54
2011-08-17 13:00:00,B3820,0.214,0.0,2.45,36.33,-2.236,5812.799999999999,6394.08,2.45
2011-08-17 14:00:00,B3820,0.119,0.0,2.26,36.33,-2.141,5812.799999999999,6394.08,2.26
2011-08-17 15:00:00,B3820,0.119,0.0,1.92,36.33,-1.811,5812.799999999999,6394.08,1.93
2011-08-17 16:00:00,B3820,0.119,0.0,1.49,36.33,-1.381,5812.799999999999,6394.08,1.5
2011-08-17 17:00:00,B3820,0.214,0.0,0.95,36.33,-0.736,5812.799999999999,6394.08,0.95
2011-08-17 18:00:00,B3820,0.786,0.0,0.26,36.33,0.526,5812.799999999999,6394.08,0.26
2011-08-17 19:00:00,B3820,0.977,0.0,0.0,36.33,0.977,5812.799999999999,6394.08,0.0
2011-08-17 20:00:00,B3820,0.214,0.0,0.0,36.33,0.214,5812.799999999999,6394.08,0.0
2011-08-17 21:00:00,B3820,0.214,0.0,0.0,36.33,0.214,5812.799999999999,6394.08,0.0
2011-08-17 22:00:00,B3820,0.214,0.0,0.0,36.33,0.214,5812.799999999999,6394.08,0.0
2011-08-17 23:00:00,B3820,0.119,0.0,0.0,36.33,0.119,5812.799999999999,6394.08,0.0
2011-08-18 00:00:00,B3820,2.519,2.4,0.0,36.33,2.519,5812.799999999999,6394.08,0.0
2011-08-18 01:00:00,B3820,2.519,2.4,0.0,36.33,2.519,5812.799999999999,6394.08,0.0
2011-08-18 02:00:00,B3820,2.519,2.4,0.0,36.33,2.519,5812.799999999999,6394.08,0.0
2011-08-18 03:00:00,B3820,2.519,2.4,0.0,36.33,2.519,5812.799999999999,6394.08,0.0
2011-08-18 04:00:00,B3820,2.519,2.4,0.0,36.33,2.519,5812.799999999999,6394.08,0.0
2011-08-18 05:00:00,B3820,0.214,0.0,0.0,36.33,0.214,5812.799999999999,6394.08,0.0
2011-08-18 06:00:00,B3820,0.786,0.0,0.0,36.33,0.786,5812.799999999999,6394.08,0.0
2011-08-18 07:00:00,B3820,0.215,0.0,0.97,36.33,-0.8550000000000001,5812.799999999999,6394.08,1.07
2011-08-18 08:00:00,B3820,0.119,0.0,1.47,36.33,-1.421,5812.799999999999,6394.08,1.54
2011-08-18 09:00:00,B3820,0.119,0.0,1.85,36.33,-1.791,5812.799999999999,6394.08,1.91
2011-08-18 10:00:00,B3820,0.119,0.0,2.08,36.33,-2.0010000000000003,5812.799999999999,6394.08,2.12
2011-08-18 11:00:00,B3820,0.119,0.0,2.12,36.33,-2.0309999999999997,5812.799999999999,6394.08,2.15
2011-08-18 12:00:00,B3820,0.786,0.0,2.19,36.33,-1.4340000000000002,5812.799999999999,6394.08,2.22
2011-08-18 13:00:00,B3820,0.214,0.0,2.23,36.33,-2.0260000000000002,5812.799999999999,6394.08,2.24
2011-08-18 14:00:00,B3820,0.119,0.0,1.99,36.33,-1.881,5812.799999999999,6394.08,2.0
2011-08-18 15:00:00,B3820,0.119,0.0,1.71,36.33,-1.601,5812.799999999999,6394.08,1.72
2011-08-18 16:00:00,B3820,0.119,0.0,1.34,36.33,-1.221,5812.799999999999,6394.08,1.34
2011-08-18 17:00:00,B3820,0.214,0.0,0.87,36.33,-0.656,5812.799999999999,6394.08,0.87
2011-08-18 18:00:00,B3820,0.786,0.0,0.24,36.33,0.546,5812.799999999999,6394.08,0.24
2011-08-18 19:00:00,B3820,0.977,0.0,0.0,36.33,0.977,5812.799999999999,6394.08,0.0
2011-08-18 20:00:00,B3820,0.214,0.0,0.0,36.33,0.214,5812.799999999999,6394.08,0.0
2011-08-18 21:00:00,B3820,0.214,0.0,0.0,36.33,0.214,5812.799999999999,6394.08,0.0
2011-08-18 22:00:00,B3820,0.214,0.0,0.0,36.33,0.214,5812.799999999999,6394.08,0.0
2011-08-18 23:00:00,B3820,0.119,0.0,0.0,36.33,0.119,5812.799999999999,6394.08,0.0
2011-08-19 00:00:00,B3820,2.519,2.4,0.0,36.33,2.519,5812.799999999999,6394.08,0.0
2011-08-19 01:00:00,B3820,2.519,2.4,0.0,36.33,2.519,5812.799999999999,6394.08,0.0
2011-08-19 02:00:00,B3820,2.519,2.4,0.0,36.33,2.519,5812.799999999999,6394.08,0.0
2011-08-19 03:00:00,B3820,2.519,2.4,0.0,36.33,2.519,5812.799999999999,6394.08,0.0
2011-08-19 04:00:00,B3820,2.519,2.4,0.0,36.33,2.519,5812.799999999999,6394.08,0.0
2011-08-19 05:00:00,B3820,0.214,0.0,0.0,36.33,0.214,5812.799999999999,6394.08,0.0
2011-08-19 06:00:00,B3820,0.786,0.0,0.0,36.33,0.786,5812.799999999999,6394.08,0.0
2011-08-19 07:00:00,B3820,0.215,0.0,0.88,36.33,-0.755,5812.799999999999,6394.08,0.97
2011-08-19 08:00:00,B3820,0.119,0.0,1.38,36.33,-1.331,5812.799999999999,6394.08,1.45
2011-08-19 09:00:00,B3820,0.119,0.0,1.77,36.33,-1.711,5812.799999999999,6394.08,1.83
2011-08-19 10:00:00,B3820,0.119,0.0,2.17,36.33,-2.091,5812.799999999999,6394.08,2.21
2011-08-19 11:00:00,B3820,0.119,0.0,2.45,36.33,-2.351,5812.799999999999,6394.08,2.47
2011-08-19 12:00:00,B3820,0.786,0.0,2.47,36.33,-1.7040000000000002,5812.799999999999,6394.08,2.49
2011-08-19 13:00:00,B3820,0.214,0.0,2.41,36.33,-2.206,5812.799999999999,6394.08,2.42
2011-08-19 14:00:00,B3820,0.119,0.0,2.21,36.33,-2.101,5812.799999999999,6394.08,2.22
2011-08-19 15:00:00,B3820,0.119,0.0,1.89,36.33,-1.781,5812.799999999999,6394.08,1.9
2011-08-19 16:00:00,B3820,0.119,0.0,1.46,36.33,-1.341,5812.799999999999,6394.08,1.46
2011-08-19 17:00:00,B3820,0.214,0.0,0.94,36.33,-0.726,5812.799999999999,6394.08,0.94
2011-08-19 18:00:00,B3820,0.786,0.0,0.26,36.33,0.526,5812.799999999999,6394.08,0.26
2011-08-19 19:00:00,B3820,0.977,0.0,0.0,36.33,0.977,5812.799999999999,6394.08,0.0
2011-08-19 20:00:00,B3820,0.214,0.0,0.0,36.33,0.214,5812.799999999999,6394.08,0.0
2011-08-19 21:00:00,B3820,0.214,0.0,0.0,36.33,0.214,5812.799999999999,6394.08,0.0
2011-08-19 22:00:00,B3820,0.214,0.0,0.0,36.33,0.214,5812.799999999999,6394.08,0.0
2011-08-19 23:00:00,B3820,0.119,0.0,0.0,36.33,0.119,5812.799999999999,6394.08,0.0
2011-08-20 00:00:00,B3820,0.119,0.0,0.0,36.33,0.119,5812.799999999999,6394.08,0.0
2011-08-20 01:00:00,B3820,0.119,0.0,0.0,36.33,0.119,5812.799999999999,6394.08,0.0
2011-08-20 02:00:00,B3820,0.119,0.0,0.0,36.33,0.119,5812.799999999999,6394.08,0.0
2011-08-20 03:00:00,B3820,0.119,0.0,0.0,36.33,0.119,5812.799999999999,6394.08,0.0
2011-08-20 04:00:00,B3820,0.119,0.0,0.0,36.33,0.119,5812.799999999999,6394.08,0.0
2011-08-20 05:00:00,B3820,0.214,0.0,0.0,36.33,0.214,5812.799999999999,6394.08,0.0
2011-08-20 06:00:00,B3820,0.786,0.0,0.0,36.33,0.786,5812.799999999999,6394.08,0.0
2011-08-20 07:00:00,B3820,0.214,0.0,1.11,36.33,-1.006,5812.799999999999,6394.08,1.22
2011-08-20 08:00:00,B3820,2.519,2.4,1.59,36.33,0.8490000000000002,5812.799999999999,6394.08,1.67
2011-08-20 09:00:00,B3820,2.519,2.4,1.96,36.33,0.4990000000000001,5812.799999999999,6394.08,2.02
2011-08-20 10:00:00,B3820,2.519,2.4,2.26,36.33,0.2190000000000003,5812.799999999999,6394.08,2.3
2011-08-20 11:00:00,B3820,2.519,2.4,2.38,36.33,0.11900000000000022,5812.799999999999,6394.08,2.4
2011-08-20 12:00:00,B3820,3.186,2.4,2.42,36.33,0.7559999999999998,5812.799999999999,6394.08,2.43
2011-08-20 13:00:00,B3820,0.214,0.0,2.37,36.33,-2.166,5812.799999999999,6394.08,2.38
2011-08-20 14:00:00,B3820,0.119,0.0,2.19,36.33,-2.0709999999999997,5812.799999999999,6394.08,2.19
2011-08-20 15:00:00,B3820,0.119,0.0,1.87,36.33,-1.761,5812.799999999999,6394.08,1.88
2011-08-20 16:00:00,B3820,0.119,0.0,1.43,36.33,-1.321,5812.799999999999,6394.08,1.44
2011-08-20 17:00:00,B3820,0.214,0.0,0.89,36.33,-0.676,5812.799999999999,6394.08,0.89
2011-08-20 18:00:00,B3820,0.786,0.0,0.23,36.33,0.556,5812.799999999999,6394.08,0.23
2011-08-20 19:00:00,B3820,0.977,0.0,0.0,36.33,0.977,5812.799999999999,6394.08,0.0
2011-08-20 20:00:00,B3820,0.214,0.0,0.0,36.33,0.214,5812.799999999999,6394.08,0.0
2011-08-20 21:00:00,B3820,0.214,0.0,0.0,36.33,0.214,5812.799999999999,6394.08,0.0
2011-08-20 22:00:00,B3820,0.214,0.0,0.0,36.33,0.214,5812.799999999999,6394.08,0.0
2011-08-20 23:00:00,B3820,0.119,0.0,0.0,36.33,0.119,5812.799999999999,6394.08,0.0
2011-08-21 00:00:00,B3820,0.119,0.0,0.0,36.33,0.119,5812.799999999999,6394.08,0.0
2011-08-21 01:00:00,B3820,0.119,0.0,0.0,36.33,0.119,5812.799999999999,6394.08,0.0
2011-08-21 02:00:00,B3820,0.119,0.0,0.0,36.33,0.119,5812.799999999999,6394.08,0.0
2011-08-21 03:00:00,B3820,0.119,0.0,0.0,36.33,0.119,5812.799999999999,6394.08,0.0
2011-08-21 04:00:00,B3820,0.119,0.0,0.0,36.33,0.119,5812.799999999999,6394.08,0.0
2011-08-21 05:00:00,B3820,0.214,0.0,0.0,36.33,0.214,5812.799999999999,6394.08,0.0
2011-08-21 06:00:00,B3820,0.786,0.0,0.0,36.33,0.786,5812.799999999999,6394.08,0.0
2011-08-21 07:00:00,B3820,0.214,0.0,0.33,36.33,-0.11600000000000002,5812.799999999999,6394.08,0.33
2011-08-21 08:00:00,B3820,2.519,2.4,0.55,36.33,1.9490000000000003,5812.799999999999,6394.08,0.57
2011-08-21 09:00:00,B3820,2.519,2.4,0.65,36.33,1.8490000000000002,5812.799999999999,6394.08,0.67
2011-08-21 10:00:00,B3820,2.519,2.4,0.74,36.33,1.7590000000000001,5812.799999999999,6394.08,0.76
2011-08-21 11:00:00,B3820,2.519,2.4,0.92,36.33,1.5790000000000002,5812.799999999999,6394.08,0.94
2011-08-21 12:00:00,B3820,3.186,2.4,1.07,36.33,2.096,5812.799999999999,6394.08,1.09
2011-08-21 13:00:00,B3820,0.214,0.0,1.17,36.33,-0.966,5812.799999999999,6394.08,1.18
2011-08-21 14:00:00,B3820,0.119,0.0,1.22,36.33,-1.111,5812.799999999999,6394.08,1.23
2011-08-21 15:00:00,B3820,0.119,0.0,1.05,36.33,-0.9410000000000001,5812.799999999999,6394.08,1.06
2011-08-21 16:00:00,B3820,0.119,0.0,0.56,36.33,-0.44100000000000006,5812.799999999999,6394.08,0.56
2011-08-21 17:00:00,B3820,0.214,0.0,0.0,36.33,0.214,5812.799999999999,6394.08,0.0
2011-08-21 18:00:00,B3820,0.786,0.0,0.0,36.33,0.786,5812.799999999999,6394.08,0.0
2011-08-21 19:00:00,B3820,0.977,0.0,0.0,36.33,0.977,5812.799999999999,6394.08,0.0
2011-08-21 20:00:00,B3820,0.214,0.0,0.0,36.33,0.214,5812.799999999999,6394.08,0.0
2011-08-21 21:00:00,B3820,0.214,0.0,0.0,36.33,0.214,5812.799999999999,6394.08,0.0
2011-08-21 22:00:00,B3820,0.214,0.0,0.0,36.33,0.214,5812.799999999999,6394.08,0.0
2011-08-21 23:00:00,B3820,0.119,0.0,0.0,36.33,0.119,5812.799999999999,6394.08,0.0
2011-08-22 00:00:00,B3820,2.519,2.4,0.0,36.33,2.519,5812.799999999999,6394.08,0.0
2011-08-22 01:00:00,B3820,2.519,2.4,0.0,36.33,2.519,5812.799999999999,6394.08,0.0
2011-08-22 02:00:00,B3820,2.519,2.4,0.0,36.33,2.519,5812.799999999999,6394.08,0.0
2011-08-22 03:00:00,B3820,2.519,2.4,0.0,36.33,2.519,5812.799999999999,6394.08,0.0
2011-08-22 04:00:00,B3820,2.519,2.4,0.0,36.33,2.519,5812.799999999999,6394.08,0.0
2011-08-22 05:00:00,B3820,0.214,0.0,0.0,36.33,0.214,5812.799999999999,6394.08,0.0
2011-08-22 06:00:00,B3820,0.786,0.0,0.0,36.33,0.786,5812.799999999999,6394.08,0.0
2011-08-22 07:00:00,B3820,0.215,0.0,0.55,36.33,-0.385,5812.799999999999,6394.08,0.6
2011-08-22 08:00:00,B3820,0.119,0.0,1.02,36.33,-0.9510000000000001,5812.799999999999,6394.08,1.07
2011-08-22 09:00:00,B3820,0.119,0.0,1.52,36.33,-1.461,5812.799999999999,6394.08,1.58
2011-08-22 10:00:00,B3820,0.119,0.0,1.9,36.33,-1.821,5812.799999999999,6394.08,1.94
2011-08-22 11:00:00,B3820,0.119,0.0,2.15,36.33,-2.051,5812.799999999999,6394.08,2.17
2011-08-22 12:00:00,B3820,0.786,0.0,2.32,36.33,-1.544,5812.799999999999,6394.08,2.33
2011-08-22 13:00:00,B3820,0.214,0.0,2.31,36.33,-2.106,5812.799999999999,6394.08,2.32
2011-08-22 14:00:00,B3820,0.119,0.0,2.14,36.33,-2.0309999999999997,5812.799999999999,6394.08,2.15
2011-08-22 15:00:00,B3820,0.119,0.0,1.83,36.33,-1.711,5812.799999999999,6394.08,1.83
2011-08-22 16:00:00,B3820,0.119,0.0,1.39,36.33,-1.271,5812.799999999999,6394.08,1.39
2011-08-22 17:00:00,B3820,0.214,0.0,0.83,36.33,-0.616,5812.799999999999,6394.08,0.83
2011-08-22 18:00:00,B3820,0.786,0.0,0.0,36.33,0.786,5812.799999999999,6394.08,0.0
2011-08-22 19:00:00,B3820,0.977,0.0,0.0,36.33,0.977,5812.799999999999,6394.08,0.0
2011-08-22 20:00:00,B3820,0.214,0.0,0.0,36.33,0.214,5812.799999999999,6394.08,0.0
2011-08-22 21:00:00,B3820,0.214,0.0,0.0,36.33,0.214,5812.799999999999,6394.08,0.0
2011-08-22 22:00:00,B3820,0.214,0.0,0.0,36.33,0.214,5812.799999999999,6394.08,0.0
2011-08-22 23:00:00,B3820,0.119,0.0,0.0,36.33,0.119,5812.799999999999,6394.08,0.0
2011-08-23 00:00:00,B3820,2.519,2.4,0.0,36.33,2.519,5812.799999999999,6394.08,0.0
2011-08-23 01:00:00,B3820,2.519,2.4,0.0,36.33,2.519,5812.799999999999,6394.08,0.0
2011-08-23 02:00:00,B3820,2.519,2.4,0.0,36.33,2.519,5812.799999999999,6394.08,0.0
2011-08-23 03:00:00,B3820,2.519,2.4,0.0,36.33,2.519,5812.799999999999,6394.08,0.0
2011-08-23 04:00:00,B3820,2.519,2.4,0.0,36.33,2.519,5812.799999999999,6394.08,0.0
2011-08-23 05:00:00,B3820,0.214,0.0,0.0,36.33,0.214,5812.799999999999,6394.08,0.0
2011-08-23 06:00:00,B3820,0.786,0.0,0.0,36.33,0.786,5812.799999999999,6394.08,0.0
2011-08-23 07:00:00,B3820,0.215,0.0,1.21,36.33,-1.145,5812.799999999999,6394.08,1.36
2011-08-23 08:00:00,B3820,0.119,0.0,1.69,36.33,-1.631,5812.799999999999,6394.08,1.75
2011-08-23 09:00:00,B3820,0.119,0.0,2.03,36.33,-1.961,5812.799999999999,6394.08,2.08
2011-08-23 10:00:00,B3820,0.119,0.0,2.28,36.33,-2.191,5812.799999999999,6394.08,2.31
2011-08-23 11:00:00,B3820,0.119,0.0,2.42,36.33,-2.3209999999999997,5812.799999999999,6394.08,2.44
2011-08-23 12:00:00,B3820,0.786,0.0,2.47,36.33,-1.694,5812.799999999999,6394.08,2.48
2011-08-23 13:00:00,B3820,0.214,0.0,2.38,36.33,-2.176,5812.799999999999,6394.08,2.39
2011-08-23 14:00:00,B3820,0.119,0.0,2.18,36.33,-2.0709999999999997,5812.799999999999,6394.08,2.19
2011-08-23 15:00:00,B3820,0.119,0.0,1.89,36.33,-1.781,5812.799999999999,6394.08,1.9
2011-08-23 16:00:00,B3820,0.119,0.0,1.46,36.33,-1.351,5812.799999999999,6394.08,1.47
2011-08-23 17:00:00,B3820,0.214,0.0,0.91,36.33,-0.6960000000000001,5812.799999999999,6394.08,0.91
2011-08-23 18:00:00,B3820,0.786,0.0,0.23,36.33,0.556,5812.799999999999,6394.08,0.23
2011-08-23 19:00:00,B3820,0.977,0.0,0.0,36.33,0.977,5812.799999999999,6394.08,0.0
2011-08-23 20:00:00,B3820,0.214,0.0,0.0,36.33,0.214,5812.799999999999,6394.08,0.0
2011-08-23 21:00:00,B3820,0.214,0.0,0.0,36.33,0.214,5812.799999999999,6394.08,0.0
2011-08-23 22:00:00,B3820,0.214,0.0,0.0,36.33,0.214,5812.799999999999,6394.08,0.0
2011-08-23 23:00:00,B3820,0.119,0.0,0.0,36.33,0.119,5812.799999999999,6394.08,0.0
2011-08-24 00:00:00,B3820,2.519,2.4,0.0,36.33,2.519,5812.799999999999,6394.08,0.0
2011-08-24 01:00:00,B3820,2.519,2.4,0.0,36.33,2.519,5812.799999999999,6394.08,0.0
2011-08-24 02:00:00,B3820,2.519,2.4,0.0,36.33,2.519,5812.799999999999,6394.08,0.0
2011-08-24 03:00:00,B3820,2.519,2.4,0.0,36.33,2.519,5812.799999999999,6394.08,0.0
2011-08-24 04:00:00,B3820,2.519,2.4,0.0,36.33,2.519,5812.799999999999,6394.08,0.0
2011-08-24 05:00:00,B3820,0.214,0.0,0.0,36.33,0.214,5812.799999999999,6394.08,0.0
2011-08-24 06:00:00,B3820,0.786,0.0,0.0,36.33,0.786,5812.799999999999,6394.08,0.0
2011-08-24 07:00:00,B3820,0.215,0.0,1.16,36.33,-1.085,5812.799999999999,6394.08,1.3
2011-08-24 08:00:00,B3820,0.119,0.0,1.61,36.33,-1.551,5812.799999999999,6394.08,1.67
2011-08-24 09:00:00,B3820,0.119,0.0,1.94,36.33,-1.871,5812.799999999999,6394.08,1.99
2011-08-24 10:00:00,B3820,0.119,0.0,2.17,36.33,-2.0810000000000004,5812.799999999999,6394.08,2.2
2011-08-24 11:00:00,B3820,0.119,0.0,2.31,36.33,-2.2110000000000003,5812.799999999999,6394.08,2.33
2011-08-24 12:00:00,B3820,0.786,0.0,2.36,36.33,-1.584,5812.799999999999,6394.08,2.37
2011-08-24 13:00:00,B3820,0.214,0.0,2.27,36.33,-2.066,5812.799999999999,6394.08,2.28
2011-08-24 14:00:00,B3820,0.119,0.0,2.07,36.33,-1.961,5812.799999999999,6394.08,2.08
2011-08-24 15:00:00,B3820,0.119,0.0,1.79,36.33,-1.681,5812.799999999999,6394.08,1.8
2011-08-24 16:00:00,B3820,0.119,0.0,1.37,36.33,-1.2510000000000001,5812.799999999999,6394.08,1.37
2011-08-24 17:00:00,B3820,0.214,0.0,0.83,36.33,-0.616,5812.799999999999,6394.08,0.83
2011-08-24 18:00:00,B3820,0.786,0.0,0.0,36.33,0.786,5812.799999999999,6394.08,0.0
2011-08-24 19:00:00,B3820,0.977,0.0,0.0,36.33,0.977,5812.799999999999,6394.08,0.0
2011-08-24 20:00:00,B3820,0.214,0.0,0.0,36.33,0.214,5812.799999999999,6394.08,0.0
2011-08-24 21:00:00,B3820,0.214,0.0,0.0,36.33,0.214,5812.799999999999,6394.08,0.0
2011-08-24 22:00:00,B3820,0.214,0.0,0.0,36.33,0.214,5812.799999999999,6394.08,0.0
2011-08-24 23:00:00,B3820,0.119,0.0,0.0,36.33,0.119,5812.799999999999,6394.08,0.0
2011-08-25 00:00:00,B3820,2.519,2.4,0.0,36.33,2.519,5812.799999999999,6394.08,0.0
2011-08-25 01:00:00,B3820,2.519,2.4,0.0,36.33,2.519,5812.799999999999,6394.08,0.0
2011-08-25 02:00:00,B3820,2.519,2.4,0.0,36.33,2.519,5812.799999999999,6394.08,0.0
2011-08-25 03:00:00,B3820,2.519,2.4,0.0,36.33,2.519,5812.799999999999,6394.08,0.0
2011-08-25 04:00:00,B3820,2.519,2.4,0.0,36.33,2.519,5812.799999999999,6394.08,0.0
2011-08-25 05:00:00,B3820,0.214,0.0,0.0,36.33,0.214,5812.799999999999,6394.08,0.0
2011-08-25 06:00:00,B3820,0.786,0.0,0.0,36.33,0.786,5812.799999999999,6394.08,0.0
2011-08-25 07:00:00,B3820,0.215,0.0,1.1,36.33,-1.025,5812.799999999999,6394.08,1.24
2011-08-25 08:00:00,B3820,0.119,0.0,1.56,36.33,-1.5010000000000001,5812.799999999999,6394.08,1.62
2011-08-25 09:00:00,B3820,0.119,0.0,1.89,36.33,-1.811,5812.799999999999,6394.08,1.93
2011-08-25 10:00:00,B3820,0.119,0.0,2.13,36.33,-2.0410000000000004,5812.799999999999,6394.08,2.16
2011-08-25 11:00:00,B3820,0.119,0.0,2.27,36.33,-2.1710000000000003,5812.799999999999,6394.08,2.29
2011-08-25 12:00:00,B3820,0.786,0.0,2.33,36.33,-1.5539999999999998,5812.799999999999,6394.08,2.34
2011-08-25 13:00:00,B3820,0.214,0.0,2.25,36.33,-2.036,5812.799999999999,6394.08,2.25
2011-08-25 14:00:00,B3820,0.119,0.0,2.06,36.33,-1.9509999999999998,5812.799999999999,6394.08,2.07
2011-08-25 15:00:00,B3820,0.119,0.0,1.76,36.33,-1.641,5812.799999999999,6394.08,1.76
2011-08-25 16:00:00,B3820,0.119,0.0,1.33,36.33,-1.221,5812.799999999999,6394.08,1.34
2011-08-25 17:00:00,B3820,0.214,0.0,0.82,36.33,-0.606,5812.799999999999,6394.08,0.82
2011-08-25 18:00:00,B3820,0.786,0.0,0.0,36.33,0.786,5812.799999999999,6394.08,0.0
2011-08-25 19:00:00,B3820,0.977,0.0,0.0,36.33,0.977,5812.799999999999,6394.08,0.0
2011-08-25 20:00:00,B3820,0.214,0.0,0.0,36.33,0.214,5812.799999999999,6394.08,0.0
2011-08-25 21:00:00,B3820,0.214,0.0,0.0,36.33,0.214,5812.799999999999,6394.08,0.0
2011-08-25 22:00:00,B3820,0.214,0.0,0.0,36.33,0.214,5812.799999999999,6394.08,0.0
2011-08-25 23:00:00,B3820,0.119,0.0,0.0,36.33,0.119,5812.799999999999,6394.08,0.0
2011-08-26 00:00:00,B3820,2.519,2.4,0.0,36.33,2.519,5812.799999999999,6394.08,0.0
2011-08-26 01:00:00,B3820,2.519,2.4,0.0,36.33,2.519,5812.799999999999,6394.08,0.0
2011-08-26 02:00:00,B3820,2.519,2.4,0.0,36.33,2.519,5812.799999999999,6394.08,0.0
2011-08-26 03:00:00,B3820,2.519,2.4,0.0,36.33,2.519,5812.799999999999,6394.08,0.0
2011-08-26 04:00:00,B3820,2.519,2.4,0.0,36.33,2.519,5812.799999999999,6394.08,0.0
2011-08-26 05:00:00,B3820,0.214,0.0,0.0,36.33,0.214,5812.799999999999,6394.08,0.0
2011-08-26 06:00:00,B3820,0.786,0.0,0.0,36.33,0.786,5812.799999999999,6394.08,0.0
2011-08-26 07:00:00,B3820,0.215,0.0,1.11,36.33,-1.035,5812.799999999999,6394.08,1.25
2011-08-26 08:00:00,B3820,0.119,0.0,1.56,36.33,-1.5010000000000001,5812.799999999999,6394.08,1.62
2011-08-26 09:00:00,B3820,0.119,0.0,1.9,36.33,-1.831,5812.799999999999,6394.08,1.95
2011-08-26 10:00:00,B3820,0.119,0.0,2.14,36.33,-2.051,5812.799999999999,6394.08,2.17
2011-08-26 11:00:00,B3820,0.119,0.0,2.3,36.33,-2.2009999999999996,5812.799999999999,6394.08,2.32
2011-08-26 12:00:00,B3820,0.786,0.0,2.34,36.33,-1.564,5812.799999999999,6394.08,2.35
2011-08-26 13:00:00,B3820,0.214,0.0,2.27,36.33,-2.056,5812.799999999999,6394.08,2.27
2011-08-26 14:00:00,B3820,0.119,0.0,2.08,36.33,-1.961,5812.799999999999,6394.08,2.08
2011-08-26 15:00:00,B3820,0.119,0.0,1.77,36.33,-1.661,5812.799999999999,6394.08,1.78
2011-08-26 16:00:00,B3820,0.119,0.0,1.36,36.33,-1.241,5812.799999999999,6394.08,1.36
2011-08-26 17:00:00,B3820,0.214,0.0,0.81,36.33,-0.5960000000000001,5812.799999999999,6394.08,0.81
2011-08-26 18:00:00,B3820,0.786,0.0,0.0,36.33,0.786,5812.799999999999,6394.08,0.0
2011-08-26 19:00:00,B3820,0.977,0.0,0.0,36.33,0.977,5812.799999999999,6394.08,0.0
2011-08-26 20:00:00,B3820,0.214,0.0,0.0,36.33,0.214,5812.799999999999,6394.08,0.0
2011-08-26 21:00:00,B3820,0.214,0.0,0.0,36.33,0.214,5812.799999999999,6394.08,0.0
2011-08-26 22:00:00,B3820,0.214,0.0,0.0,36.33,0.214,5812.799999999999,6394.08,0.0
2011-08-26 23:00:00,B3820,0.119,0.0,0.0,36.33,0.119,5812.799999999999,6394.08,0.0
2011-08-27 00:00:00,B3820,0.119,0.0,0.0,36.33,0.119,5812.799999999999,6394.08,0.0
2011-08-27 01:00:00,B3820,0.119,0.0,0.0,36.33,0.119,5812.799999999999,6394.08,0.0
2011-08-27 02:00:00,B3820,0.119,0.0,0.0,36.33,0.119,5812.799999999999,6394.08,0.0
2011-08-27 03:00:00,B3820,0.119,0.0,0.0,36.33,0.119,5812.799999999999,6394.08,0.0
2011-08-27 04:00:00,B3820,0.119,0.0,0.0,36.33,0.119,5812.799999999999,6394.08,0.0
2011-08-27 05:00:00,B3820,0.214,0.0,0.0,36.33,0.214,5812.799999999999,6394.08,0.0
2011-08-27 06:00:00,B3820,0.786,0.0,0.0,36.33,0.786,5812.799999999999,6394.08,0.0
2011-08-27 07:00:00,B3820,0.214,0.0,1.0,36.33,-0.8960000000000001,5812.799999999999,6394.08,1.11
2011-08-27 08:00:00,B3820,2.519,2.4,1.45,36.33,0.9990000000000001,5812.799999999999,6394.08,1.52
2011-08-27 09:00:00,B3820,2.519,2.4,1.82,36.33,0.649,5812.799999999999,6394.08,1.87
2011-08-27 10:00:00,B3820,2.519,2.4,2.04,36.33,0.4490000000000003,5812.799999999999,6394.08,2.07
2011-08-27 11:00:00,B3820,2.519,2.4,2.19,36.33,0.30900000000000016,5812.799999999999,6394.08,2.21
2011-08-27 12:00:00,B3820,3.186,2.4,2.28,36.33,0.8959999999999999,5812.799999999999,6394.08,2.29
2011-08-27 13:00:00,B3820,0.214,0.0,2.22,36.33,-2.0060000000000002,5812.799999999999,6394.08,2.22
2011-08-27 14:00:00,B3820,0.119,0.0,2.01,36.33,-1.901,5812.799999999999,6394.08,2.02
2011-08-27 15:00:00,B3820,0.119,0.0,1.7,36.33,-1.591,5812.799999999999,6394.08,1.71
2011-08-27 16:00:00,B3820,0.119,0.0,1.29,36.33,-1.181,5812.799999999999,6394.08,1.3
2011-08-27 17:00:00,B3820,0.214,0.0,0.77,36.33,-0.556,5812.799999999999,6394.08,0.77
2011-08-27 18:00:00,B3820,0.786,0.0,0.0,36.33,0.786,5812.799999999999,6394.08,0.0
2011-08-27 19:00:00,B3820,0.977,0.0,0.0,36.33,0.977,5812.799999999999,6394.08,0.0
2011-08-27 20:00:00,B3820,0.214,0.0,0.0,36.33,0.214,5812.799999999999,6394.08,0.0
2011-08-27 21:00:00,B3820,0.214,0.0,0.0,36.33,0.214,5812.799999999999,6394.08,0.0
2011-08-27 22:00:00,B3820,0.214,0.0,0.0,36.33,0.214,5812.799999999999,6394.08,0.0
2011-08-27 23:00:00,B3820,0.119,0.0,0.0,36.33,0.119,5812.799999999999,6394.08,0.0
2011-08-28 00:00:00,B3820,0.119,0.0,0.0,36.33,0.119,5812.799999999999,6394.08,0.0
2011-08-28 01:00:00,B3820,0.119,0.0,0.0,36.33,0.119,5812.799999999999,6394.08,0.0
2011-08-28 02:00:00,B3820,0.119,0.0,0.0,36.33,0.119,5812.799999999999,6394.08,0.0
2011-08-28 03:00:00,B3820,0.119,0.0,0.0,36.33,0.119,5812.799999999999,6394.08,0.0
2011-08-28 04:00:00,B3820,0.119,0.0,0.0,36.33,0.119,5812.799999999999,6394.08,0.0
2011-08-28 05:00:00,B3820,0.214,0.0,0.0,36.33,0.214,5812.799999999999,6394.08,0.0
2011-08-28 06:00:00,B3820,0.786,0.0,0.0,36.33,0.786,5812.799999999999,6394.08,0.0
2011-08-28 07:00:00,B3820,0.214,0.0,0.78,36.33,-0.636,5812.799999999999,6394.08,0.85
2011-08-28 08:00:00,B3820,2.519,2.4,1.37,36.33,1.0790000000000002,5812.799999999999,6394.08,1.44
2011-08-28 09:00:00,B3820,2.519,2.4,1.76,36.33,0.6890000000000001,5812.799999999999,6394.08,1.83
2011-08-28 10:00:00,B3820,2.519,2.4,2.04,36.33,0.43900000000000006,5812.799999999999,6394.08,2.08
2011-08-28 11:00:00,B3820,2.519,2.4,2.2,36.33,0.29899999999999993,5812.799999999999,6394.08,2.22
2011-08-28 12:00:00,B3820,3.186,2.4,2.25,36.33,0.9159999999999999,5812.799999999999,6394.08,2.27
2011-08-28 13:00:00,B3820,0.214,0.0,2.16,36.33,-1.956,5812.799999999999,6394.08,2.17
2011-08-28 14:00:00,B3820,0.119,0.0,1.94,36.33,-1.831,5812.799999999999,6394.08,1.95
2011-08-28 15:00:00,B3820,0.119,0.0,1.64,36.33,-1.531,5812.799999999999,6394.08,1.65
2011-08-28 16:00:00,B3820,0.119,0.0,1.24,36.33,-1.131,5812.799999999999,6394.08,1.25
2011-08-28 17:00:00,B3820,0.214,0.0,0.74,36.33,-0.526,5812.799999999999,6394.08,0.74
2011-08-28 18:00:00,B3820,0.786,0.0,0.0,36.33,0.786,5812.799999999999,6394.08,0.0
2011-08-28 19:00:00,B3820,0.977,0.0,0.0,36.33,0.977,5812.799999999999,6394.08,0.0
2011-08-28 20:00:00,B3820,0.214,0.0,0.0,36.33,0.214,5812.799999999999,6394.08,0.0
2011-08-28 21:00:00,B3820,0.214,0.0,0.0,36.33,0.214,5812.799999999999,6394.08,0.0
2011-08-28 22:00:00,B3820,0.214,0.0,0.0,36.33,0.214,5812.799999999999,6394.08,0.0
2011-08-28 23:00:00,B3820,0.119,0.0,0.0,36.33,0.119,5812.799999999999,6394.08,0.0
2011-08-29 00:00:00,B3820,2.519,2.4,0.0,36.33,2.519,5812.799999999999,6394.08,0.0
2011-08-29 01:00:00,B3820,2.519,2.4,0.0,36.33,2.519,5812.799999999999,6394.08,0.0
2011-08-29 02:00:00,B3820,2.519,2.4,0.0,36.33,2.519,5812.799999999999,6394.08,0.0
2011-08-29 03:00:00,B3820,2.519,2.4,0.0,36.33,2.519,5812.799999999999,6394.08,0.0
2011-08-29 04:00:00,B3820,2.519,2.4,0.0,36.33,2.519,5812.799999999999,6394.08,0.0
2011-08-29 05:00:00,B3820,0.214,0.0,0.0,36.33,0.214,5812.799999999999,6394.08,0.0
2011-08-29 06:00:00,B3820,0.786,0.0,0.0,36.33,0.786,5812.799999999999,6394.08,0.0
2011-08-29 07:00:00,B3820,0.215,0.0,0.45,36.33,-0.275,5812.799999999999,6394.08,0.49
2011-08-29 08:00:00,B3820,0.119,0.0,1.0,36.33,-0.931,5812.799999999999,6394.08,1.05
2011-08-29 09:00:00,B3820,0.119,0.0,1.66,36.33,-1.591,5812.799999999999,6394.08,1.71
2011-08-29 10:00:00,B3820,0.119,0.0,2.02,36.33,-1.9309999999999998,5812.799999999999,6394.08,2.05
2011-08-29 11:00:00,B3820,0.119,0.0,2.2,36.33,-2.101,5812.799999999999,6394.08,2.22
2011-08-29 12:00:00,B3820,0.786,0.0,2.27,36.33,-1.4939999999999998,5812.799999999999,6394.08,2.28
2011-08-29 13:00:00,B3820,0.214,0.0,2.21,36.33,-2.0060000000000002,5812.799999999999,6394.08,2.22
2011-08-29 14:00:00,B3820,0.119,0.0,2.03,36.33,-1.9109999999999998,5812.799999999999,6394.08,2.03
2011-08-29 15:00:00,B3820,0.119,0.0,1.71,36.33,-1.601,5812.799999999999,6394.08,1.72
2011-08-29 16:00:00,B3820,0.119,0.0,1.29,36.33,-1.171,5812.799999999999,6394.08,1.29
2011-08-29 17:00:00,B3820,0.214,0.0,0.75,36.33,-0.536,5812.799999999999,6394.08,0.75
2011-08-29 18:00:00,B3820,0.786,0.0,0.0,36.33,0.786,5812.799999999999,6394.08,0.0
2011-08-29 19:00:00,B3820,0.977,0.0,0.0,36.33,0.977,5812.799999999999,6394.08,0.0
2011-08-29 20:00:00,B3820,0.214,0.0,0.0,36.33,0.214,5812.799999999999,6394.08,0.0
2011-08-29 21:00:00,B3820,0.214,0.0,0.0,36.33,0.214,5812.799999999999,6394.08,0.0
2011-08-29 22:00:00,B3820,0.214,0.0,0.0,36.33,0.214,5812.799999999999,6394.08,0.0
2011-08-29 23:00:00,B3820,0.119,0.0,0.0,36.33,0.119,5812.799999999999,6394.08,0.0
2011-08-30 00:00:00,B3820,2.519,2.4,0.0,36.33,2.519,5812.799999999999,6394.08,0.0
2011-08-30 01:00:00,B3820,2.519,2.4,0.0,36.33,2.519,5812.799999999999,6394.08,0.0
2011-08-30 02:00:00,B3820,2.519,2.4,0.0,36.33,2.519,5812.799999999999,6394.08,0.0
2011-08-30 03:00:00,B3820,2.519,2.4,0.0,36.33,2.519,5812.799999999999,6394.08,0.0
2011-08-30 04:00:00,B3820,2.519,2.4,0.0,36.33,2.519,5812.799999999999,6394.08,0.0
2011-08-30 05:00:00,B3820,0.214,0.0,0.0,36.33,0.214,5812.799999999999,6394.08,0.0
2011-08-30 06:00:00,B3820,0.786,0.0,0.0,36.33,0.786,5812.799999999999,6394.08,0.0
2011-08-30 07:00:00,B3820,0.215,0.0,0.94,36.33,-0.8350000000000001,5812.799999999999,6394.08,1.05
2011-08-30 08:00:00,B3820,0.119,0.0,1.42,36.33,-1.371,5812.799999999999,6394.08,1.49
2011-08-30 09:00:00,B3820,0.119,0.0,1.78,36.33,-1.711,5812.799999999999,6394.08,1.83
2011-08-30 10:00:00,B3820,0.119,0.0,2.04,36.33,-1.961,5812.799999999999,6394.08,2.08
2011-08-30 11:00:00,B3820,0.119,0.0,2.22,36.33,-2.1210000000000004,5812.799999999999,6394.08,2.24
2011-08-30 12:00:00,B3820,0.786,0.0,2.28,36.33,-1.504,5812.799999999999,6394.08,2.29
2011-08-30 13:00:00,B3820,0.214,0.0,2.2,36.33,-1.996,5812.799999999999,6394.08,2.21
2011-08-30 14:00:00,B3820,0.119,0.0,2.03,36.33,-1.921,5812.799999999999,6394.08,2.04
2011-08-30 15:00:00,B3820,0.119,0.0,1.71,36.33,-1.591,5812.799999999999,6394.08,1.71
2011-08-30 16:00:00,B3820,0.119,0.0,1.28,36.33,-1.171,5812.799999999999,6394.08,1.29
2011-08-30 17:00:00,B3820,0.214,0.0,0.73,36.33,-0.516,5812.799999999999,6394.08,0.73
2011-08-30 18:00:00,B3820,0.786,0.0,0.0,36.33,0.786,5812.799999999999,6394.08,0.0
2011-08-30 19:00:00,B3820,0.977,0.0,0.0,36.33,0.977,5812.799999999999,6394.08,0.0
2011-08-30 20:00:00,B3820,0.214,0.0,0.0,36.33,0.214,5812.799999999999,6394.08,0.0
2011-08-30 21:00:00,B3820,0.214,0.0,0.0,36.33,0.214,5812.799999999999,6394.08,0.0
2011-08-30 22:00:00,B3820,0.214,0.0,0.0,36.33,0.214,5812.799999999999,6394.08,0.0
2011-08-30 23:00:00,B3820,0.119,0.0,0.0,36.33,0.119,5812.799999999999,6394.08,0.0
2011-08-31 00:00:00,B3820,2.519,2.4,0.0,36.33,2.519,5812.799999999999,6394.08,0.0
2011-08-31 01:00:00,B3820,2.519,2.4,0.0,36.33,2.519,5812.799999999999,6394.08,0.0
2011-08-31 02:00:00,B3820,2.519,2.4,0.0,36.33,2.519,5812.799999999999,6394.08,0.0
2011-08-31 03:00:00,B3820,2.519,2.4,0.0,36.33,2.519,5812.799999999999,6394.08,0.0
2011-08-31 04:00:00,B3820,2.519,2.4,0.0,36.33,2.519,5812.799999999999,6394.08,0.0
2011-08-31 05:00:00,B3820,0.214,0.0,0.0,36.33,0.214,5812.799999999999,6394.08,0.0
2011-08-31 06:00:00,B3820,0.786,0.0,0.0,36.33,0.786,5812.799999999999,6394.08,0.0
2011-08-31 07:00:00,B3820,0.215,0.0,0.95,36.33,-0.8450000000000001,5812.799999999999,6394.08,1.06
2011-08-31 08:00:00,B3820,0.119,0.0,1.41,36.33,-1.351,5812.799999999999,6394.08,1.47
2011-08-31 09:00:00,B3820,0.119,0.0,1.78,36.33,-1.711,5812.799999999999,6394.08,1.83
2011-08-31 10:00:00,B3820,0.119,0.0,2.04,36.33,-1.9509999999999998,5812.799999999999,6394.08,2.07
2011-08-31 11:00:00,B3820,0.119,0.0,2.2,36.33,-2.101,5812.799999999999,6394.08,2.22
2011-08-31 12:00:00,B3820,0.786,0.0,2.25,36.33,-1.4739999999999998,5812.799999999999,6394.08,2.26
2011-08-31 13:00:00,B3820,0.214,0.0,2.18,36.33,-1.976,5812.799999999999,6394.08,2.19
2011-08-31 14:00:00,B3820,0.119,0.0,1.99,36.33,-1.881,5812.799999999999,6394.08,2.0
2011-08-31 15:00:00,B3820,0.119,0.0,1.68,36.33,-1.561,5812.799999999999,6394.08,1.68
2011-08-31 16:00:00,B3820,0.119,0.0,1.27,36.33,-1.151,5812.799999999999,6394.08,1.27
2011-08-31 17:00:00,B3820,0.214,0.0,0.73,36.33,-0.516,5812.799999999999,6394.08,0.73
2011-08-31 18:00:00,B3820,0.786,0.0,0.0,36.33,0.786,5812.799999999999,6394.08,0.0
2011-08-31 19:00:00,B3820,0.977,0.0,0.0,36.33,0.977,5812.799999999999,6394.08,0.0
2011-08-31 20:00:00,B3820,0.214,0.0,0.0,36.33,0.214,5812.799999999999,6394.08,0.0
2011-08-31 21:00:00,B3820,0.214,0.0,0.0,36.33,0.214,5812.799999999999,6394.08,0.0
2011-08-31 22:00:00,B3820,0.214,0.0,0.0,36.33,0.214,5812.799999999999,6394.08,0.0
2011-08-31 23:00:00,B3820,0.119,0.0,0.0,36.33,0.119,5812.799999999999,6394.08,0.0
2011-09-01 00:00:00,B3820,2.519,2.4,0.0,36.33,2.519,5812.799999999999,6394.08,0.0
2011-09-01 01:00:00,B3820,2.519,2.4,0.0,36.33,2.519,5812.799999999999,6394.08,0.0
2011-09-01 02:00:00,B3820,2.519,2.4,0.0,36.33,2.519,5812.799999999999,6394.08,0.0
2011-09-01 03:00:00,B3820,2.519,2.4,0.0,36.33,2.519,5812.799999999999,6394.08,0.0
2011-09-01 04:00:00,B3820,2.519,2.4,0.0,36.33,2.519,5812.799999999999,6394.08,0.0
2011-09-01 05:00:00,B3820,0.214,0.0,0.0,36.33,0.214,5812.799999999999,6394.08,0.0
2011-09-01 06:00:00,B3820,0.786,0.0,0.0,36.33,0.786,5812.799999999999,6394.08,0.0
2011-09-01 07:00:00,B3820,0.215,0.0,0.81,36.33,-0.685,5812.799999999999,6394.08,0.9
2011-09-01 08:00:00,B3820,0.119,0.0,1.31,36.33,-1.261,5812.799999999999,6394.08,1.38
2011-09-01 09:00:00,B3820,0.119,0.0,1.69,36.33,-1.631,5812.799999999999,6394.08,1.75
2011-09-01 10:00:00,B3820,0.119,0.0,1.95,36.33,-1.871,5812.799999999999,6394.08,1.99
2011-09-01 11:00:00,B3820,0.119,0.0,2.11,36.33,-2.0010000000000003,5812.799999999999,6394.08,2.12
2011-09-01 12:00:00,B3820,0.786,0.0,2.16,36.33,-1.384,5812.799999999999,6394.08,2.17
2011-09-01 13:00:00,B3820,0.214,0.0,2.07,36.33,-1.8559999999999999,5812.799999999999,6394.08,2.07
2011-09-01 14:00:00,B3820,0.119,0.0,1.86,36.33,-1.7510000000000001,5812.799999999999,6394.08,1.87
2011-09-01 15:00:00,B3820,0.119,0.0,1.57,36.33,-1.461,5812.799999999999,6394.08,1.58
2011-09-01 16:00:00,B3820,0.119,0.0,1.15,36.33,-1.041,5812.799999999999,6394.08,1.16
2011-09-01 17:00:00,B3820,0.214,0.0,0.63,36.33,-0.41600000000000004,5812.799999999999,6394.08,0.63
2011-09-01 18:00:00,B3820,0.786,0.0,0.0,36.33,0.786,5812.799999999999,6394.08,0.0
2011-09-01 19:00:00,B3820,0.977,0.0,0.0,36.33,0.977,5812.799999999999,6394.08,0.0
2011-09-01 20:00:00,B3820,0.214,0.0,0.0,36.33,0.214,5812.799999999999,6394.08,0.0
2011-09-01 21:00:00,B3820,0.214,0.0,0.0,36.33,0.214,5812.799999999999,6394.08,0.0
2011-09-01 22:00:00,B3820,0.214,0.0,0.0,36.33,0.214,5812.799999999999,6394.08,0.0
2011-09-01 23:00:00,B3820,0.119,0.0,0.0,36.33,0.119,5812.799999999999,6394.08,0.0
2011-09-02 00:00:00,B3820,2.519,2.4,0.0,36.33,2.519,5812.799999999999,6394.08,0.0
2011-09-02 01:00:00,B3820,2.519,2.4,0.0,36.33,2.519,5812.799999999999,6394.08,0.0
2011-09-02 02:00:00,B3820,2.519,2.4,0.0,36.33,2.519,5812.799999999999,6394.08,0.0
2011-09-02 03:00:00,B3820,2.519,2.4,0.0,36.33,2.519,5812.799999999999,6394.08,0.0
2011-09-02 04:00:00,B3820,2.519,2.4,0.0,36.33,2.519,5812.799999999999,6394.08,0.0
2011-09-02 05:00:00,B3820,0.214,0.0,0.0,36.33,0.214,5812.799999999999,6394.08,0.0
2011-09-02 06:00:00,B3820,0.786,0.0,0.0,36.33,0.786,5812.799999999999,6394.08,0.0
2011-09-02 07:00:00,B3820,0.215,0.0,0.77,36.33,-0.645,5812.799999999999,6394.08,0.86
2011-09-02 08:00:00,B3820,0.119,0.0,1.22,36.33,-1.171,5812.799999999999,6394.08,1.29
2011-09-02 09:00:00,B3820,0.119,0.0,1.62,36.33,-1.561,5812.799999999999,6394.08,1.68
2011-09-02 10:00:00,B3820,0.119,0.0,1.9,36.33,-1.821,5812.799999999999,6394.08,1.94
2011-09-02 11:00:00,B3820,0.119,0.0,2.07,36.33,-1.9709999999999999,5812.799999999999,6394.08,2.09
2011-09-02 12:00:00,B3820,0.786,0.0,2.14,36.33,-1.3639999999999999,5812.799999999999,6394.08,2.15
2011-09-02 13:00:00,B3820,0.214,0.0,2.06,36.33,-1.846,5812.799999999999,6394.08,2.06
2011-09-02 14:00:00,B3820,0.119,0.0,1.87,36.33,-1.761,5812.799999999999,6394.08,1.88
2011-09-02 15:00:00,B3820,0.119,0.0,1.58,36.33,-1.461,5812.799999999999,6394.08,1.58
2011-09-02 16:00:00,B3820,0.119,0.0,1.16,36.33,-1.041,5812.799999999999,6394.08,1.16
2011-09-02 17:00:00,B3820,0.214,0.0,0.65,36.33,-0.43600000000000005,5812.799999999999,6394.08,0.65
2011-09-02 18:00:00,B3820,0.786,0.0,0.0,36.33,0.786,5812.799999999999,6394.08,0.0
2011-09-02 19:00:00,B3820,0.977,0.0,0.0,36.33,0.977,5812.799999999999,6394.08,0.0
2011-09-02 20:00:00,B3820,0.214,0.0,0.0,36.33,0.214,5812.799999999999,6394.08,0.0
2011-09-02 21:00:00,B3820,0.214,0.0,0.0,36.33,0.214,5812.799999999999,6394.08,0.0
2011-09-02 22:00:00,B3820,0.214,0.0,0.0,36.33,0.214,5812.799999999999,6394.08,0.0
2011-09-02 23:00:00,B3820,0.119,0.0,0.0,36.33,0.119,5812.799999999999,6394.08,0.0
2011-09-03 00:00:00,B3820,0.119,0.0,0.0,36.33,0.119,5812.799999999999,6394.08,0.0
2011-09-03 01:00:00,B3820,0.119,0.0,0.0,36.33,0.119,5812.799999999999,6394.08,0.0
2011-09-03 02:00:00,B3820,0.119,0.0,0.0,36.33,0.119,5812.799999999999,6394.08,0.0
2011-09-03 03:00:00,B3820,0.119,0.0,0.0,36.33,0.119,5812.799999999999,6394.08,0.0
2011-09-03 04:00:00,B3820,0.119,0.0,0.0,36.33,0.119,5812.799999999999,6394.08,0.0
2011-09-03 05:00:00,B3820,0.214,0.0,0.0,36.33,0.214,5812.799999999999,6394.08,0.0
2011-09-03 06:00:00,B3820,0.786,0.0,0.0,36.33,0.786,5812.799999999999,6394.08,0.0
2011-09-03 07:00:00,B3820,0.214,0.0,0.78,36.33,-0.656,5812.799999999999,6394.08,0.87
2011-09-03 08:00:00,B3820,2.519,2.4,1.26,36.33,1.199,5812.799999999999,6394.08,1.32
2011-09-03 09:00:00,B3820,2.519,2.4,1.63,36.33,0.8390000000000002,5812.799999999999,6394.08,1.68
2011-09-03 10:00:00,B3820,2.519,2.4,1.89,36.33,0.5990000000000002,5812.799999999999,6394.08,1.92
2011-09-03 11:00:00,B3820,2.519,2.4,2.05,36.33,0.4590000000000001,5812.799999999999,6394.08,2.06
2011-09-03 12:00:00,B3820,3.186,2.4,2.1,36.33,1.076,5812.799999999999,6394.08,2.11
2011-09-03 13:00:00,B3820,0.214,0.0,2.04,36.33,-1.8359999999999999,5812.799999999999,6394.08,2.05
2011-09-03 14:00:00,B3820,0.119,0.0,1.86,36.33,-1.7510000000000001,5812.799999999999,6394.08,1.87
2011-09-03 15:00:00,B3820,0.119,0.0,1.56,36.33,-1.451,5812.799999999999,6394.08,1.57
2011-09-03 16:00:00,B3820,0.119,0.0,1.16,36.33,-1.041,5812.799999999999,6394.08,1.16
2011-09-03 17:00:00,B3820,0.214,0.0,0.63,36.33,-0.41600000000000004,5812.799999999999,6394.08,0.63
2011-09-03 18:00:00,B3820,0.786,0.0,0.0,36.33,0.786,5812.799999999999,6394.08,0.0
2011-09-03 19:00:00,B3820,0.977,0.0,0.0,36.33,0.977,5812.799999999999,6394.08,0.0
2011-09-03 20:00:00,B3820,0.214,0.0,0.0,36.33,0.214,5812.799999999999,6394.08,0.0
2011-09-03 21:00:00,B3820,0.214,0.0,0.0,36.33,0.214,5812.799999999999,6394.08,0.0
2011-09-03 22:00:00,B3820,0.214,0.0,0.0,36.33,0.214,5812.799999999999,6394.08,0.0
2011-09-03 23:00:00,B3820,0.119,0.0,0.0,36.33,0.119,5812.799999999999,6394.08,0.0
2011-09-04 00:00:00,B3820,0.119,0.0,0.0,36.33,0.119,5812.799999999999,6394.08,0.0
2011-09-04 01:00:00,B3820,0.119,0.0,0.0,36.33,0.119,5812.799999999999,6394.08,0.0
2011-09-04 02:00:00,B3820,0.119,0.0,0.0,36.33,0.119,5812.799999999999,6394.08,0.0
2011-09-04 03:00:00,B3820,0.119,0.0,0.0,36.33,0.119,5812.799999999999,6394.08,0.0
2011-09-04 04:00:00,B3820,0.119,0.0,0.0,36.33,0.119,5812.799999999999,6394.08,0.0
2011-09-04 05:00:00,B3820,0.214,0.0,0.0,36.33,0.214,5812.799999999999,6394.08,0.0
2011-09-04 06:00:00,B3820,0.786,0.0,0.0,36.33,0.786,5812.799999999999,6394.08,0.0
2011-09-04 07:00:00,B3820,0.214,0.0,0.73,36.33,-0.5960000000000001,5812.799999999999,6394.08,0.81
2011-09-04 08:00:00,B3820,2.519,2.4,1.22,36.33,1.229,5812.799999999999,6394.08,1.29
2011-09-04 09:00:00,B3820,2.519,2.4,1.61,36.33,0.8590000000000002,5812.799999999999,6394.08,1.66
2011-09-04 10:00:00,B3820,2.519,2.4,1.87,36.33,0.6090000000000002,5812.799999999999,6394.08,1.91
2011-09-04 11:00:00,B3820,2.519,2.4,2.05,36.33,0.4590000000000001,5812.799999999999,6394.08,2.06
2011-09-04 12:00:00,B3820,3.186,2.4,2.1,36.33,1.076,5812.799999999999,6394.08,2.11
2011-09-04 13:00:00,B3820,0.214,0.0,2.02,36.33,-1.8159999999999998,5812.799999999999,6394.08,2.03
2011-09-04 14:00:00,B3820,0.119,0.0,1.84,36.33,-1.731,5812.799999999999,6394.08,1.85
2011-09-04 15:00:00,B3820,0.119,0.0,1.54,36.33,-1.421,5812.799999999999,6394.08,1.54
2011-09-04 16:00:00,B3820,0.119,0.0,1.13,36.33,-1.011,5812.799999999999,6394.08,1.13
2011-09-04 17:00:00,B3820,0.214,0.0,0.61,36.33,-0.396,5812.799999999999,6394.08,0.61
2011-09-04 18:00:00,B3820,0.786,0.0,0.0,36.33,0.786,5812.799999999999,6394.08,0.0
2011-09-04 19:00:00,B3820,0.977,0.0,0.0,36.33,0.977,5812.799999999999,6394.08,0.0
2011-09-04 20:00:00,B3820,0.214,0.0,0.0,36.33,0.214,5812.799999999999,6394.08,0.0
2011-09-04 21:00:00,B3820,0.214,0.0,0.0,36.33,0.214,5812.799999999999,6394.08,0.0
2011-09-04 22:00:00,B3820,0.214,0.0,0.0,36.33,0.214,5812.799999999999,6394.08,0.0
2011-09-04 23:00:00,B3820,0.119,0.0,0.0,36.33,0.119,5812.799999999999,6394.08,0.0
2011-09-05 00:00:00,B3820,2.519,2.4,0.0,36.33,2.519,5812.799999999999,6394.08,0.0
2011-09-05 01:00:00,B3820,2.519,2.4,0.0,36.33,2.519,5812.799999999999,6394.08,0.0
2011-09-05 02:00:00,B3820,2.519,2.4,0.0,36.33,2.519,5812.799999999999,6394.08,0.0
2011-09-05 03:00:00,B3820,2.519,2.4,0.0,36.33,2.519,5812.799999999999,6394.08,0.0
2011-09-05 04:00:00,B3820,2.519,2.4,0.0,36.33,2.519,5812.799999999999,6394.08,0.0
2011-09-05 05:00:00,B3820,0.214,0.0,0.0,36.33,0.214,5812.799999999999,6394.08,0.0
2011-09-05 06:00:00,B3820,0.786,0.0,0.0,36.33,0.786,5812.799999999999,6394.08,0.0
2011-09-05 07:00:00,B3820,0.215,0.0,0.74,36.33,-0.605,5812.799999999999,6394.08,0.82
2011-09-05 08:00:00,B3820,0.119,0.0,1.18,36.33,-1.121,5812.799999999999,6394.08,1.24
2011-09-05 09:00:00,B3820,0.119,0.0,1.57,36.33,-1.5010000000000001,5812.799999999999,6394.08,1.62
2011-09-05 10:00:00,B3820,0.119,0.0,1.83,36.33,-1.7510000000000001,5812.799999999999,6394.08,1.87
2011-09-05 11:00:00,B3820,0.119,0.0,2.0,36.33,-1.8909999999999998,5812.799999999999,6394.08,2.01
2011-09-05 12:00:00,B3820,0.786,0.0,2.05,36.33,-1.2839999999999998,5812.799999999999,6394.08,2.07
2011-09-05 13:00:00,B3820,0.214,0.0,1.98,36.33,-1.776,5812.799999999999,6394.08,1.99
2011-09-05 14:00:00,B3820,0.119,0.0,1.8,36.33,-1.681,5812.799999999999,6394.08,1.8
2011-09-05 15:00:00,B3820,0.119,0.0,1.49,36.33,-1.381,5812.799999999999,6394.08,1.5
2011-09-05 16:00:00,B3820,0.119,0.0,1.09,36.33,-0.9710000000000001,5812.799999999999,6394.08,1.09
2011-09-05 17:00:00,B3820,0.214,0.0,0.58,36.33,-0.366,5812.799999999999,6394.08,0.58
2011-09-05 18:00:00,B3820,0.786,0.0,0.0,36.33,0.786,5812.799999999999,6394.08,0.0
2011-09-05 19:00:00,B3820,0.977,0.0,0.0,36.33,0.977,5812.799999999999,6394.08,0.0
2011-09-05 20:00:00,B3820,0.214,0.0,0.0,36.33,0.214,5812.799999999999,6394.08,0.0
2011-09-05 21:00:00,B3820,0.214,0.0,0.0,36.33,0.214,5812.799999999999,6394.08,0.0
2011-09-05 22:00:00,B3820,0.214,0.0,0.0,36.33,0.214,5812.799999999999,6394.08,0.0
2011-09-05 23:00:00,B3820,0.119,0.0,0.0,36.33,0.119,5812.799999999999,6394.08,0.0
2011-09-06 00:00:00,B3820,2.519,2.4,0.0,36.33,2.519,5812.799999999999,6394.08,0.0
2011-09-06 01:00:00,B3820,2.519,2.4,0.0,36.33,2.519,5812.799999999999,6394.08,0.0
2011-09-06 02:00:00,B3820,2.519,2.4,0.0,36.33,2.519,5812.799999999999,6394.08,0.0
2011-09-06 03:00:00,B3820,2.519,2.4,0.0,36.33,2.519,5812.799999999999,6394.08,0.0
2011-09-06 04:00:00,B3820,2.519,2.4,0.0,36.33,2.519,5812.799999999999,6394.08,0.0
2011-09-06 05:00:00,B3820,0.214,0.0,0.0,36.33,0.214,5812.799999999999,6394.08,0.0
2011-09-06 06:00:00,B3820,0.786,0.0,0.0,36.33,0.786,5812.799999999999,6394.08,0.0
2011-09-06 07:00:00,B3820,0.215,0.0,0.66,36.33,-0.515,5812.799999999999,6394.08,0.73
2011-09-06 08:00:00,B3820,0.119,0.0,1.19,36.33,-1.151,5812.799999999999,6394.08,1.27
2011-09-06 09:00:00,B3820,0.119,0.0,1.58,36.33,-1.531,5812.799999999999,6394.08,1.65
2011-09-06 10:00:00,B3820,0.119,0.0,1.83,36.33,-1.7510000000000001,5812.799999999999,6394.08,1.87
2011-09-06 11:00:00,B3820,0.119,0.0,1.96,36.33,-1.871,5812.799999999999,6394.08,1.99
2011-09-06 12:00:00,B3820,0.786,0.0,2.01,36.33,-1.234,5812.799999999999,6394.08,2.02
2011-09-06 13:00:00,B3820,0.214,0.0,1.93,36.33,-1.736,5812.799999999999,6394.08,1.95
2011-09-06 14:00:00,B3820,0.119,0.0,1.69,36.33,-1.581,5812.799999999999,6394.08,1.7
2011-09-06 15:00:00,B3820,0.119,0.0,1.41,36.33,-1.301,5812.799999999999,6394.08,1.42
2011-09-06 16:00:00,B3820,0.119,0.0,1.06,36.33,-0.9510000000000001,5812.799999999999,6394.08,1.07
2011-09-06 17:00:00,B3820,0.214,0.0,0.52,36.33,-0.30600000000000005,5812.799999999999,6394.08,0.52
2011-09-06 18:00:00,B3820,0.786,0.0,0.0,36.33,0.786,5812.799999999999,6394.08,0.0
2011-09-06 19:00:00,B3820,0.977,0.0,0.0,36.33,0.977,5812.799999999999,6394.08,0.0
2011-09-06 20:00:00,B3820,0.214,0.0,0.0,36.33,0.214,5812.799999999999,6394.08,0.0
2011-09-06 21:00:00,B3820,0.214,0.0,0.0,36.33,0.214,5812.799999999999,6394.08,0.0
2011-09-06 22:00:00,B3820,0.214,0.0,0.0,36.33,0.214,5812.799999999999,6394.08,0.0
2011-09-06 23:00:00,B3820,0.119,0.0,0.0,36.33,0.119,5812.799999999999,6394.08,0.0
2011-09-07 00:00:00,B3820,2.519,2.4,0.0,36.33,2.519,5812.799999999999,6394.08,0.0
2011-09-07 01:00:00,B3820,2.519,2.4,0.0,36.33,2.519,5812.799999999999,6394.08,0.0
2011-09-07 02:00:00,B3820,2.519,2.4,0.0,36.33,2.519,5812.799999999999,6394.08,0.0
2011-09-07 03:00:00,B3820,2.519,2.4,0.0,36.33,2.519,5812.799999999999,6394.08,0.0
2011-09-07 04:00:00,B3820,2.519,2.4,0.0,36.33,2.519,5812.799999999999,6394.08,0.0
2011-09-07 05:00:00,B3820,0.214,0.0,0.0,36.33,0.214,5812.799999999999,6394.08,0.0
2011-09-07 06:00:00,B3820,0.786,0.0,0.0,36.33,0.786,5812.799999999999,6394.08,0.0
2011-09-07 07:00:00,B3820,0.215,0.0,0.63,36.33,-0.485,5812.799999999999,6394.08,0.7
2011-09-07 08:00:00,B3820,0.119,0.0,1.04,36.33,-0.9810000000000001,5812.799999999999,6394.08,1.1
2011-09-07 09:00:00,B3820,0.119,0.0,1.32,36.33,-1.2510000000000001,5812.799999999999,6394.08,1.37
2011-09-07 10:00:00,B3820,0.119,0.0,1.43,36.33,-1.341,5812.799999999999,6394.08,1.46
2011-09-07 11:00:00,B3820,0.119,0.0,1.48,36.33,-1.381,5812.799999999999,6394.08,1.5
2011-09-07 12:00:00,B3820,0.786,0.0,1.6,36.33,-0.8240000000000001,5812.799999999999,6394.08,1.61
2011-09-07 13:00:00,B3820,0.214,0.0,1.65,36.33,-1.456,5812.799999999999,6394.08,1.67
2011-09-07 14:00:00,B3820,0.119,0.0,1.48,36.33,-1.371,5812.799999999999,6394.08,1.49
2011-09-07 15:00:00,B3820,0.119,0.0,1.15,36.33,-1.041,5812.799999999999,6394.08,1.16
2011-09-07 16:00:00,B3820,0.119,0.0,0.9,36.33,-0.781,5812.799999999999,6394.08,0.9
2011-09-07 17:00:00,B3820,0.214,0.0,0.5,36.33,-0.28600000000000003,5812.799999999999,6394.08,0.5
2011-09-07 18:00:00,B3820,0.786,0.0,0.0,36.33,0.786,5812.799999999999,6394.08,0.0
2011-09-07 19:00:00,B3820,0.977,0.0,0.0,36.33,0.977,5812.799999999999,6394.08,0.0
2011-09-07 20:00:00,B3820,0.214,0.0,0.0,36.33,0.214,5812.799999999999,6394.08,0.0
2011-09-07 21:00:00,B3820,0.214,0.0,0.0,36.33,0.214,5812.799999999999,6394.08,0.0
2011-09-07 22:00:00,B3820,0.214,0.0,0.0,36.33,0.214,5812.799999999999,6394.08,0.0
2011-09-07 23:00:00,B3820,0.119,0.0,0.0,36.33,0.119,5812.799999999999,6394.08,0.0
2011-09-08 00:00:00,B3820,2.519,2.4,0.0,36.33,2.519,5812.799999999999,6394.08,0.0
2011-09-08 01:00:00,B3820,2.519,2.4,0.0,36.33,2.519,5812.799999999999,6394.08,0.0
2011-09-08 02:00:00,B3820,2.519,2.4,0.0,36.33,2.519,5812.799999999999,6394.08,0.0
2011-09-08 03:00:00,B3820,2.519,2.4,0.0,36.33,2.519,5812.799999999999,6394.08,0.0
2011-09-08 04:00:00,B3820,2.519,2.4,0.0,36.33,2.519,5812.799999999999,6394.08,0.0
2011-09-08 05:00:00,B3820,0.214,0.0,0.0,36.33,0.214,5812.799999999999,6394.08,0.0
2011-09-08 06:00:00,B3820,0.786,0.0,0.0,36.33,0.786,5812.799999999999,6394.08,0.0
2011-09-08 07:00:00,B3820,0.215,0.0,0.64,36.33,-0.505,5812.799999999999,6394.08,0.72
2011-09-08 08:00:00,B3820,0.119,0.0,1.04,36.33,-0.9810000000000001,5812.799999999999,6394.08,1.1
2011-09-08 09:00:00,B3820,0.119,0.0,1.36,36.33,-1.291,5812.799999999999,6394.08,1.41
2011-09-08 10:00:00,B3820,0.119,0.0,1.57,36.33,-1.481,5812.799999999999,6394.08,1.6
2011-09-08 11:00:00,B3820,0.119,0.0,1.72,36.33,-1.621,5812.799999999999,6394.08,1.74
2011-09-08 12:00:00,B3820,0.786,0.0,1.84,36.33,-1.064,5812.799999999999,6394.08,1.85
2011-09-08 13:00:00,B3820,0.214,0.0,1.9,36.33,-1.696,5812.799999999999,6394.08,1.91
2011-09-08 14:00:00,B3820,0.119,0.0,1.74,36.33,-1.631,5812.799999999999,6394.08,1.75
2011-09-08 15:00:00,B3820,0.119,0.0,1.46,36.33,-1.351,5812.799999999999,6394.08,1.47
2011-09-08 16:00:00,B3820,0.119,0.0,1.02,36.33,-0.901,5812.799999999999,6394.08,1.02
2011-09-08 17:00:00,B3820,0.214,0.0,0.53,36.33,-0.31600000000000006,5812.799999999999,6394.08,0.53
2011-09-08 18:00:00,B3820,0.786,0.0,0.0,36.33,0.786,5812.799999999999,6394.08,0.0
2011-09-08 19:00:00,B3820,0.977,0.0,0.0,36.33,0.977,5812.799999999999,6394.08,0.0
2011-09-08 20:00:00,B3820,0.214,0.0,0.0,36.33,0.214,5812.799999999999,6394.08,0.0
2011-09-08 21:00:00,B3820,0.214,0.0,0.0,36.33,0.214,5812.799999999999,6394.08,0.0
2011-09-08 22:00:00,B3820,0.214,0.0,0.0,36.33,0.214,5812.799999999999,6394.08,0.0
2011-09-08 23:00:00,B3820,0.119,0.0,0.0,36.33,0.119,5812.799999999999,6394.08,0.0
2011-09-09 00:00:00,B3820,2.519,2.4,0.0,36.33,2.519,5812.799999999999,6394.08,0.0
2011-09-09 01:00:00,B3820,2.519,2.4,0.0,36.33,2.519,5812.799999999999,6394.08,0.0
2011-09-09 02:00:00,B3820,2.519,2.4,0.0,36.33,2.519,5812.799999999999,6394.08,0.0
2011-09-09 03:00:00,B3820,2.519,2.4,0.0,36.33,2.519,5812.799999999999,6394.08,0.0
2011-09-09 04:00:00,B3820,2.519,2.4,0.0,36.33,2.519,5812.799999999999,6394.08,0.0
2011-09-09 05:00:00,B3820,0.214,0.0,0.0,36.33,0.214,5812.799999999999,6394.08,0.0
2011-09-09 06:00:00,B3820,0.786,0.0,0.0,36.33,0.786,5812.799999999999,6394.08,0.0
2011-09-09 07:00:00,B3820,0.215,0.0,0.6,36.33,-0.45500000000000007,5812.799999999999,6394.08,0.67
2011-09-09 08:00:00,B3820,0.119,0.0,1.04,36.33,-0.9810000000000001,5812.799999999999,6394.08,1.1
2011-09-09 09:00:00,B3820,0.119,0.0,1.42,36.33,-1.351,5812.799999999999,6394.08,1.47
2011-09-09 10:00:00,B3820,0.119,0.0,1.71,36.33,-1.631,5812.799999999999,6394.08,1.75
2011-09-09 11:00:00,B3820,0.119,0.0,1.89,36.33,-1.791,5812.799999999999,6394.08,1.91
2011-09-09 12:00:00,B3820,0.786,0.0,1.94,36.33,-1.164,5812.799999999999,6394.08,1.95
2011-09-09 13:00:00,B3820,0.214,0.0,1.88,36.33,-1.676,5812.799999999999,6394.08,1.89
2011-09-09 14:00:00,B3820,0.119,0.0,1.71,36.33,-1.601,5812.799999999999,6394.08,1.72
2011-09-09 15:00:00,B3820,0.119,0.0,1.42,36.33,-1.301,5812.799999999999,6394.08,1.42
2011-09-09 16:00:00,B3820,0.119,0.0,1.02,36.33,-0.901,5812.799999999999,6394.08,1.02
2011-09-09 17:00:00,B3820,0.214,0.0,0.52,36.33,-0.30600000000000005,5812.799999999999,6394.08,0.52
2011-09-09 18:00:00,B3820,0.786,0.0,0.0,36.33,0.786,5812.799999999999,6394.08,0.0
2011-09-09 19:00:00,B3820,0.977,0.0,0.0,36.33,0.977,5812.799999999999,6394.08,0.0
2011-09-09 20:00:00,B3820,0.214,0.0,0.0,36.33,0.214,5812.799999999999,6394.08,0.0
2011-09-09 21:00:00,B3820,0.214,0.0,0.0,36.33,0.214,5812.799999999999,6394.08,0.0
2011-09-09 22:00:00,B3820,0.214,0.0,0.0,36.33,0.214,5812.799999999999,6394.08,0.0
2011-09-09 23:00:00,B3820,0.119,0.0,0.0,36.33,0.119,5812.799999999999,6394.08,0.0
2011-09-10 00:00:00,B3820,0.119,0.0,0.0,36.33,0.119,5812.799999999999,6394.08,0.0
2011-09-10 01:00:00,B3820,0.119,0.0,0.0,36.33,0.119,5812.799999999999,6394.08,0.0
2011-09-10 02:00:00,B3820,0.119,0.0,0.0,36.33,0.119,5812.799999999999,6394.08,0.0
2011-09-10 03:00:00,B3820,0.119,0.0,0.0,36.33,0.119,5812.799999999999,6394.08,0.0
2011-09-10 04:00:00,B3820,0.119,0.0,0.0,36.33,0.119,5812.799999999999,6394.08,0.0
2011-09-10 05:00:00,B3820,0.214,0.0,0.0,36.33,0.214,5812.799999999999,6394.08,0.0
2011-09-10 06:00:00,B3820,0.786,0.0,0.0,36.33,0.786,5812.799999999999,6394.08,0.0
2011-09-10 07:00:00,B3820,0.214,0.0,0.58,36.33,-0.43600000000000005,5812.799999999999,6394.08,0.65
2011-09-10 08:00:00,B3820,2.519,2.4,1.02,36.33,1.439,5812.799999999999,6394.08,1.08
2011-09-10 09:00:00,B3820,2.519,2.4,1.43,36.33,1.0390000000000001,5812.799999999999,6394.08,1.48
2011-09-10 10:00:00,B3820,2.519,2.4,1.7,36.33,0.7890000000000001,5812.799999999999,6394.08,1.73
2011-09-10 11:00:00,B3820,2.519,2.4,1.92,36.33,0.5790000000000002,5812.799999999999,6394.08,1.94
2011-09-10 12:00:00,B3820,3.186,2.4,1.97,36.33,1.206,5812.799999999999,6394.08,1.98
2011-09-10 13:00:00,B3820,0.214,0.0,1.93,36.33,-1.736,5812.799999999999,6394.08,1.95
2011-09-10 14:00:00,B3820,0.119,0.0,1.73,36.33,-1.621,5812.799999999999,6394.08,1.74
2011-09-10 15:00:00,B3820,0.119,0.0,1.37,36.33,-1.261,5812.799999999999,6394.08,1.38
2011-09-10 16:00:00,B3820,0.119,0.0,0.92,36.33,-0.811,5812.799999999999,6394.08,0.93
2011-09-10 17:00:00,B3820,0.214,0.0,0.5,36.33,-0.28600000000000003,5812.799999999999,6394.08,0.5
2011-09-10 18:00:00,B3820,0.786,0.0,0.0,36.33,0.786,5812.799999999999,6394.08,0.0
2011-09-10 19:00:00,B3820,0.977,0.0,0.0,36.33,0.977,5812.799999999999,6394.08,0.0
2011-09-10 20:00:00,B3820,0.214,0.0,0.0,36.33,0.214,5812.799999999999,6394.08,0.0
2011-09-10 21:00:00,B3820,0.214,0.0,0.0,36.33,0.214,5812.799999999999,6394.08,0.0
2011-09-10 22:00:00,B3820,0.214,0.0,0.0,36.33,0.214,5812.799999999999,6394.08,0.0
2011-09-10 23:00:00,B3820,0.119,0.0,0.0,36.33,0.119,5812.799999999999,6394.08,0.0
2011-09-11 00:00:00,B3820,0.119,0.0,0.0,36.33,0.119,5812.799999999999,6394.08,0.0
2011-09-11 01:00:00,B3820,0.119,0.0,0.0,36.33,0.119,5812.799999999999,6394.08,0.0
2011-09-11 02:00:00,B3820,0.119,0.0,0.0,36.33,0.119,5812.799999999999,6394.08,0.0
2011-09-11 03:00:00,B3820,0.119,0.0,0.0,36.33,0.119,5812.799999999999,6394.08,0.0
2011-09-11 04:00:00,B3820,0.119,0.0,0.0,36.33,0.119,5812.799999999999,6394.08,0.0
2011-09-11 05:00:00,B3820,0.214,0.0,0.0,36.33,0.214,5812.799999999999,6394.08,0.0
2011-09-11 06:00:00,B3820,0.786,0.0,0.0,36.33,0.786,5812.799999999999,6394.08,0.0
2011-09-11 07:00:00,B3820,0.214,0.0,0.53,36.33,-0.386,5812.799999999999,6394.08,0.6
2011-09-11 08:00:00,B3820,2.519,2.4,0.96,36.33,1.499,5812.799999999999,6394.08,1.02
2011-09-11 09:00:00,B3820,2.519,2.4,1.36,36.33,1.1190000000000002,5812.799999999999,6394.08,1.4
2011-09-11 10:00:00,B3820,2.519,2.4,1.63,36.33,0.8590000000000002,5812.799999999999,6394.08,1.66
2011-09-11 11:00:00,B3820,2.519,2.4,1.8,36.33,0.7090000000000001,5812.799999999999,6394.08,1.81
2011-09-11 12:00:00,B3820,3.186,2.4,1.86,36.33,1.3159999999999998,5812.799999999999,6394.08,1.87
2011-09-11 13:00:00,B3820,0.214,0.0,1.8,36.33,-1.596,5812.799999999999,6394.08,1.81
2011-09-11 14:00:00,B3820,0.119,0.0,1.64,36.33,-1.521,5812.799999999999,6394.08,1.64
2011-09-11 15:00:00,B3820,0.119,0.0,1.34,36.33,-1.231,5812.799999999999,6394.08,1.35
2011-09-11 16:00:00,B3820,0.119,0.0,0.95,36.33,-0.831,5812.799999999999,6394.08,0.95
2011-09-11 17:00:00,B3820,0.214,0.0,0.47,36.33,-0.256,5812.799999999999,6394.08,0.47
2011-09-11 18:00:00,B3820,0.786,0.0,0.0,36.33,0.786,5812.799999999999,6394.08,0.0
2011-09-11 19:00:00,B3820,0.977,0.0,0.0,36.33,0.977,5812.799999999999,6394.08,0.0
2011-09-11 20:00:00,B3820,0.214,0.0,0.0,36.33,0.214,5812.799999999999,6394.08,0.0
2011-09-11 21:00:00,B3820,0.214,0.0,0.0,36.33,0.214,5812.799999999999,6394.08,0.0
2011-09-11 22:00:00,B3820,0.214,0.0,0.0,36.33,0.214,5812.799999999999,6394.08,0.0
2011-09-11 23:00:00,B3820,0.119,0.0,0.0,36.33,0.119,5812.799999999999,6394.08,0.0
2011-09-12 00:00:00,B3820,2.519,2.4,0.0,36.33,2.519,5812.799999999999,6394.08,0.0
2011-09-12 01:00:00,B3820,2.519,2.4,0.0,36.33,2.519,5812.799999999999,6394.08,0.0
2011-09-12 02:00:00,B3820,2.519,2.4,0.0,36.33,2.519,5812.799999999999,6394.08,0.0
2011-09-12 03:00:00,B3820,2.519,2.4,0.0,36.33,2.519,5812.799999999999,6394.08,0.0
2011-09-12 04:00:00,B3820,2.519,2.4,0.0,36.33,2.519,5812.799999999999,6394.08,0.0
2011-09-12 05:00:00,B3820,0.214,0.0,0.0,36.33,0.214,5812.799999999999,6394.08,0.0
2011-09-12 06:00:00,B3820,0.786,0.0,0.0,36.33,0.786,5812.799999999999,6394.08,0.0
2011-09-12 07:00:00,B3820,0.215,0.0,0.52,36.33,-0.375,5812.799999999999,6394.08,0.59
2011-09-12 08:00:00,B3820,0.119,0.0,0.95,36.33,-0.891,5812.799999999999,6394.08,1.01
2011-09-12 09:00:00,B3820,0.119,0.0,1.38,36.33,-1.311,5812.799999999999,6394.08,1.43
2011-09-12 10:00:00,B3820,0.119,0.0,1.63,36.33,-1.551,5812.799999999999,6394.08,1.67
2011-09-12 11:00:00,B3820,0.119,0.0,1.79,36.33,-1.681,5812.799999999999,6394.08,1.8
2011-09-12 12:00:00,B3820,0.786,0.0,1.83,36.33,-1.054,5812.799999999999,6394.08,1.84
2011-09-12 13:00:00,B3820,0.214,0.0,1.76,36.33,-1.546,5812.799999999999,6394.08,1.76
2011-09-12 14:00:00,B3820,0.119,0.0,1.57,36.33,-1.461,5812.799999999999,6394.08,1.58
2011-09-12 15:00:00,B3820,0.119,0.0,1.27,36.33,-1.151,5812.799999999999,6394.08,1.27
2011-09-12 16:00:00,B3820,0.119,0.0,0.86,36.33,-0.741,5812.799999999999,6394.08,0.86
2011-09-12 17:00:00,B3820,0.214,0.0,0.43,36.33,-0.216,5812.799999999999,6394.08,0.43
2011-09-12 18:00:00,B3820,0.786,0.0,0.0,36.33,0.786,5812.799999999999,6394.08,0.0
2011-09-12 19:00:00,B3820,0.977,0.0,0.0,36.33,0.977,5812.799999999999,6394.08,0.0
2011-09-12 20:00:00,B3820,0.214,0.0,0.0,36.33,0.214,5812.799999999999,6394.08,0.0
2011-09-12 21:00:00,B3820,0.214,0.0,0.0,36.33,0.214,5812.799999999999,6394.08,0.0
2011-09-12 22:00:00,B3820,0.214,0.0,0.0,36.33,0.214,5812.799999999999,6394.08,0.0
2011-09-12 23:00:00,B3820,0.119,0.0,0.0,36.33,0.119,5812.799999999999,6394.08,0.0
2011-09-13 00:00:00,B3820,2.519,2.4,0.0,36.33,2.519,5812.799999999999,6394.08,0.0
2011-09-13 01:00:00,B3820,2.519,2.4,0.0,36.33,2.519,5812.799999999999,6394.08,0.0
2011-09-13 02:00:00,B3820,2.519,2.4,0.0,36.33,2.519,5812.799999999999,6394.08,0.0
2011-09-13 03:00:00,B3820,2.519,2.4,0.0,36.33,2.519,5812.799999999999,6394.08,0.0
2011-09-13 04:00:00,B3820,2.519,2.4,0.0,36.33,2.519,5812.799999999999,6394.08,0.0
2011-09-13 05:00:00,B3820,0.214,0.0,0.0,36.33,0.214,5812.799999999999,6394.08,0.0
2011-09-13 06:00:00,B3820,0.786,0.0,0.0,36.33,0.786,5812.799999999999,6394.08,0.0
2011-09-13 07:00:00,B3820,0.215,0.0,0.47,36.33,-0.31500000000000006,5812.799999999999,6394.08,0.53
2011-09-13 08:00:00,B3820,0.119,0.0,0.91,36.33,-0.851,5812.799999999999,6394.08,0.97
2011-09-13 09:00:00,B3820,0.119,0.0,1.29,36.33,-1.221,5812.799999999999,6394.08,1.34
2011-09-13 10:00:00,B3820,0.119,0.0,1.54,36.33,-1.451,5812.799999999999,6394.08,1.57
2011-09-13 11:00:00,B3820,0.119,0.0,1.72,36.33,-1.611,5812.799999999999,6394.08,1.73
2011-09-13 12:00:00,B3820,0.786,0.0,1.78,36.33,-1.004,5812.799999999999,6394.08,1.79
2011-09-13 13:00:00,B3820,0.214,0.0,1.71,36.33,-1.496,5812.799999999999,6394.08,1.71
2011-09-13 14:00:00,B3820,0.119,0.0,1.57,36.33,-1.461,5812.799999999999,6394.08,1.58
2011-09-13 15:00:00,B3820,0.119,0.0,1.26,36.33,-1.151,5812.799999999999,6394.08,1.27
2011-09-13 16:00:00,B3820,0.119,0.0,0.89,36.33,-0.771,5812.799999999999,6394.08,0.89
2011-09-13 17:00:00,B3820,0.214,0.0,0.43,36.33,-0.216,5812.799999999999,6394.08,0.43
2011-09-13 18:00:00,B3820,0.786,0.0,0.0,36.33,0.786,5812.799999999999,6394.08,0.0
2011-09-13 19:00:00,B3820,0.977,0.0,0.0,36.33,0.977,5812.799999999999,6394.08,0.0
2011-09-13 20:00:00,B3820,0.214,0.0,0.0,36.33,0.214,5812.799999999999,6394.08,0.0
2011-09-13 21:00:00,B3820,0.214,0.0,0.0,36.33,0.214,5812.799999999999,6394.08,0.0
2011-09-13 22:00:00,B3820,0.214,0.0,0.0,36.33,0.214,5812.799999999999,6394.08,0.0
2011-09-13 23:00:00,B3820,0.119,0.0,0.0,36.33,0.119,5812.799999999999,6394.08,0.0
2011-09-14 00:00:00,B3820,2.519,2.4,0.0,36.33,2.519,5812.799999999999,6394.08,0.0
2011-09-14 01:00:00,B3820,2.519,2.4,0.0,36.33,2.519,5812.799999999999,6394.08,0.0
2011-09-14 02:00:00,B3820,2.519,2.4,0.0,36.33,2.519,5812.799999999999,6394.08,0.0
2011-09-14 03:00:00,B3820,2.519,2.4,0.0,36.33,2.519,5812.799999999999,6394.08,0.0
2011-09-14 04:00:00,B3820,2.519,2.4,0.0,36.33,2.519,5812.799999999999,6394.08,0.0
2011-09-14 05:00:00,B3820,0.214,0.0,0.0,36.33,0.214,5812.799999999999,6394.08,0.0
2011-09-14 06:00:00,B3820,0.786,0.0,0.0,36.33,0.786,5812.799999999999,6394.08,0.0
2011-09-14 07:00:00,B3820,0.215,0.0,0.59,36.33,-0.44500000000000006,5812.799999999999,6394.08,0.66
2011-09-14 08:00:00,B3820,0.119,0.0,1.06,36.33,-1.021,5812.799999999999,6394.08,1.14
2011-09-14 09:00:00,B3820,0.119,0.0,1.37,36.33,-1.311,5812.799999999999,6394.08,1.43
2011-09-14 10:00:00,B3820,0.119,0.0,1.6,36.33,-1.521,5812.799999999999,6394.08,1.64
2011-09-14 11:00:00,B3820,0.119,0.0,1.71,36.33,-1.611,5812.799999999999,6394.08,1.73
2011-09-14 12:00:00,B3820,0.786,0.0,1.79,36.33,-1.014,5812.799999999999,6394.08,1.8
2011-09-14 13:00:00,B3820,0.214,0.0,1.74,36.33,-1.536,5812.799999999999,6394.08,1.75
2011-09-14 14:00:00,B3820,0.119,0.0,1.58,36.33,-1.481,5812.799999999999,6394.08,1.6
2011-09-14 15:00:00,B3820,0.119,0.0,1.27,36.33,-1.161,5812.799999999999,6394.08,1.28
2011-09-14 16:00:00,B3820,0.119,0.0,0.85,36.33,-0.741,5812.799999999999,6394.08,0.86
2011-09-14 17:00:00,B3820,0.214,0.0,0.3,36.33,-0.086,5812.799999999999,6394.08,0.3
2011-09-14 18:00:00,B3820,0.786,0.0,0.0,36.33,0.786,5812.799999999999,6394.08,0.0
2011-09-14 19:00:00,B3820,0.977,0.0,0.0,36.33,0.977,5812.799999999999,6394.08,0.0
2011-09-14 20:00:00,B3820,0.214,0.0,0.0,36.33,0.214,5812.799999999999,6394.08,0.0
2011-09-14 21:00:00,B3820,0.214,0.0,0.0,36.33,0.214,5812.799999999999,6394.08,0.0
2011-09-14 22:00:00,B3820,0.214,0.0,0.0,36.33,0.214,5812.799999999999,6394.08,0.0
2011-09-14 23:00:00,B3820,0.119,0.0,0.0,36.33,0.119,5812.799999999999,6394.08,0.0
2011-09-15 00:00:00,B3820,2.519,2.4,0.0,36.33,2.519,5812.799999999999,6394.08,0.0
2011-09-15 01:00:00,B3820,2.519,2.4,0.0,36.33,2.519,5812.799999999999,6394.08,0.0
2011-09-15 02:00:00,B3820,2.519,2.4,0.0,36.33,2.519,5812.799999999999,6394.08,0.0
2011-09-15 03:00:00,B3820,2.519,2.4,0.0,36.33,2.519,5812.799999999999,6394.08,0.0
2011-09-15 04:00:00,B3820,2.519,2.4,0.0,36.33,2.519,5812.799999999999,6394.08,0.0
2011-09-15 05:00:00,B3820,0.214,0.0,0.0,36.33,0.214,5812.799999999999,6394.08,0.0
2011-09-15 06:00:00,B3820,0.786,0.0,0.0,36.33,0.786,5812.799999999999,6394.08,0.0
2011-09-15 07:00:00,B3820,0.215,0.0,0.43,36.33,-0.24500000000000002,5812.799999999999,6394.08,0.46
2011-09-15 08:00:00,B3820,0.119,0.0,0.69,36.33,-0.611,5812.799999999999,6394.08,0.73
2011-09-15 09:00:00,B3820,0.119,0.0,0.76,36.33,-0.681,5812.799999999999,6394.08,0.8
2011-09-15 10:00:00,B3820,0.119,0.0,0.93,36.33,-0.841,5812.799999999999,6394.08,0.96
2011-09-15 11:00:00,B3820,0.119,0.0,1.01,36.33,-0.921,5812.799999999999,6394.08,1.04
2011-09-15 12:00:00,B3820,0.786,0.0,0.9,36.33,-0.134,5812.799999999999,6394.08,0.92
2011-09-15 13:00:00,B3820,0.214,0.0,1.03,36.33,-0.8360000000000001,5812.799999999999,6394.08,1.05
2011-09-15 14:00:00,B3820,0.119,0.0,1.1,36.33,-1.0010000000000001,5812.799999999999,6394.08,1.12
2011-09-15 15:00:00,B3820,0.119,0.0,0.91,36.33,-0.811,5812.799999999999,6394.08,0.93
2011-09-15 16:00:00,B3820,0.119,0.0,0.56,36.33,-0.45099999999999996,5812.799999999999,6394.08,0.57
2011-09-15 17:00:00,B3820,0.214,0.0,0.0,36.33,0.214,5812.799999999999,6394.08,0.0
2011-09-15 18:00:00,B3820,0.786,0.0,0.0,36.33,0.786,5812.799999999999,6394.08,0.0
2011-09-15 19:00:00,B3820,0.977,0.0,0.0,36.33,0.977,5812.799999999999,6394.08,0.0
2011-09-15 20:00:00,B3820,0.214,0.0,0.0,36.33,0.214,5812.799999999999,6394.08,0.0
2011-09-15 21:00:00,B3820,0.214,0.0,0.0,36.33,0.214,5812.799999999999,6394.08,0.0
2011-09-15 22:00:00,B3820,0.214,0.0,0.0,36.33,0.214,5812.799999999999,6394.08,0.0
2011-09-15 23:00:00,B3820,0.119,0.0,0.0,36.33,0.119,5812.799999999999,6394.08,0.0
2011-09-16 00:00:00,B3820,2.519,2.4,0.0,36.33,2.519,5812.799999999999,6394.08,0.0
2011-09-16 01:00:00,B3820,2.519,2.4,0.0,36.33,2.519,5812.799999999999,6394.08,0.0
2011-09-16 02:00:00,B3820,2.519,2.4,0.0,36.33,2.519,5812.799999999999,6394.08,0.0
2011-09-16 03:00:00,B3820,2.519,2.4,0.0,36.33,2.519,5812.799999999999,6394.08,0.0
2011-09-16 04:00:00,B3820,2.519,2.4,0.0,36.33,2.519,5812.799999999999,6394.08,0.0
2011-09-16 05:00:00,B3820,0.214,0.0,0.0,36.33,0.214,5812.799999999999,6394.08,0.0
2011-09-16 06:00:00,B3820,0.786,0.0,0.0,36.33,0.786,5812.799999999999,6394.08,0.0
2011-09-16 07:00:00,B3820,0.215,0.0,0.46,36.33,-0.30500000000000005,5812.799999999999,6394.08,0.52
2011-09-16 08:00:00,B3820,0.119,0.0,0.86,36.33,-0.811,5812.799999999999,6394.08,0.93
2011-09-16 09:00:00,B3820,0.119,0.0,1.29,36.33,-1.221,5812.799999999999,6394.08,1.34
2011-09-16 10:00:00,B3820,0.119,0.0,1.53,36.33,-1.451,5812.799999999999,6394.08,1.57
2011-09-16 11:00:00,B3820,0.119,0.0,1.65,36.33,-1.541,5812.799999999999,6394.08,1.66
2011-09-16 12:00:00,B3820,0.786,0.0,1.68,36.33,-0.9039999999999999,5812.799999999999,6394.08,1.69
2011-09-16 13:00:00,B3820,0.214,0.0,1.6,36.33,-1.3860000000000001,5812.799999999999,6394.08,1.6
2011-09-16 14:00:00,B3820,0.119,0.0,1.47,36.33,-1.351,5812.799999999999,6394.08,1.47
2011-09-16 15:00:00,B3820,0.119,0.0,1.22,36.33,-1.111,5812.799999999999,6394.08,1.23
2011-09-16 16:00:00,B3820,0.119,0.0,0.84,36.33,-0.721,5812.799999999999,6394.08,0.84
2011-09-16 17:00:00,B3820,0.214,0.0,0.27,36.33,-0.05600000000000002,5812.799999999999,6394.08,0.27
2011-09-16 18:00:00,B3820,0.786,0.0,0.0,36.33,0.786,5812.799999999999,6394.08,0.0
2011-09-16 19:00:00,B3820,0.977,0.0,0.0,36.33,0.977,5812.799999999999,6394.08,0.0
2011-09-16 20:00:00,B3820,0.214,0.0,0.0,36.33,0.214,5812.799999999999,6394.08,0.0
2011-09-16 21:00:00,B3820,0.214,0.0,0.0,36.33,0.214,5812.799999999999,6394.08,0.0
2011-09-16 22:00:00,B3820,0.214,0.0,0.0,36.33,0.214,5812.799999999999,6394.08,0.0
2011-09-16 23:00:00,B3820,0.119,0.0,0.0,36.33,0.119,5812.799999999999,6394.08,0.0
2011-09-17 00:00:00,B3820,0.119,0.0,0.0,36.33,0.119,5812.799999999999,6394.08,0.0
2011-09-17 01:00:00,B3820,0.119,0.0,0.0,36.33,0.119,5812.799999999999,6394.08,0.0
2011-09-17 02:00:00,B3820,0.119,0.0,0.0,36.33,0.119,5812.799999999999,6394.08,0.0
2011-09-17 03:00:00,B3820,0.119,0.0,0.0,36.33,0.119,5812.799999999999,6394.08,0.0
2011-09-17 04:00:00,B3820,0.119,0.0,0.0,36.33,0.119,5812.799999999999,6394.08,0.0
2011-09-17 05:00:00,B3820,0.214,0.0,0.0,36.33,0.214,5812.799999999999,6394.08,0.0
2011-09-17 06:00:00,B3820,0.786,0.0,0.0,36.33,0.786,5812.799999999999,6394.08,0.0
2011-09-17 07:00:00,B3820,0.214,0.0,0.39,36.33,-0.24600000000000002,5812.799999999999,6394.08,0.46
2011-09-17 08:00:00,B3820,2.519,2.4,0.81,36.33,1.6390000000000002,5812.799999999999,6394.08,0.88
2011-09-17 09:00:00,B3820,2.519,2.4,1.18,36.33,1.2890000000000001,5812.799999999999,6394.08,1.23
2011-09-17 10:00:00,B3820,2.519,2.4,1.43,36.33,1.0590000000000002,5812.799999999999,6394.08,1.46
2011-09-17 11:00:00,B3820,2.519,2.4,1.67,36.33,0.8290000000000002,5812.799999999999,6394.08,1.69
2011-09-17 12:00:00,B3820,3.186,2.4,1.75,36.33,1.426,5812.799999999999,6394.08,1.76
2011-09-17 13:00:00,B3820,0.214,0.0,1.67,36.33,-1.456,5812.799999999999,6394.08,1.67
2011-09-17 14:00:00,B3820,0.119,0.0,1.5,36.33,-1.391,5812.799999999999,6394.08,1.51
2011-09-17 15:00:00,B3820,0.119,0.0,1.21,36.33,-1.091,5812.799999999999,6394.08,1.21
2011-09-17 16:00:00,B3820,0.119,0.0,0.82,36.33,-0.701,5812.799999999999,6394.08,0.82
2011-09-17 17:00:00,B3820,0.214,0.0,0.26,36.33,-0.04600000000000001,5812.799999999999,6394.08,0.26
2011-09-17 18:00:00,B3820,0.786,0.0,0.0,36.33,0.786,5812.799999999999,6394.08,0.0
2011-09-17 19:00:00,B3820,0.977,0.0,0.0,36.33,0.977,5812.799999999999,6394.08,0.0
2011-09-17 20:00:00,B3820,0.214,0.0,0.0,36.33,0.214,5812.799999999999,6394.08,0.0
2011-09-17 21:00:00,B3820,0.214,0.0,0.0,36.33,0.214,5812.799999999999,6394.08,0.0
2011-09-17 22:00:00,B3820,0.214,0.0,0.0,36.33,0.214,5812.799999999999,6394.08,0.0
2011-09-17 23:00:00,B3820,0.119,0.0,0.0,36.33,0.119,5812.799999999999,6394.08,0.0
2011-09-18 00:00:00,B3820,0.119,0.0,0.0,36.33,0.119,5812.799999999999,6394.08,0.0
2011-09-18 01:00:00,B3820,0.119,0.0,0.0,36.33,0.119,5812.799999999999,6394.08,0.0
2011-09-18 02:00:00,B3820,0.119,0.0,0.0,36.33,0.119,5812.799999999999,6394.08,0.0
2011-09-18 03:00:00,B3820,0.119,0.0,0.0,36.33,0.119,5812.799999999999,6394.08,0.0
2011-09-18 04:00:00,B3820,0.119,0.0,0.0,36.33,0.119,5812.799999999999,6394.08,0.0
2011-09-18 05:00:00,B3820,0.214,0.0,0.0,36.33,0.214,5812.799999999999,6394.08,0.0
2011-09-18 06:00:00,B3820,0.786,0.0,0.0,36.33,0.786,5812.799999999999,6394.08,0.0
2011-09-18 07:00:00,B3820,0.214,0.0,0.39,36.33,-0.23600000000000002,5812.799999999999,6394.08,0.45
2011-09-18 08:00:00,B3820,2.519,2.4,0.8,36.33,1.649,5812.799999999999,6394.08,0.87
2011-09-18 09:00:00,B3820,2.519,2.4,1.26,36.33,1.199,5812.799999999999,6394.08,1.32
2011-09-18 10:00:00,B3820,2.519,2.4,1.54,36.33,0.9390000000000001,5812.799999999999,6394.08,1.58
2011-09-18 11:00:00,B3820,2.519,2.4,1.68,36.33,0.8090000000000002,5812.799999999999,6394.08,1.71
2011-09-18 12:00:00,B3820,3.186,2.4,1.72,36.33,1.446,5812.799999999999,6394.08,1.74
2011-09-18 13:00:00,B3820,0.214,0.0,1.62,36.33,-1.416,5812.799999999999,6394.08,1.63
2011-09-18 14:00:00,B3820,0.119,0.0,1.43,36.33,-1.321,5812.799999999999,6394.08,1.44
2011-09-18 15:00:00,B3820,0.119,0.0,1.16,36.33,-1.051,5812.799999999999,6394.08,1.17
2011-09-18 16:00:00,B3820,0.119,0.0,0.8,36.33,-0.681,5812.799999999999,6394.08,0.8
2011-09-18 17:00:00,B3820,0.214,0.0,0.25,36.33,-0.036000000000000004,5812.799999999999,6394.08,0.25
2011-09-18 18:00:00,B3820,0.786,0.0,0.0,36.33,0.786,5812.799999999999,6394.08,0.0
2011-09-18 19:00:00,B3820,0.977,0.0,0.0,36.33,0.977,5812.799999999999,6394.08,0.0
2011-09-18 20:00:00,B3820,0.214,0.0,0.0,36.33,0.214,5812.799999999999,6394.08,0.0
2011-09-18 21:00:00,B3820,0.214,0.0,0.0,36.33,0.214,5812.799999999999,6394.08,0.0
2011-09-18 22:00:00,B3820,0.214,0.0,0.0,36.33,0.214,5812.799999999999,6394.08,0.0
2011-09-18 23:00:00,B3820,0.119,0.0,0.0,36.33,0.119,5812.799999999999,6394.08,0.0
2011-09-19 00:00:00,B3820,2.519,2.4,0.0,36.33,2.519,5812.799999999999,6394.08,0.0
2011-09-19 01:00:00,B3820,2.519,2.4,0.0,36.33,2.519,5812.799999999999,6394.08,0.0
2011-09-19 02:00:00,B3820,2.519,2.4,0.0,36.33,2.519,5812.799999999999,6394.08,0.0
2011-09-19 03:00:00,B3820,2.519,2.4,0.0,36.33,2.519,5812.799999999999,6394.08,0.0
2011-09-19 04:00:00,B3820,2.519,2.4,0.0,36.33,2.519,5812.799999999999,6394.08,0.0
2011-09-19 05:00:00,B3820,0.214,0.0,0.0,36.33,0.214,5812.799999999999,6394.08,0.0
2011-09-19 06:00:00,B3820,0.786,0.0,0.0,36.33,0.786,5812.799999999999,6394.08,0.0
2011-09-19 07:00:00,B3820,0.215,0.0,0.31,36.33,-0.155,5812.799999999999,6394.08,0.37
2011-09-19 08:00:00,B3820,0.119,0.0,0.7,36.33,-0.641,5812.799999999999,6394.08,0.76
2011-09-19 09:00:00,B3820,0.119,0.0,1.11,36.33,-1.031,5812.799999999999,6394.08,1.15
2011-09-19 10:00:00,B3820,0.119,0.0,1.38,36.33,-1.291,5812.799999999999,6394.08,1.41
2011-09-19 11:00:00,B3820,0.119,0.0,1.56,36.33,-1.451,5812.799999999999,6394.08,1.57
2011-09-19 12:00:00,B3820,0.786,0.0,1.63,36.33,-0.8539999999999999,5812.799999999999,6394.08,1.64
2011-09-19 13:00:00,B3820,0.214,0.0,1.59,36.33,-1.3760000000000001,5812.799999999999,6394.08,1.59
2011-09-19 14:00:00,B3820,0.119,0.0,1.42,36.33,-1.301,5812.799999999999,6394.08,1.42
2011-09-19 15:00:00,B3820,0.119,0.0,1.14,36.33,-1.031,5812.799999999999,6394.08,1.15
2011-09-19 16:00:00,B3820,0.119,0.0,0.77,36.33,-0.651,5812.799999999999,6394.08,0.77
2011-09-19 17:00:00,B3820,0.214,0.0,0.24,36.33,-0.025999999999999995,5812.799999999999,6394.08,0.24
2011-09-19 18:00:00,B3820,0.786,0.0,0.0,36.33,0.786,5812.799999999999,6394.08,0.0
2011-09-19 19:00:00,B3820,0.977,0.0,0.0,36.33,0.977,5812.799999999999,6394.08,0.0
2011-09-19 20:00:00,B3820,0.214,0.0,0.0,36.33,0.214,5812.799999999999,6394.08,0.0
2011-09-19 21:00:00,B3820,0.214,0.0,0.0,36.33,0.214,5812.799999999999,6394.08,0.0
2011-09-19 22:00:00,B3820,0.214,0.0,0.0,36.33,0.214,5812.799999999999,6394.08,0.0
2011-09-19 23:00:00,B3820,0.119,0.0,0.0,36.33,0.119,5812.799999999999,6394.08,0.0
2011-09-20 00:00:00,B3820,2.519,2.4,0.0,36.33,2.519,5812.799999999999,6394.08,0.0
2011-09-20 01:00:00,B3820,2.519,2.4,0.0,36.33,2.519,5812.799999999999,6394.08,0.0
2011-09-20 02:00:00,B3820,2.519,2.4,0.0,36.33,2.519,5812.799999999999,6394.08,0.0
2011-09-20 03:00:00,B3820,2.519,2.4,0.0,36.33,2.519,5812.799999999999,6394.08,0.0
2011-09-20 04:00:00,B3820,2.519,2.4,0.0,36.33,2.519,5812.799999999999,6394.08,0.0
2011-09-20 05:00:00,B3820,0.214,0.0,0.0,36.33,0.214,5812.799999999999,6394.08,0.0
2011-09-20 06:00:00,B3820,0.786,0.0,0.0,36.33,0.786,5812.799999999999,6394.08,0.0
2011-09-20 07:00:00,B3820,0.215,0.0,0.31,36.33,-0.155,5812.799999999999,6394.08,0.37
2011-09-20 08:00:00,B3820,0.119,0.0,0.7,36.33,-0.641,5812.799999999999,6394.08,0.76
2011-09-20 09:00:00,B3820,0.119,0.0,1.07,36.33,-1.0010000000000001,5812.799999999999,6394.08,1.12
2011-09-20 10:00:00,B3820,0.119,0.0,1.33,36.33,-1.241,5812.799999999999,6394.08,1.36
2011-09-20 11:00:00,B3820,0.119,0.0,1.52,36.33,-1.421,5812.799999999999,6394.08,1.54
2011-09-20 12:00:00,B3820,0.786,0.0,1.6,36.33,-0.8240000000000001,5812.799999999999,6394.08,1.61
2011-09-20 13:00:00,B3820,0.214,0.0,1.56,36.33,-1.356,5812.799999999999,6394.08,1.57
2011-09-20 14:00:00,B3820,0.119,0.0,1.39,36.33,-1.281,5812.799999999999,6394.08,1.4
2011-09-20 15:00:00,B3820,0.119,0.0,1.12,36.33,-1.0010000000000001,5812.799999999999,6394.08,1.12
2011-09-20 16:00:00,B3820,0.119,0.0,0.76,36.33,-0.641,5812.799999999999,6394.08,0.76
2011-09-20 17:00:00,B3820,0.214,0.0,0.24,36.33,-0.025999999999999995,5812.799999999999,6394.08,0.24
2011-09-20 18:00:00,B3820,0.786,0.0,0.0,36.33,0.786,5812.799999999999,6394.08,0.0
2011-09-20 19:00:00,B3820,0.977,0.0,0.0,36.33,0.977,5812.799999999999,6394.08,0.0
2011-09-20 20:00:00,B3820,0.214,0.0,0.0,36.33,0.214,5812.799999999999,6394.08,0.0
2011-09-20 21:00:00,B3820,0.214,0.0,0.0,36.33,0.214,5812.799999999999,6394.08,0.0
2011-09-20 22:00:00,B3820,0.214,0.0,0.0,36.33,0.214,5812.799999999999,6394.08,0.0
2011-09-20 23:00:00,B3820,0.119,0.0,0.0,36.33,0.119,5812.799999999999,6394.08,0.0
2011-09-21 00:00:00,B3820,2.519,2.4,0.0,36.33,2.519,5812.799999999999,6394.08,0.0
2011-09-21 01:00:00,B3820,2.519,2.4,0.0,36.33,2.519,5812.799999999999,6394.08,0.0
2011-09-21 02:00:00,B3820,2.519,2.4,0.0,36.33,2.519,5812.799999999999,6394.08,0.0
2011-09-21 03:00:00,B3820,2.519,2.4,0.0,36.33,2.519,5812.799999999999,6394.08,0.0
2011-09-21 04:00:00,B3820,2.519,2.4,0.0,36.33,2.519,5812.799999999999,6394.08,0.0
2011-09-21 05:00:00,B3820,0.214,0.0,0.0,36.33,0.214,5812.799999999999,6394.08,0.0
2011-09-21 06:00:00,B3820,0.786,0.0,0.0,36.33,0.786,5812.799999999999,6394.08,0.0
2011-09-21 07:00:00,B3820,0.215,0.0,0.28,36.33,-0.12500000000000003,5812.799999999999,6394.08,0.34
2011-09-21 08:00:00,B3820,0.119,0.0,0.67,36.33,-0.621,5812.799999999999,6394.08,0.74
2011-09-21 09:00:00,B3820,0.119,0.0,1.05,36.33,-0.9710000000000001,5812.799999999999,6394.08,1.09
2011-09-21 10:00:00,B3820,0.119,0.0,1.3,36.33,-1.211,5812.799999999999,6394.08,1.33
2011-09-21 11:00:00,B3820,0.119,0.0,1.49,36.33,-1.391,5812.799999999999,6394.08,1.51
2011-09-21 12:00:00,B3820,0.786,0.0,1.58,36.33,-0.804,5812.799999999999,6394.08,1.59
2011-09-21 13:00:00,B3820,0.214,0.0,1.54,36.33,-1.336,5812.799999999999,6394.08,1.55
2011-09-21 14:00:00,B3820,0.119,0.0,1.39,36.33,-1.281,5812.799999999999,6394.08,1.4
2011-09-21 15:00:00,B3820,0.119,0.0,1.12,36.33,-1.011,5812.799999999999,6394.08,1.13
2011-09-21 16:00:00,B3820,0.119,0.0,0.75,36.33,-0.631,5812.799999999999,6394.08,0.75
2011-09-21 17:00:00,B3820,0.214,0.0,0.22,36.33,-0.006000000000000005,5812.799999999999,6394.08,0.22
2011-09-21 18:00:00,B3820,0.786,0.0,0.0,36.33,0.786,5812.799999999999,6394.08,0.0
2011-09-21 19:00:00,B3820,0.977,0.0,0.0,36.33,0.977,5812.799999999999,6394.08,0.0
2011-09-21 20:00:00,B3820,0.214,0.0,0.0,36.33,0.214,5812.799999999999,6394.08,0.0
2011-09-21 21:00:00,B3820,0.214,0.0,0.0,36.33,0.214,5812.799999999999,6394.08,0.0
2011-09-21 22:00:00,B3820,0.214,0.0,0.0,36.33,0.214,5812.799999999999,6394.08,0.0
2011-09-21 23:00:00,B3820,0.119,0.0,0.0,36.33,0.119,5812.799999999999,6394.08,0.0
2011-09-22 00:00:00,B3820,2.519,2.4,0.0,36.33,2.519,5812.799999999999,6394.08,0.0
2011-09-22 01:00:00,B3820,2.519,2.4,0.0,36.33,2.519,5812.799999999999,6394.08,0.0
2011-09-22 02:00:00,B3820,2.519,2.4,0.0,36.33,2.519,5812.799999999999,6394.08,0.0
2011-09-22 03:00:00,B3820,2.519,2.4,0.0,36.33,2.519,5812.799999999999,6394.08,0.0
2011-09-22 04:00:00,B3820,2.519,2.4,0.0,36.33,2.519,5812.799999999999,6394.08,0.0
2011-09-22 05:00:00,B3820,0.214,0.0,0.0,36.33,0.214,5812.799999999999,6394.08,0.0
2011-09-22 06:00:00,B3820,0.786,0.0,0.0,36.33,0.786,5812.799999999999,6394.08,0.0
2011-09-22 07:00:00,B3820,0.215,0.0,0.32,36.33,-0.165,5812.799999999999,6394.08,0.38
2011-09-22 08:00:00,B3820,0.119,0.0,0.68,36.33,-0.621,5812.799999999999,6394.08,0.74
2011-09-22 09:00:00,B3820,0.119,0.0,1.06,36.33,-1.0010000000000001,5812.799999999999,6394.08,1.12
2011-09-22 10:00:00,B3820,0.119,0.0,1.32,36.33,-1.231,5812.799999999999,6394.08,1.35
2011-09-22 11:00:00,B3820,0.119,0.0,1.5,36.33,-1.401,5812.799999999999,6394.08,1.52
2011-09-22 12:00:00,B3820,0.786,0.0,1.61,36.33,-0.8340000000000001,5812.799999999999,6394.08,1.62
2011-09-22 13:00:00,B3820,0.214,0.0,1.55,36.33,-1.336,5812.799999999999,6394.08,1.55
2011-09-22 14:00:00,B3820,0.119,0.0,1.37,36.33,-1.2510000000000001,5812.799999999999,6394.08,1.37
2011-09-22 15:00:00,B3820,0.119,0.0,1.07,36.33,-0.9610000000000001,5812.799999999999,6394.08,1.08
2011-09-22 16:00:00,B3820,0.119,0.0,0.67,36.33,-0.551,5812.799999999999,6394.08,0.67
2011-09-22 17:00:00,B3820,0.214,0.0,0.26,36.33,-0.04600000000000001,5812.799999999999,6394.08,0.26
2011-09-22 18:00:00,B3820,0.786,0.0,0.0,36.33,0.786,5812.799999999999,6394.08,0.0
2011-09-22 19:00:00,B3820,0.977,0.0,0.0,36.33,0.977,5812.799999999999,6394.08,0.0
2011-09-22 20:00:00,B3820,0.214,0.0,0.0,36.33,0.214,5812.799999999999,6394.08,0.0
2011-09-22 21:00:00,B3820,0.214,0.0,0.0,36.33,0.214,5812.799999999999,6394.08,0.0
2011-09-22 22:00:00,B3820,0.214,0.0,0.0,36.33,0.214,5812.799999999999,6394.08,0.0
2011-09-22 23:00:00,B3820,0.119,0.0,0.0,36.33,0.119,5812.799999999999,6394.08,0.0
2011-09-23 00:00:00,B3820,2.519,2.4,0.0,36.33,2.519,5812.799999999999,6394.08,0.0
2011-09-23 01:00:00,B3820,2.519,2.4,0.0,36.33,2.519,5812.799999999999,6394.08,0.0
2011-09-23 02:00:00,B3820,2.519,2.4,0.0,36.33,2.519,5812.799999999999,6394.08,0.0
2011-09-23 03:00:00,B3820,2.519,2.4,0.0,36.33,2.519,5812.799999999999,6394.08,0.0
2011-09-23 04:00:00,B3820,2.519,2.4,0.0,36.33,2.519,5812.799999999999,6394.08,0.0
2011-09-23 05:00:00,B3820,0.214,0.0,0.0,36.33,0.214,5812.799999999999,6394.08,0.0
2011-09-23 06:00:00,B3820,0.786,0.0,0.0,36.33,0.786,5812.799999999999,6394.08,0.0
2011-09-23 07:00:00,B3820,0.215,0.0,0.33,36.33,-0.11500000000000002,5812.799999999999,6394.08,0.33
2011-09-23 08:00:00,B3820,0.119,0.0,0.57,36.33,-0.471,5812.799999999999,6394.08,0.59
2011-09-23 09:00:00,B3820,0.119,0.0,0.85,36.33,-0.761,5812.799999999999,6394.08,0.88
2011-09-23 10:00:00,B3820,0.119,0.0,1.18,36.33,-1.101,5812.799999999999,6394.08,1.22
2011-09-23 11:00:00,B3820,0.119,0.0,1.47,36.33,-1.381,5812.799999999999,6394.08,1.5
2011-09-23 12:00:00,B3820,0.786,0.0,1.51,36.33,-0.734,5812.799999999999,6394.08,1.52
2011-09-23 13:00:00,B3820,0.214,0.0,1.42,36.33,-1.216,5812.799999999999,6394.08,1.43
2011-09-23 14:00:00,B3820,0.119,0.0,1.26,36.33,-1.151,5812.799999999999,6394.08,1.27
2011-09-23 15:00:00,B3820,0.119,0.0,0.92,36.33,-0.811,5812.799999999999,6394.08,0.93
2011-09-23 16:00:00,B3820,0.119,0.0,0.61,36.33,-0.491,5812.799999999999,6394.08,0.61
2011-09-23 17:00:00,B3820,0.214,0.0,0.18,36.33,0.034,5812.799999999999,6394.08,0.18
2011-09-23 18:00:00,B3820,0.786,0.0,0.0,36.33,0.786,5812.799999999999,6394.08,0.0
2011-09-23 19:00:00,B3820,0.977,0.0,0.0,36.33,0.977,5812.799999999999,6394.08,0.0
2011-09-23 20:00:00,B3820,0.214,0.0,0.0,36.33,0.214,5812.799999999999,6394.08,0.0
2011-09-23 21:00:00,B3820,0.214,0.0,0.0,36.33,0.214,5812.799999999999,6394.08,0.0
2011-09-23 22:00:00,B3820,0.214,0.0,0.0,36.33,0.214,5812.799999999999,6394.08,0.0
2011-09-23 23:00:00,B3820,0.119,0.0,0.0,36.33,0.119,5812.799999999999,6394.08,0.0
2011-09-24 00:00:00,B3820,0.119,0.0,0.0,36.33,0.119,5812.799999999999,6394.08,0.0
2011-09-24 01:00:00,B3820,0.119,0.0,0.0,36.33,0.119,5812.799999999999,6394.08,0.0
2011-09-24 02:00:00,B3820,0.119,0.0,0.0,36.33,0.119,5812.799999999999,6394.08,0.0
2011-09-24 03:00:00,B3820,0.119,0.0,0.0,36.33,0.119,5812.799999999999,6394.08,0.0
2011-09-24 04:00:00,B3820,0.119,0.0,0.0,36.33,0.119,5812.799999999999,6394.08,0.0
2011-09-24 05:00:00,B3820,0.214,0.0,0.0,36.33,0.214,5812.799999999999,6394.08,0.0
2011-09-24 06:00:00,B3820,0.786,0.0,0.0,36.33,0.786,5812.799999999999,6394.08,0.0
2011-09-24 07:00:00,B3820,0.214,0.0,0.31,36.33,-0.156,5812.799999999999,6394.08,0.37
2011-09-24 08:00:00,B3820,2.519,2.4,0.63,36.33,1.8290000000000002,5812.799999999999,6394.08,0.69
2011-09-24 09:00:00,B3820,2.519,2.4,1.03,36.33,1.439,5812.799999999999,6394.08,1.08
2011-09-24 10:00:00,B3820,2.519,2.4,1.23,36.33,1.249,5812.799999999999,6394.08,1.27
2011-09-24 11:00:00,B3820,2.519,2.4,1.27,36.33,1.229,5812.799999999999,6394.08,1.29
2011-09-24 12:00:00,B3820,3.186,2.4,1.43,36.33,1.736,5812.799999999999,6394.08,1.45
2011-09-24 13:00:00,B3820,0.214,0.0,1.48,36.33,-1.276,5812.799999999999,6394.08,1.49
2011-09-24 14:00:00,B3820,0.119,0.0,1.24,36.33,-1.131,5812.799999999999,6394.08,1.25
2011-09-24 15:00:00,B3820,0.119,0.0,0.98,36.33,-0.861,5812.799999999999,6394.08,0.98
2011-09-24 16:00:00,B3820,0.119,0.0,0.68,36.33,-0.561,5812.799999999999,6394.08,0.68
2011-09-24 17:00:00,B3820,0.214,0.0,0.22,36.33,-0.006000000000000005,5812.799999999999,6394.08,0.22
2011-09-24 18:00:00,B3820,0.786,0.0,0.0,36.33,0.786,5812.799999999999,6394.08,0.0
2011-09-24 19:00:00,B3820,0.977,0.0,0.0,36.33,0.977,5812.799999999999,6394.08,0.0
2011-09-24 20:00:00,B3820,0.214,0.0,0.0,36.33,0.214,5812.799999999999,6394.08,0.0
2011-09-24 21:00:00,B3820,0.214,0.0,0.0,36.33,0.214,5812.799999999999,6394.08,0.0
2011-09-24 22:00:00,B3820,0.214,0.0,0.0,36.33,0.214,5812.799999999999,6394.08,0.0
2011-09-24 23:00:00,B3820,0.119,0.0,0.0,36.33,0.119,5812.799999999999,6394.08,0.0
2011-09-25 00:00:00,B3820,0.119,0.0,0.0,36.33,0.119,5812.799999999999,6394.08,0.0
2011-09-25 01:00:00,B3820,0.119,0.0,0.0,36.33,0.119,5812.799999999999,6394.08,0.0
2011-09-25 02:00:00,B3820,0.119,0.0,0.0,36.33,0.119,5812.799999999999,6394.08,0.0
2011-09-25 03:00:00,B3820,0.119,0.0,0.0,36.33,0.119,5812.799999999999,6394.08,0.0
2011-09-25 04:00:00,B3820,0.119,0.0,0.0,36.33,0.119,5812.799999999999,6394.08,0.0
2011-09-25 05:00:00,B3820,0.214,0.0,0.0,36.33,0.214,5812.799999999999,6394.08,0.0
2011-09-25 06:00:00,B3820,0.786,0.0,0.0,36.33,0.786,5812.799999999999,6394.08,0.0
2011-09-25 07:00:00,B3820,0.214,0.0,0.23,36.33,-0.07599999999999998,5812.799999999999,6394.08,0.29
2011-09-25 08:00:00,B3820,2.519,2.4,0.58,36.33,1.879,5812.799999999999,6394.08,0.64
2011-09-25 09:00:00,B3820,2.519,2.4,0.97,36.33,1.499,5812.799999999999,6394.08,1.02
2011-09-25 10:00:00,B3820,2.519,2.4,1.28,36.33,1.209,5812.799999999999,6394.08,1.31
2011-09-25 11:00:00,B3820,2.519,2.4,1.56,36.33,0.9390000000000001,5812.799999999999,6394.08,1.58
2011-09-25 12:00:00,B3820,3.186,2.4,1.67,36.33,1.506,5812.799999999999,6394.08,1.68
2011-09-25 13:00:00,B3820,0.214,0.0,1.6,36.33,-1.4060000000000001,5812.799999999999,6394.08,1.62
2011-09-25 14:00:00,B3820,0.119,0.0,1.42,36.33,-1.311,5812.799999999999,6394.08,1.43
2011-09-25 15:00:00,B3820,0.119,0.0,1.11,36.33,-1.0010000000000001,5812.799999999999,6394.08,1.12
2011-09-25 16:00:00,B3820,0.119,0.0,0.66,36.33,-0.541,5812.799999999999,6394.08,0.66
2011-09-25 17:00:00,B3820,0.214,0.0,0.22,36.33,-0.006000000000000005,5812.799999999999,6394.08,0.22
2011-09-25 18:00:00,B3820,0.786,0.0,0.0,36.33,0.786,5812.799999999999,6394.08,0.0
2011-09-25 19:00:00,B3820,0.977,0.0,0.0,36.33,0.977,5812.799999999999,6394.08,0.0
2011-09-25 20:00:00,B3820,0.214,0.0,0.0,36.33,0.214,5812.799999999999,6394.08,0.0
2011-09-25 21:00:00,B3820,0.214,0.0,0.0,36.33,0.214,5812.799999999999,6394.08,0.0
2011-09-25 22:00:00,B3820,0.214,0.0,0.0,36.33,0.214,5812.799999999999,6394.08,0.0
2011-09-25 23:00:00,B3820,0.119,0.0,0.0,36.33,0.119,5812.799999999999,6394.08,0.0
2011-09-26 00:00:00,B3820,2.519,2.4,0.0,36.33,2.519,5812.799999999999,6394.08,0.0
2011-09-26 01:00:00,B3820,2.519,2.4,0.0,36.33,2.519,5812.799999999999,6394.08,0.0
2011-09-26 02:00:00,B3820,2.519,2.4,0.0,36.33,2.519,5812.799999999999,6394.08,0.0
2011-09-26 03:00:00,B3820,2.519,2.4,0.0,36.33,2.519,5812.799999999999,6394.08,0.0
2011-09-26 04:00:00,B3820,2.519,2.4,0.0,36.33,2.519,5812.799999999999,6394.08,0.0
2011-09-26 05:00:00,B3820,0.214,0.0,0.0,36.33,0.214,5812.799999999999,6394.08,0.0
2011-09-26 06:00:00,B3820,0.786,0.0,0.0,36.33,0.786,5812.799999999999,6394.08,0.0
2011-09-26 07:00:00,B3820,0.215,0.0,0.19,36.33,-0.035,5812.799999999999,6394.08,0.25
2011-09-26 08:00:00,B3820,0.119,0.0,0.51,36.33,-0.45099999999999996,5812.799999999999,6394.08,0.57
2011-09-26 09:00:00,B3820,0.119,0.0,0.88,36.33,-0.811,5812.799999999999,6394.08,0.93
2011-09-26 10:00:00,B3820,0.119,0.0,1.15,36.33,-1.061,5812.799999999999,6394.08,1.18
2011-09-26 11:00:00,B3820,0.119,0.0,1.35,36.33,-1.241,5812.799999999999,6394.08,1.36
2011-09-26 12:00:00,B3820,0.786,0.0,1.43,36.33,-0.6539999999999999,5812.799999999999,6394.08,1.44
2011-09-26 13:00:00,B3820,0.214,0.0,1.39,36.33,-1.186,5812.799999999999,6394.08,1.4
2011-09-26 14:00:00,B3820,0.119,0.0,1.23,36.33,-1.121,5812.799999999999,6394.08,1.24
2011-09-26 15:00:00,B3820,0.119,0.0,0.97,36.33,-0.861,5812.799999999999,6394.08,0.98
2011-09-26 16:00:00,B3820,0.119,0.0,0.63,36.33,-0.511,5812.799999999999,6394.08,0.63
2011-09-26 17:00:00,B3820,0.214,0.0,0.18,36.33,0.034,5812.799999999999,6394.08,0.18
2011-09-26 18:00:00,B3820,0.786,0.0,0.0,36.33,0.786,5812.799999999999,6394.08,0.0
2011-09-26 19:00:00,B3820,0.977,0.0,0.0,36.33,0.977,5812.799999999999,6394.08,0.0
2011-09-26 20:00:00,B3820,0.214,0.0,0.0,36.33,0.214,5812.799999999999,6394.08,0.0
2011-09-26 21:00:00,B3820,0.214,0.0,0.0,36.33,0.214,5812.799999999999,6394.08,0.0
2011-09-26 22:00:00,B3820,0.214,0.0,0.0,36.33,0.214,5812.799999999999,6394.08,0.0
2011-09-26 23:00:00,B3820,0.119,0.0,0.0,36.33,0.119,5812.799999999999,6394.08,0.0
2011-09-27 00:00:00,B3820,2.519,2.4,0.0,36.33,2.519,5812.799999999999,6394.08,0.0
2011-09-27 01:00:00,B3820,2.519,2.4,0.0,36.33,2.519,5812.799999999999,6394.08,0.0
2011-09-27 02:00:00,B3820,2.519,2.4,0.0,36.33,2.519,5812.799999999999,6394.08,0.0
2011-09-27 03:00:00,B3820,2.519,2.4,0.0,36.33,2.519,5812.799999999999,6394.08,0.0
2011-09-27 04:00:00,B3820,2.519,2.4,0.0,36.33,2.519,5812.799999999999,6394.08,0.0
2011-09-27 05:00:00,B3820,0.214,0.0,0.0,36.33,0.214,5812.799999999999,6394.08,0.0
2011-09-27 06:00:00,B3820,0.786,0.0,0.0,36.33,0.786,5812.799999999999,6394.08,0.0
2011-09-27 07:00:00,B3820,0.215,0.0,0.21,36.33,-0.05500000000000002,5812.799999999999,6394.08,0.27
2011-09-27 08:00:00,B3820,0.119,0.0,0.56,36.33,-0.501,5812.799999999999,6394.08,0.62
2011-09-27 09:00:00,B3820,0.119,0.0,0.92,36.33,-0.851,5812.799999999999,6394.08,0.97
2011-09-27 10:00:00,B3820,0.119,0.0,1.17,36.33,-1.081,5812.799999999999,6394.08,1.2
2011-09-27 11:00:00,B3820,0.119,0.0,1.37,36.33,-1.271,5812.799999999999,6394.08,1.39
2011-09-27 12:00:00,B3820,0.786,0.0,1.45,36.33,-0.6739999999999999,5812.799999999999,6394.08,1.46
2011-09-27 13:00:00,B3820,0.214,0.0,1.4,36.33,-1.196,5812.799999999999,6394.08,1.41
2011-09-27 14:00:00,B3820,0.119,0.0,1.25,36.33,-1.131,5812.799999999999,6394.08,1.25
2011-09-27 15:00:00,B3820,0.119,0.0,0.96,36.33,-0.841,5812.799999999999,6394.08,0.96
2011-09-27 16:00:00,B3820,0.119,0.0,0.6,36.33,-0.481,5812.799999999999,6394.08,0.6
2011-09-27 17:00:00,B3820,0.214,0.0,0.17,36.33,0.043999999999999984,5812.799999999999,6394.08,0.17
2011-09-27 18:00:00,B3820,0.786,0.0,0.0,36.33,0.786,5812.799999999999,6394.08,0.0
2011-09-27 19:00:00,B3820,0.977,0.0,0.0,36.33,0.977,5812.799999999999,6394.08,0.0
2011-09-27 20:00:00,B3820,0.214,0.0,0.0,36.33,0.214,5812.799999999999,6394.08,0.0
2011-09-27 21:00:00,B3820,0.214,0.0,0.0,36.33,0.214,5812.799999999999,6394.08,0.0
2011-09-27 22:00:00,B3820,0.214,0.0,0.0,36.33,0.214,5812.799999999999,6394.08,0.0
2011-09-27 23:00:00,B3820,0.119,0.0,0.0,36.33,0.119,5812.799999999999,6394.08,0.0
2011-09-28 00:00:00,B3820,2.519,2.4,0.0,36.33,2.519,5812.799999999999,6394.08,0.0
2011-09-28 01:00:00,B3820,2.519,2.4,0.0,36.33,2.519,5812.799999999999,6394.08,0.0
2011-09-28 02:00:00,B3820,2.519,2.4,0.0,36.33,2.519,5812.799999999999,6394.08,0.0
2011-09-28 03:00:00,B3820,2.519,2.4,0.0,36.33,2.519,5812.799999999999,6394.08,0.0
2011-09-28 04:00:00,B3820,2.519,2.4,0.0,36.33,2.519,5812.799999999999,6394.08,0.0
2011-09-28 05:00:00,B3820,0.214,0.0,0.0,36.33,0.214,5812.799999999999,6394.08,0.0
2011-09-28 06:00:00,B3820,0.786,0.0,0.0,36.33,0.786,5812.799999999999,6394.08,0.0
2011-09-28 07:00:00,B3820,0.215,0.0,0.18,36.33,-0.024999999999999994,5812.799999999999,6394.08,0.24
2011-09-28 08:00:00,B3820,0.119,0.0,0.46,36.33,-0.401,5812.799999999999,6394.08,0.52
2011-09-28 09:00:00,B3820,0.119,0.0,0.81,36.33,-0.741,5812.799999999999,6394.08,0.86
2011-09-28 10:00:00,B3820,0.119,0.0,1.09,36.33,-1.0010000000000001,5812.799999999999,6394.08,1.12
2011-09-28 11:00:00,B3820,0.119,0.0,1.27,36.33,-1.171,5812.799999999999,6394.08,1.29
2011-09-28 12:00:00,B3820,0.786,0.0,1.35,36.33,-0.5740000000000001,5812.799999999999,6394.08,1.36
2011-09-28 13:00:00,B3820,0.214,0.0,1.33,36.33,-1.1260000000000001,5812.799999999999,6394.08,1.34
2011-09-28 14:00:00,B3820,0.119,0.0,1.18,36.33,-1.071,5812.799999999999,6394.08,1.19
2011-09-28 15:00:00,B3820,0.119,0.0,0.93,36.33,-0.811,5812.799999999999,6394.08,0.93
2011-09-28 16:00:00,B3820,0.119,0.0,0.59,36.33,-0.471,5812.799999999999,6394.08,0.59
2011-09-28 17:00:00,B3820,0.214,0.0,0.16,36.33,0.05399999999999999,5812.799999999999,6394.08,0.16
2011-09-28 18:00:00,B3820,0.786,0.0,0.0,36.33,0.786,5812.799999999999,6394.08,0.0
2011-09-28 19:00:00,B3820,0.977,0.0,0.0,36.33,0.977,5812.799999999999,6394.08,0.0
2011-09-28 20:00:00,B3820,0.214,0.0,0.0,36.33,0.214,5812.799999999999,6394.08,0.0
2011-09-28 21:00:00,B3820,0.214,0.0,0.0,36.33,0.214,5812.799999999999,6394.08,0.0
2011-09-28 22:00:00,B3820,0.214,0.0,0.0,36.33,0.214,5812.799999999999,6394.08,0.0
2011-09-28 23:00:00,B3820,0.119,0.0,0.0,36.33,0.119,5812.799999999999,6394.08,0.0
2011-09-29 00:00:00,B3820,2.519,2.4,0.0,36.33,2.519,5812.799999999999,6394.08,0.0
2011-09-29 01:00:00,B3820,2.519,2.4,0.0,36.33,2.519,5812.799999999999,6394.08,0.0
2011-09-29 02:00:00,B3820,2.519,2.4,0.0,36.33,2.519,5812.799999999999,6394.08,0.0
2011-09-29 03:00:00,B3820,2.519,2.4,0.0,36.33,2.519,5812.799999999999,6394.08,0.0
2011-09-29 04:00:00,B3820,2.519,2.4,0.0,36.33,2.519,5812.799999999999,6394.08,0.0
2011-09-29 05:00:00,B3820,0.214,0.0,0.0,36.33,0.214,5812.799999999999,6394.08,0.0
2011-09-29 06:00:00,B3820,0.786,0.0,0.0,36.33,0.786,5812.799999999999,6394.08,0.0
2011-09-29 07:00:00,B3820,0.215,0.0,0.21,36.33,-0.05500000000000002,5812.799999999999,6394.08,0.27
2011-09-29 08:00:00,B3820,0.119,0.0,0.56,36.33,-0.511,5812.799999999999,6394.08,0.63
2011-09-29 09:00:00,B3820,0.119,0.0,0.94,36.33,-0.881,5812.799999999999,6394.08,1.0
2011-09-29 10:00:00,B3820,0.119,0.0,1.2,36.33,-1.111,5812.799999999999,6394.08,1.23
2011-09-29 11:00:00,B3820,0.119,0.0,1.34,36.33,-1.241,5812.799999999999,6394.08,1.36
2011-09-29 12:00:00,B3820,0.786,0.0,1.38,36.33,-0.6039999999999999,5812.799999999999,6394.08,1.39
2011-09-29 13:00:00,B3820,0.214,0.0,1.33,36.33,-1.116,5812.799999999999,6394.08,1.33
2011-09-29 14:00:00,B3820,0.119,0.0,1.15,36.33,-1.041,5812.799999999999,6394.08,1.16
2011-09-29 15:00:00,B3820,0.119,0.0,0.9,36.33,-0.781,5812.799999999999,6394.08,0.9
2011-09-29 16:00:00,B3820,0.119,0.0,0.58,36.33,-0.46099999999999997,5812.799999999999,6394.08,0.58
2011-09-29 17:00:00,B3820,0.214,0.0,0.16,36.33,0.05399999999999999,5812.799999999999,6394.08,0.16
2011-09-29 18:00:00,B3820,0.786,0.0,0.0,36.33,0.786,5812.799999999999,6394.08,0.0
2011-09-29 19:00:00,B3820,0.977,0.0,0.0,36.33,0.977,5812.799999999999,6394.08,0.0
2011-09-29 20:00:00,B3820,0.214,0.0,0.0,36.33,0.214,5812.799999999999,6394.08,0.0
2011-09-29 21:00:00,B3820,0.214,0.0,0.0,36.33,0.214,5812.799999999999,6394.08,0.0
2011-09-29 22:00:00,B3820,0.214,0.0,0.0,36.33,0.214,5812.799999999999,6394.08,0.0
2011-09-29 23:00:00,B3820,0.119,0.0,0.0,36.33,0.119,5812.799999999999,6394.08,0.0
2011-09-30 00:00:00,B3820,2.519,2.4,0.0,36.33,2.519,5812.799999999999,6394.08,0.0
2011-09-30 01:00:00,B3820,2.519,2.4,0.0,36.33,2.519,5812.799999999999,6394.08,0.0
2011-09-30 02:00:00,B3820,2.519,2.4,0.0,36.33,2.519,5812.799999999999,6394.08,0.0
2011-09-30 03:00:00,B3820,2.519,2.4,0.0,36.33,2.519,5812.799999999999,6394.08,0.0
2011-09-30 04:00:00,B3820,2.519,2.4,0.0,36.33,2.519,5812.799999999999,6394.08,0.0
2011-09-30 05:00:00,B3820,0.214,0.0,0.0,36.33,0.214,5812.799999999999,6394.08,0.0
2011-09-30 06:00:00,B3820,0.786,0.0,0.0,36.33,0.786,5812.799999999999,6394.08,0.0
2011-09-30 07:00:00,B3820,0.215,0.0,0.19,36.33,-0.04500000000000001,5812.799999999999,6394.08,0.26
2011-09-30 08:00:00,B3820,0.119,0.0,0.49,36.33,-0.44100000000000006,5812.799999999999,6394.08,0.56
2011-09-30 09:00:00,B3820,0.119,0.0,0.98,36.33,-0.921,5812.799999999999,6394.08,1.04
2011-09-30 10:00:00,B3820,0.119,0.0,1.27,36.33,-1.191,5812.799999999999,6394.08,1.31
2011-09-30 11:00:00,B3820,0.119,0.0,1.35,36.33,-1.2510000000000001,5812.799999999999,6394.08,1.37
2011-09-30 12:00:00,B3820,0.786,0.0,1.35,36.33,-0.5740000000000001,5812.799999999999,6394.08,1.36
2011-09-30 13:00:00,B3820,0.214,0.0,1.28,36.33,-1.076,5812.799999999999,6394.08,1.29
2011-09-30 14:00:00,B3820,0.119,0.0,1.14,36.33,-1.021,5812.799999999999,6394.08,1.14
2011-09-30 15:00:00,B3820,0.119,0.0,0.89,36.33,-0.781,5812.799999999999,6394.08,0.9
2011-09-30 16:00:00,B3820,0.119,0.0,0.56,36.33,-0.44100000000000006,5812.799999999999,6394.08,0.56
2011-09-30 17:00:00,B3820,0.214,0.0,0.14,36.33,0.07399999999999998,5812.799999999999,6394.08,0.14
2011-09-30 18:00:00,B3820,0.786,0.0,0.0,36.33,0.786,5812.799999999999,6394.08,0.0
2011-09-30 19:00:00,B3820,0.977,0.0,0.0,36.33,0.977,5812.799999999999,6394.08,0.0
2011-09-30 20:00:00,B3820,0.214,0.0,0.0,36.33,0.214,5812.799999999999,6394.08,0.0
2011-09-30 21:00:00,B3820,0.214,0.0,0.0,36.33,0.214,5812.799999999999,6394.08,0.0
2011-09-30 22:00:00,B3820,0.214,0.0,0.0,36.33,0.214,5812.799999999999,6394.08,0.0
2011-09-30 23:00:00,B3820,0.119,0.0,0.0,36.33,0.119,5812.799999999999,6394.08,0.0
2011-10-01 00:00:00,B3820,0.119,0.0,0.0,36.33,0.119,5812.799999999999,6394.08,0.0
2011-10-01 01:00:00,B3820,0.119,0.0,0.0,36.33,0.119,5812.799999999999,6394.08,0.0
2011-10-01 02:00:00,B3820,0.119,0.0,0.0,36.33,0.119,5812.799999999999,6394.08,0.0
2011-10-01 03:00:00,B3820,0.119,0.0,0.0,36.33,0.119,5812.799999999999,6394.08,0.0
2011-10-01 04:00:00,B3820,0.119,0.0,0.0,36.33,0.119,5812.799999999999,6394.08,0.0
2011-10-01 05:00:00,B3820,0.214,0.0,0.0,36.33,0.214,5812.799999999999,6394.08,0.0
2011-10-01 06:00:00,B3820,0.786,0.0,0.0,36.33,0.786,5812.799999999999,6394.08,0.0
2011-10-01 07:00:00,B3820,0.214,0.0,0.15,36.33,0.0040000000000000036,5812.799999999999,6394.08,0.21
2011-10-01 08:00:00,B3820,2.519,2.4,0.37,36.33,2.089,5812.799999999999,6394.08,0.43
2011-10-01 09:00:00,B3820,2.519,2.4,0.69,36.33,1.7790000000000001,5812.799999999999,6394.08,0.74
2011-10-01 10:00:00,B3820,2.519,2.4,0.95,36.33,1.5390000000000001,5812.799999999999,6394.08,0.98
2011-10-01 11:00:00,B3820,2.519,2.4,1.13,36.33,1.3690000000000002,5812.799999999999,6394.08,1.15
2011-10-01 12:00:00,B3820,3.186,2.4,1.22,36.33,1.956,5812.799999999999,6394.08,1.23
2011-10-01 13:00:00,B3820,0.214,0.0,1.2,36.33,-0.986,5812.799999999999,6394.08,1.2
2011-10-01 14:00:00,B3820,0.119,0.0,1.06,36.33,-0.9410000000000001,5812.799999999999,6394.08,1.06
2011-10-01 15:00:00,B3820,0.119,0.0,0.81,36.33,-0.6910000000000001,5812.799999999999,6394.08,0.81
2011-10-01 16:00:00,B3820,0.119,0.0,0.47,36.33,-0.351,5812.799999999999,6394.08,0.47
2011-10-01 17:00:00,B3820,0.214,0.0,0.0,36.33,0.214,5812.799999999999,6394.08,0.0
2011-10-01 18:00:00,B3820,0.786,0.0,0.0,36.33,0.786,5812.799999999999,6394.08,0.0
2011-10-01 19:00:00,B3820,0.977,0.0,0.0,36.33,0.977,5812.799999999999,6394.08,0.0
2011-10-01 20:00:00,B3820,0.214,0.0,0.0,36.33,0.214,5812.799999999999,6394.08,0.0
2011-10-01 21:00:00,B3820,0.214,0.0,0.0,36.33,0.214,5812.799999999999,6394.08,0.0
2011-10-01 22:00:00,B3820,0.214,0.0,0.0,36.33,0.214,5812.799999999999,6394.08,0.0
2011-10-01 23:00:00,B3820,0.119,0.0,0.0,36.33,0.119,5812.799999999999,6394.08,0.0
2011-10-02 00:00:00,B3820,0.119,0.0,0.0,36.33,0.119,5812.799999999999,6394.08,0.0
2011-10-02 01:00:00,B3820,0.119,0.0,0.0,36.33,0.119,5812.799999999999,6394.08,0.0
2011-10-02 02:00:00,B3820,0.119,0.0,0.0,36.33,0.119,5812.799999999999,6394.08,0.0
2011-10-02 03:00:00,B3820,0.119,0.0,0.0,36.33,0.119,5812.799999999999,6394.08,0.0
2011-10-02 04:00:00,B3820,0.119,0.0,0.0,36.33,0.119,5812.799999999999,6394.08,0.0
2011-10-02 05:00:00,B3820,0.214,0.0,0.0,36.33,0.214,5812.799999999999,6394.08,0.0
2011-10-02 06:00:00,B3820,0.786,0.0,0.0,36.33,0.786,5812.799999999999,6394.08,0.0
2011-10-02 07:00:00,B3820,0.214,0.0,0.17,36.33,-0.016000000000000014,5812.799999999999,6394.08,0.23
2011-10-02 08:00:00,B3820,2.519,2.4,0.4,36.33,2.069,5812.799999999999,6394.08,0.45
2011-10-02 09:00:00,B3820,2.519,2.4,0.78,36.33,1.689,5812.799999999999,6394.08,0.83
2011-10-02 10:00:00,B3820,2.519,2.4,1.05,36.33,1.439,5812.799999999999,6394.08,1.08
2011-10-02 11:00:00,B3820,2.519,2.4,1.17,36.33,1.3390000000000002,5812.799999999999,6394.08,1.18
2011-10-02 12:00:00,B3820,3.186,2.4,1.24,36.33,1.946,5812.799999999999,6394.08,1.24
2011-10-02 13:00:00,B3820,0.214,0.0,1.25,36.33,-1.036,5812.799999999999,6394.08,1.25
2011-10-02 14:00:00,B3820,0.119,0.0,1.19,36.33,-1.081,5812.799999999999,6394.08,1.2
2011-10-02 15:00:00,B3820,0.119,0.0,0.98,36.33,-0.871,5812.799999999999,6394.08,0.99
2011-10-02 16:00:00,B3820,0.119,0.0,0.54,36.33,-0.42100000000000004,5812.799999999999,6394.08,0.54
2011-10-02 17:00:00,B3820,0.214,0.0,0.0,36.33,0.214,5812.799999999999,6394.08,0.0
2011-10-02 18:00:00,B3820,0.786,0.0,0.0,36.33,0.786,5812.799999999999,6394.08,0.0
2011-10-02 19:00:00,B3820,0.977,0.0,0.0,36.33,0.977,5812.799999999999,6394.08,0.0
2011-10-02 20:00:00,B3820,0.214,0.0,0.0,36.33,0.214,5812.799999999999,6394.08,0.0
2011-10-02 21:00:00,B3820,0.214,0.0,0.0,36.33,0.214,5812.799999999999,6394.08,0.0
2011-10-02 22:00:00,B3820,0.214,0.0,0.0,36.33,0.214,5812.799999999999,6394.08,0.0
2011-10-02 23:00:00,B3820,0.119,0.0,0.0,36.33,0.119,5812.799999999999,6394.08,0.0
2011-10-03 00:00:00,B3820,2.519,2.4,0.0,36.33,2.519,5812.799999999999,6394.08,0.0
2011-10-03 01:00:00,B3820,2.519,2.4,0.0,36.33,2.519,5812.799999999999,6394.08,0.0
2011-10-03 02:00:00,B3820,2.519,2.4,0.0,36.33,2.519,5812.799999999999,6394.08,0.0
2011-10-03 03:00:00,B3820,2.519,2.4,0.0,36.33,2.519,5812.799999999999,6394.08,0.0
2011-10-03 04:00:00,B3820,2.519,2.4,0.0,36.33,2.519,5812.799999999999,6394.08,0.0
2011-10-03 05:00:00,B3820,0.214,0.0,0.0,36.33,0.214,5812.799999999999,6394.08,0.0
2011-10-03 06:00:00,B3820,0.786,0.0,0.0,36.33,0.786,5812.799999999999,6394.08,0.0
2011-10-03 07:00:00,B3820,0.215,0.0,0.16,36.33,-0.0050000000000000044,5812.799999999999,6394.08,0.22
2011-10-03 08:00:00,B3820,0.119,0.0,0.36,36.33,-0.301,5812.799999999999,6394.08,0.42
2011-10-03 09:00:00,B3820,0.119,0.0,0.7,36.33,-0.631,5812.799999999999,6394.08,0.75
2011-10-03 10:00:00,B3820,0.119,0.0,1.0,36.33,-0.911,5812.799999999999,6394.08,1.03
2011-10-03 11:00:00,B3820,0.119,0.0,1.17,36.33,-1.071,5812.799999999999,6394.08,1.19
2011-10-03 12:00:00,B3820,0.786,0.0,1.22,36.33,-0.44399999999999995,5812.799999999999,6394.08,1.23
2011-10-03 13:00:00,B3820,0.214,0.0,1.19,36.33,-0.986,5812.799999999999,6394.08,1.2
2011-10-03 14:00:00,B3820,0.119,0.0,1.05,36.33,-0.9410000000000001,5812.799999999999,6394.08,1.06
2011-10-03 15:00:00,B3820,0.119,0.0,0.79,36.33,-0.681,5812.799999999999,6394.08,0.8
2011-10-03 16:00:00,B3820,0.119,0.0,0.49,36.33,-0.371,5812.799999999999,6394.08,0.49
2011-10-03 17:00:00,B3820,0.214,0.0,0.13,36.33,0.08399999999999999,5812.799999999999,6394.08,0.13
2011-10-03 18:00:00,B3820,0.786,0.0,0.0,36.33,0.786,5812.799999999999,6394.08,0.0
2011-10-03 19:00:00,B3820,0.977,0.0,0.0,36.33,0.977,5812.799999999999,6394.08,0.0
2011-10-03 20:00:00,B3820,0.214,0.0,0.0,36.33,0.214,5812.799999999999,6394.08,0.0
2011-10-03 21:00:00,B3820,0.214,0.0,0.0,36.33,0.214,5812.799999999999,6394.08,0.0
2011-10-03 22:00:00,B3820,0.214,0.0,0.0,36.33,0.214,5812.799999999999,6394.08,0.0
2011-10-03 23:00:00,B3820,0.119,0.0,0.0,36.33,0.119,5812.799999999999,6394.08,0.0
2011-10-04 00:00:00,B3820,2.519,2.4,0.0,36.33,2.519,5812.799999999999,6394.08,0.0
2011-10-04 01:00:00,B3820,2.519,2.4,0.0,36.33,2.519,5812.799999999999,6394.08,0.0
2011-10-04 02:00:00,B3820,2.519,2.4,0.0,36.33,2.519,5812.799999999999,6394.08,0.0
2011-10-04 03:00:00,B3820,2.519,2.4,0.0,36.33,2.519,5812.799999999999,6394.08,0.0
2011-10-04 04:00:00,B3820,2.519,2.4,0.0,36.33,2.519,5812.799999999999,6394.08,0.0
2011-10-04 05:00:00,B3820,0.214,0.0,0.0,36.33,0.214,5812.799999999999,6394.08,0.0
2011-10-04 06:00:00,B3820,0.786,0.0,0.0,36.33,0.786,5812.799999999999,6394.08,0.0
2011-10-04 07:00:00,B3820,0.215,0.0,0.15,36.33,0.0050000000000000044,5812.799999999999,6394.08,0.21
2011-10-04 08:00:00,B3820,0.119,0.0,0.33,36.33,-0.271,5812.799999999999,6394.08,0.39
2011-10-04 09:00:00,B3820,0.119,0.0,0.63,36.33,-0.561,5812.799999999999,6394.08,0.68
2011-10-04 10:00:00,B3820,0.119,0.0,0.89,36.33,-0.801,5812.799999999999,6394.08,0.92
2011-10-04 11:00:00,B3820,0.119,0.0,1.08,36.33,-0.9710000000000001,5812.799999999999,6394.08,1.09
2011-10-04 12:00:00,B3820,0.786,0.0,1.17,36.33,-0.3939999999999999,5812.799999999999,6394.08,1.18
2011-10-04 13:00:00,B3820,0.214,0.0,1.17,36.33,-0.966,5812.799999999999,6394.08,1.18
2011-10-04 14:00:00,B3820,0.119,0.0,1.08,36.33,-0.9610000000000001,5812.799999999999,6394.08,1.08
2011-10-04 15:00:00,B3820,0.119,0.0,0.88,36.33,-0.771,5812.799999999999,6394.08,0.89
2011-10-04 16:00:00,B3820,0.119,0.0,0.56,36.33,-0.44100000000000006,5812.799999999999,6394.08,0.56
2011-10-04 17:00:00,B3820,0.214,0.0,0.0,36.33,0.214,5812.799999999999,6394.08,0.0
2011-10-04 18:00:00,B3820,0.786,0.0,0.0,36.33,0.786,5812.799999999999,6394.08,0.0
2011-10-04 19:00:00,B3820,0.977,0.0,0.0,36.33,0.977,5812.799999999999,6394.08,0.0
2011-10-04 20:00:00,B3820,0.214,0.0,0.0,36.33,0.214,5812.799999999999,6394.08,0.0
2011-10-04 21:00:00,B3820,0.214,0.0,0.0,36.33,0.214,5812.799999999999,6394.08,0.0
2011-10-04 22:00:00,B3820,0.214,0.0,0.0,36.33,0.214,5812.799999999999,6394.08,0.0
2011-10-04 23:00:00,B3820,0.119,0.0,0.0,36.33,0.119,5812.799999999999,6394.08,0.0
2011-10-05 00:00:00,B3820,2.519,2.4,0.0,36.33,2.519,5812.799999999999,6394.08,0.0
2011-10-05 01:00:00,B3820,2.519,2.4,0.0,36.33,2.519,5812.799999999999,6394.08,0.0
2011-10-05 02:00:00,B3820,2.519,2.4,0.0,36.33,2.519,5812.799999999999,6394.08,0.0
2011-10-05 03:00:00,B3820,2.519,2.4,0.0,36.33,2.519,5812.799999999999,6394.08,0.0
2011-10-05 04:00:00,B3820,2.519,2.4,0.0,36.33,2.519,5812.799999999999,6394.08,0.0
2011-10-05 05:00:00,B3820,0.214,0.0,0.0,36.33,0.214,5812.799999999999,6394.08,0.0
2011-10-05 06:00:00,B3820,0.786,0.0,0.0,36.33,0.786,5812.799999999999,6394.08,0.0
2011-10-05 07:00:00,B3820,0.215,0.0,0.14,36.33,0.014999999999999986,5812.799999999999,6394.08,0.2
2011-10-05 08:00:00,B3820,0.119,0.0,0.34,36.33,-0.281,5812.799999999999,6394.08,0.4
2011-10-05 09:00:00,B3820,0.119,0.0,0.64,36.33,-0.561,5812.799999999999,6394.08,0.68
2011-10-05 10:00:00,B3820,0.119,0.0,0.86,36.33,-0.771,5812.799999999999,6394.08,0.89
2011-10-05 11:00:00,B3820,0.119,0.0,1.02,36.33,-0.911,5812.799999999999,6394.08,1.03
2011-10-05 12:00:00,B3820,0.786,0.0,1.11,36.33,-0.3340000000000001,5812.799999999999,6394.08,1.12
2011-10-05 13:00:00,B3820,0.214,0.0,1.1,36.33,-0.8960000000000001,5812.799999999999,6394.08,1.11
2011-10-05 14:00:00,B3820,0.119,0.0,0.99,36.33,-0.881,5812.799999999999,6394.08,1.0
2011-10-05 15:00:00,B3820,0.119,0.0,0.79,36.33,-0.671,5812.799999999999,6394.08,0.79
2011-10-05 16:00:00,B3820,0.119,0.0,0.5,36.33,-0.381,5812.799999999999,6394.08,0.5
2011-10-05 17:00:00,B3820,0.214,0.0,0.14,36.33,0.07399999999999998,5812.799999999999,6394.08,0.14
2011-10-05 18:00:00,B3820,0.786,0.0,0.0,36.33,0.786,5812.799999999999,6394.08,0.0
2011-10-05 19:00:00,B3820,0.977,0.0,0.0,36.33,0.977,5812.799999999999,6394.08,0.0
2011-10-05 20:00:00,B3820,0.214,0.0,0.0,36.33,0.214,5812.799999999999,6394.08,0.0
2011-10-05 21:00:00,B3820,0.214,0.0,0.0,36.33,0.214,5812.799999999999,6394.08,0.0
2011-10-05 22:00:00,B3820,0.214,0.0,0.0,36.33,0.214,5812.799999999999,6394.08,0.0
2011-10-05 23:00:00,B3820,0.119,0.0,0.0,36.33,0.119,5812.799999999999,6394.08,0.0
2011-10-06 00:00:00,B3820,2.519,2.4,0.0,36.33,2.519,5812.799999999999,6394.08,0.0
2011-10-06 01:00:00,B3820,2.519,2.4,0.0,36.33,2.519,5812.799999999999,6394.08,0.0
2011-10-06 02:00:00,B3820,2.519,2.4,0.0,36.33,2.519,5812.799999999999,6394.08,0.0
2011-10-06 03:00:00,B3820,2.519,2.4,0.0,36.33,2.519,5812.799999999999,6394.08,0.0
2011-10-06 04:00:00,B3820,2.519,2.4,0.0,36.33,2.519,5812.799999999999,6394.08,0.0
2011-10-06 05:00:00,B3820,0.214,0.0,0.0,36.33,0.214,5812.799999999999,6394.08,0.0
2011-10-06 06:00:00,B3820,0.786,0.0,0.0,36.33,0.786,5812.799999999999,6394.08,0.0
2011-10-06 07:00:00,B3820,0.215,0.0,0.14,36.33,0.014999999999999986,5812.799999999999,6394.08,0.2
2011-10-06 08:00:00,B3820,0.119,0.0,0.3,36.33,-0.23099999999999998,5812.799999999999,6394.08,0.35
2011-10-06 09:00:00,B3820,0.119,0.0,0.57,36.33,-0.491,5812.799999999999,6394.08,0.61
2011-10-06 10:00:00,B3820,0.119,0.0,0.84,36.33,-0.751,5812.799999999999,6394.08,0.87
2011-10-06 11:00:00,B3820,0.119,0.0,1.03,36.33,-0.921,5812.799999999999,6394.08,1.04
2011-10-06 12:00:00,B3820,0.786,0.0,1.1,36.33,-0.32400000000000007,5812.799999999999,6394.08,1.11
2011-10-06 13:00:00,B3820,0.214,0.0,1.07,36.33,-0.8560000000000001,5812.799999999999,6394.08,1.07
2011-10-06 14:00:00,B3820,0.119,0.0,0.96,36.33,-0.841,5812.799999999999,6394.08,0.96
2011-10-06 15:00:00,B3820,0.119,0.0,0.75,36.33,-0.641,5812.799999999999,6394.08,0.76
2011-10-06 16:00:00,B3820,0.119,0.0,0.45,36.33,-0.331,5812.799999999999,6394.08,0.45
2011-10-06 17:00:00,B3820,0.214,0.0,0.13,36.33,0.08399999999999999,5812.799999999999,6394.08,0.13
2011-10-06 18:00:00,B3820,0.786,0.0,0.0,36.33,0.786,5812.799999999999,6394.08,0.0
2011-10-06 19:00:00,B3820,0.977,0.0,0.0,36.33,0.977,5812.799999999999,6394.08,0.0
2011-10-06 20:00:00,B3820,0.214,0.0,0.0,36.33,0.214,5812.799999999999,6394.08,0.0
2011-10-06 21:00:00,B3820,0.214,0.0,0.0,36.33,0.214,5812.799999999999,6394.08,0.0
2011-10-06 22:00:00,B3820,0.214,0.0,0.0,36.33,0.214,5812.799999999999,6394.08,0.0
2011-10-06 23:00:00,B3820,0.119,0.0,0.0,36.33,0.119,5812.799999999999,6394.08,0.0
2011-10-07 00:00:00,B3820,2.519,2.4,0.0,36.33,2.519,5812.799999999999,6394.08,0.0
2011-10-07 01:00:00,B3820,2.519,2.4,0.0,36.33,2.519,5812.799999999999,6394.08,0.0
2011-10-07 02:00:00,B3820,2.519,2.4,0.0,36.33,2.519,5812.799999999999,6394.08,0.0
2011-10-07 03:00:00,B3820,2.519,2.4,0.0,36.33,2.519,5812.799999999999,6394.08,0.0
2011-10-07 04:00:00,B3820,2.519,2.4,0.0,36.33,2.519,5812.799999999999,6394.08,0.0
2011-10-07 05:00:00,B3820,0.214,0.0,0.0,36.33,0.214,5812.799999999999,6394.08,0.0
2011-10-07 06:00:00,B3820,0.786,0.0,0.0,36.33,0.786,5812.799999999999,6394.08,0.0
2011-10-07 07:00:00,B3820,0.215,0.0,0.19,36.33,-0.04500000000000001,5812.799999999999,6394.08,0.26
2011-10-07 08:00:00,B3820,0.119,0.0,0.38,36.33,-0.321,5812.799999999999,6394.08,0.44
2011-10-07 09:00:00,B3820,0.119,0.0,0.67,36.33,-0.601,5812.799999999999,6394.08,0.72
2011-10-07 10:00:00,B3820,0.119,0.0,0.9,36.33,-0.811,5812.799999999999,6394.08,0.93
2011-10-07 11:00:00,B3820,0.119,0.0,1.02,36.33,-0.921,5812.799999999999,6394.08,1.04
2011-10-07 12:00:00,B3820,0.786,0.0,1.11,36.33,-0.32400000000000007,5812.799999999999,6394.08,1.11
2011-10-07 13:00:00,B3820,0.214,0.0,1.07,36.33,-0.8660000000000001,5812.799999999999,6394.08,1.08
2011-10-07 14:00:00,B3820,0.119,0.0,0.93,36.33,-0.821,5812.799999999999,6394.08,0.94
2011-10-07 15:00:00,B3820,0.119,0.0,0.72,36.33,-0.601,5812.799999999999,6394.08,0.72
2011-10-07 16:00:00,B3820,0.119,0.0,0.42,36.33,-0.301,5812.799999999999,6394.08,0.42
2011-10-07 17:00:00,B3820,0.214,0.0,0.11,36.33,0.104,5812.799999999999,6394.08,0.11
2011-10-07 18:00:00,B3820,0.786,0.0,0.0,36.33,0.786,5812.799999999999,6394.08,0.0
2011-10-07 19:00:00,B3820,0.977,0.0,0.0,36.33,0.977,5812.799999999999,6394.08,0.0
2011-10-07 20:00:00,B3820,0.214,0.0,0.0,36.33,0.214,5812.799999999999,6394.08,0.0
2011-10-07 21:00:00,B3820,0.214,0.0,0.0,36.33,0.214,5812.799999999999,6394.08,0.0
2011-10-07 22:00:00,B3820,0.214,0.0,0.0,36.33,0.214,5812.799999999999,6394.08,0.0
2011-10-07 23:00:00,B3820,0.119,0.0,0.0,36.33,0.119,5812.799999999999,6394.08,0.0
2011-10-08 00:00:00,B3820,0.119,0.0,0.0,36.33,0.119,5812.799999999999,6394.08,0.0
2011-10-08 01:00:00,B3820,0.119,0.0,0.0,36.33,0.119,5812.799999999999,6394.08,0.0
2011-10-08 02:00:00,B3820,0.119,0.0,0.0,36.33,0.119,5812.799999999999,6394.08,0.0
2011-10-08 03:00:00,B3820,0.119,0.0,0.0,36.33,0.119,5812.799999999999,6394.08,0.0
2011-10-08 04:00:00,B3820,0.119,0.0,0.0,36.33,0.119,5812.799999999999,6394.08,0.0
2011-10-08 05:00:00,B3820,0.214,0.0,0.0,36.33,0.214,5812.799999999999,6394.08,0.0
2011-10-08 06:00:00,B3820,0.786,0.0,0.0,36.33,0.786,5812.799999999999,6394.08,0.0
2011-10-08 07:00:00,B3820,0.214,0.0,0.25,36.33,-0.086,5812.799999999999,6394.08,0.3
2011-10-08 08:00:00,B3820,2.519,2.4,0.44,36.33,2.0090000000000003,5812.799999999999,6394.08,0.51
2011-10-08 09:00:00,B3820,2.519,2.4,0.67,36.33,1.7990000000000002,5812.799999999999,6394.08,0.72
2011-10-08 10:00:00,B3820,2.519,2.4,0.85,36.33,1.6390000000000002,5812.799999999999,6394.08,0.88
2011-10-08 11:00:00,B3820,2.519,2.4,0.98,36.33,1.5190000000000001,5812.799999999999,6394.08,1.0
2011-10-08 12:00:00,B3820,3.186,2.4,1.06,36.33,2.1159999999999997,5812.799999999999,6394.08,1.07
2011-10-08 13:00:00,B3820,0.214,0.0,1.02,36.33,-0.8160000000000001,5812.799999999999,6394.08,1.03
2011-10-08 14:00:00,B3820,0.119,0.0,0.89,36.33,-0.781,5812.799999999999,6394.08,0.9
2011-10-08 15:00:00,B3820,0.119,0.0,0.67,36.33,-0.551,5812.799999999999,6394.08,0.67
2011-10-08 16:00:00,B3820,0.119,0.0,0.4,36.33,-0.281,5812.799999999999,6394.08,0.4
2011-10-08 17:00:00,B3820,0.214,0.0,0.1,36.33,0.11399999999999999,5812.799999999999,6394.08,0.1
2011-10-08 18:00:00,B3820,0.786,0.0,0.0,36.33,0.786,5812.799999999999,6394.08,0.0
2011-10-08 19:00:00,B3820,0.977,0.0,0.0,36.33,0.977,5812.799999999999,6394.08,0.0
2011-10-08 20:00:00,B3820,0.214,0.0,0.0,36.33,0.214,5812.799999999999,6394.08,0.0
2011-10-08 21:00:00,B3820,0.214,0.0,0.0,36.33,0.214,5812.799999999999,6394.08,0.0
2011-10-08 22:00:00,B3820,0.214,0.0,0.0,36.33,0.214,5812.799999999999,6394.08,0.0
2011-10-08 23:00:00,B3820,0.119,0.0,0.0,36.33,0.119,5812.799999999999,6394.08,0.0
2011-10-09 00:00:00,B3820,0.119,0.0,0.0,36.33,0.119,5812.799999999999,6394.08,0.0
2011-10-09 01:00:00,B3820,0.119,0.0,0.0,36.33,0.119,5812.799999999999,6394.08,0.0
2011-10-09 02:00:00,B3820,0.119,0.0,0.0,36.33,0.119,5812.799999999999,6394.08,0.0
2011-10-09 03:00:00,B3820,0.119,0.0,0.0,36.33,0.119,5812.799999999999,6394.08,0.0
2011-10-09 04:00:00,B3820,0.119,0.0,0.0,36.33,0.119,5812.799999999999,6394.08,0.0
2011-10-09 05:00:00,B3820,0.214,0.0,0.0,36.33,0.214,5812.799999999999,6394.08,0.0
2011-10-09 06:00:00,B3820,0.786,0.0,0.0,36.33,0.786,5812.799999999999,6394.08,0.0
2011-10-09 07:00:00,B3820,0.214,0.0,0.15,36.33,0.013999999999999985,5812.799999999999,6394.08,0.2
2011-10-09 08:00:00,B3820,2.519,2.4,0.29,36.33,2.169,5812.799999999999,6394.08,0.35
2011-10-09 09:00:00,B3820,2.519,2.4,0.52,36.33,1.959,5812.799999999999,6394.08,0.56
2011-10-09 10:00:00,B3820,2.519,2.4,0.75,36.33,1.749,5812.799999999999,6394.08,0.77
2011-10-09 11:00:00,B3820,2.519,2.4,0.92,36.33,1.589,5812.799999999999,6394.08,0.93
2011-10-09 12:00:00,B3820,3.186,2.4,0.99,36.33,2.186,5812.799999999999,6394.08,1.0
2011-10-09 13:00:00,B3820,0.214,0.0,0.97,36.33,-0.766,5812.799999999999,6394.08,0.98
2011-10-09 14:00:00,B3820,0.119,0.0,0.85,36.33,-0.731,5812.799999999999,6394.08,0.85
2011-10-09 15:00:00,B3820,0.119,0.0,0.64,36.33,-0.521,5812.799999999999,6394.08,0.64
2011-10-09 16:00:00,B3820,0.119,0.0,0.38,36.33,-0.261,5812.799999999999,6394.08,0.38
2011-10-09 17:00:00,B3820,0.214,0.0,0.1,36.33,0.11399999999999999,5812.799999999999,6394.08,0.1
2011-10-09 18:00:00,B3820,0.786,0.0,0.0,36.33,0.786,5812.799999999999,6394.08,0.0
2011-10-09 19:00:00,B3820,0.977,0.0,0.0,36.33,0.977,5812.799999999999,6394.08,0.0
2011-10-09 20:00:00,B3820,0.214,0.0,0.0,36.33,0.214,5812.799999999999,6394.08,0.0
2011-10-09 21:00:00,B3820,0.214,0.0,0.0,36.33,0.214,5812.799999999999,6394.08,0.0
2011-10-09 22:00:00,B3820,0.214,0.0,0.0,36.33,0.214,5812.799999999999,6394.08,0.0
2011-10-09 23:00:00,B3820,0.119,0.0,0.0,36.33,0.119,5812.799999999999,6394.08,0.0
2011-10-10 00:00:00,B3820,2.519,2.4,0.0,36.33,2.519,5812.799999999999,6394.08,0.0
2011-10-10 01:00:00,B3820,2.519,2.4,0.0,36.33,2.519,5812.799999999999,6394.08,0.0
2011-10-10 02:00:00,B3820,2.519,2.4,0.0,36.33,2.519,5812.799999999999,6394.08,0.0
2011-10-10 03:00:00,B3820,2.519,2.4,0.0,36.33,2.519,5812.799999999999,6394.08,0.0
2011-10-10 04:00:00,B3820,2.519,2.4,0.0,36.33,2.519,5812.799999999999,6394.08,0.0
2011-10-10 05:00:00,B3820,0.214,0.0,0.0,36.33,0.214,5812.799999999999,6394.08,0.0
2011-10-10 06:00:00,B3820,0.786,0.0,0.0,36.33,0.786,5812.799999999999,6394.08,0.0
2011-10-10 07:00:00,B3820,0.215,0.0,0.19,36.33,-0.024999999999999994,5812.799999999999,6394.08,0.24
2011-10-10 08:00:00,B3820,0.119,0.0,0.4,36.33,-0.341,5812.799999999999,6394.08,0.46
2011-10-10 09:00:00,B3820,0.119,0.0,0.7,36.33,-0.641,5812.799999999999,6394.08,0.76
2011-10-10 10:00:00,B3820,0.119,0.0,0.95,36.33,-0.861,5812.799999999999,6394.08,0.98
2011-10-10 11:00:00,B3820,0.119,0.0,1.13,36.33,-1.031,5812.799999999999,6394.08,1.15
2011-10-10 12:00:00,B3820,0.786,0.0,1.16,36.33,-0.3839999999999999,5812.799999999999,6394.08,1.17
2011-10-10 13:00:00,B3820,0.214,0.0,1.06,36.33,-0.8560000000000001,5812.799999999999,6394.08,1.07
2011-10-10 14:00:00,B3820,0.119,0.0,0.9,36.33,-0.791,5812.799999999999,6394.08,0.91
2011-10-10 15:00:00,B3820,0.119,0.0,0.65,36.33,-0.541,5812.799999999999,6394.08,0.66
2011-10-10 16:00:00,B3820,0.119,0.0,0.38,36.33,-0.261,5812.799999999999,6394.08,0.38
2011-10-10 17:00:00,B3820,0.214,0.0,0.1,36.33,0.11399999999999999,5812.799999999999,6394.08,0.1
2011-10-10 18:00:00,B3820,0.786,0.0,0.0,36.33,0.786,5812.799999999999,6394.08,0.0
2011-10-10 19:00:00,B3820,0.977,0.0,0.0,36.33,0.977,5812.799999999999,6394.08,0.0
2011-10-10 20:00:00,B3820,0.214,0.0,0.0,36.33,0.214,5812.799999999999,6394.08,0.0
2011-10-10 21:00:00,B3820,0.214,0.0,0.0,36.33,0.214,5812.799999999999,6394.08,0.0
2011-10-10 22:00:00,B3820,0.214,0.0,0.0,36.33,0.214,5812.799999999999,6394.08,0.0
2011-10-10 23:00:00,B3820,0.119,0.0,0.0,36.33,0.119,5812.799999999999,6394.08,0.0
2011-10-11 00:00:00,B3820,2.519,2.4,0.0,36.33,2.519,5812.799999999999,6394.08,0.0
2011-10-11 01:00:00,B3820,2.519,2.4,0.0,36.33,2.519,5812.799999999999,6394.08,0.0
2011-10-11 02:00:00,B3820,2.519,2.4,0.0,36.33,2.519,5812.799999999999,6394.08,0.0
2011-10-11 03:00:00,B3820,2.519,2.4,0.0,36.33,2.519,5812.799999999999,6394.08,0.0
2011-10-11 04:00:00,B3820,2.519,2.4,0.0,36.33,2.519,5812.799999999999,6394.08,0.0
2011-10-11 05:00:00,B3820,0.214,0.0,0.0,36.33,0.214,5812.799999999999,6394.08,0.0
2011-10-11 06:00:00,B3820,0.786,0.0,0.0,36.33,0.786,5812.799999999999,6394.08,0.0
2011-10-11 07:00:00,B3820,0.215,0.0,0.18,36.33,-0.015000000000000013,5812.799999999999,6394.08,0.23
2011-10-11 08:00:00,B3820,0.119,0.0,0.4,36.33,-0.341,5812.799999999999,6394.08,0.46
2011-10-11 09:00:00,B3820,0.119,0.0,0.6,36.33,-0.531,5812.799999999999,6394.08,0.65
2011-10-11 10:00:00,B3820,0.119,0.0,0.79,36.33,-0.701,5812.799999999999,6394.08,0.82
2011-10-11 11:00:00,B3820,0.119,0.0,0.97,36.33,-0.871,5812.799999999999,6394.08,0.99
2011-10-11 12:00:00,B3820,0.786,0.0,1.01,36.33,-0.23399999999999999,5812.799999999999,6394.08,1.02
2011-10-11 13:00:00,B3820,0.214,0.0,0.93,36.33,-0.726,5812.799999999999,6394.08,0.94
2011-10-11 14:00:00,B3820,0.119,0.0,0.8,36.33,-0.6910000000000001,5812.799999999999,6394.08,0.81
2011-10-11 15:00:00,B3820,0.119,0.0,0.61,36.33,-0.491,5812.799999999999,6394.08,0.61
2011-10-11 16:00:00,B3820,0.119,0.0,0.35,36.33,-0.23099999999999998,5812.799999999999,6394.08,0.35
2011-10-11 17:00:00,B3820,0.214,0.0,0.0,36.33,0.214,5812.799999999999,6394.08,0.0
2011-10-11 18:00:00,B3820,0.786,0.0,0.0,36.33,0.786,5812.799999999999,6394.08,0.0
2011-10-11 19:00:00,B3820,0.977,0.0,0.0,36.33,0.977,5812.799999999999,6394.08,0.0
2011-10-11 20:00:00,B3820,0.214,0.0,0.0,36.33,0.214,5812.799999999999,6394.08,0.0
2011-10-11 21:00:00,B3820,0.214,0.0,0.0,36.33,0.214,5812.799999999999,6394.08,0.0
2011-10-11 22:00:00,B3820,0.214,0.0,0.0,36.33,0.214,5812.799999999999,6394.08,0.0
2011-10-11 23:00:00,B3820,0.119,0.0,0.0,36.33,0.119,5812.799999999999,6394.08,0.0
2011-10-12 00:00:00,B3820,2.519,2.4,0.0,36.33,2.519,5812.799999999999,6394.08,0.0
2011-10-12 01:00:00,B3820,2.519,2.4,0.0,36.33,2.519,5812.799999999999,6394.08,0.0
2011-10-12 02:00:00,B3820,2.519,2.4,0.0,36.33,2.519,5812.799999999999,6394.08,0.0
2011-10-12 03:00:00,B3820,2.519,2.4,0.0,36.33,2.519,5812.799999999999,6394.08,0.0
2011-10-12 04:00:00,B3820,2.519,2.4,0.0,36.33,2.519,5812.799999999999,6394.08,0.0
2011-10-12 05:00:00,B3820,0.214,0.0,0.0,36.33,0.214,5812.799999999999,6394.08,0.0
2011-10-12 06:00:00,B3820,0.786,0.0,0.0,36.33,0.786,5812.799999999999,6394.08,0.0
2011-10-12 07:00:00,B3820,0.215,0.0,0.28,36.33,-0.10500000000000001,5812.799999999999,6394.08,0.32
2011-10-12 08:00:00,B3820,0.119,0.0,0.55,36.33,-0.481,5812.799999999999,6394.08,0.6
2011-10-12 09:00:00,B3820,0.119,0.0,0.87,36.33,-0.801,5812.799999999999,6394.08,0.92
2011-10-12 10:00:00,B3820,0.119,0.0,1.18,36.33,-1.101,5812.799999999999,6394.08,1.22
2011-10-12 11:00:00,B3820,0.119,0.0,1.28,36.33,-1.191,5812.799999999999,6394.08,1.31
2011-10-12 12:00:00,B3820,0.786,0.0,1.14,36.33,-0.3739999999999999,5812.799999999999,6394.08,1.16
2011-10-12 13:00:00,B3820,0.214,0.0,0.97,36.33,-0.766,5812.799999999999,6394.08,0.98
2011-10-12 14:00:00,B3820,0.119,0.0,0.93,36.33,-0.821,5812.799999999999,6394.08,0.94
2011-10-12 15:00:00,B3820,0.119,0.0,0.83,36.33,-0.721,5812.799999999999,6394.08,0.84
2011-10-12 16:00:00,B3820,0.119,0.0,0.4,36.33,-0.281,5812.799999999999,6394.08,0.4
2011-10-12 17:00:00,B3820,0.214,0.0,0.0,36.33,0.214,5812.799999999999,6394.08,0.0
2011-10-12 18:00:00,B3820,0.786,0.0,0.0,36.33,0.786,5812.799999999999,6394.08,0.0
2011-10-12 19:00:00,B3820,0.977,0.0,0.0,36.33,0.977,5812.799999999999,6394.08,0.0
2011-10-12 20:00:00,B3820,0.214,0.0,0.0,36.33,0.214,5812.799999999999,6394.08,0.0
2011-10-12 21:00:00,B3820,0.214,0.0,0.0,36.33,0.214,5812.799999999999,6394.08,0.0
2011-10-12 22:00:00,B3820,0.214,0.0,0.0,36.33,0.214,5812.799999999999,6394.08,0.0
2011-10-12 23:00:00,B3820,0.119,0.0,0.0,36.33,0.119,5812.799999999999,6394.08,0.0
2011-10-13 00:00:00,B3820,2.519,2.4,0.0,36.33,2.519,5812.799999999999,6394.08,0.0
2011-10-13 01:00:00,B3820,2.519,2.4,0.0,36.33,2.519,5812.799999999999,6394.08,0.0
2011-10-13 02:00:00,B3820,2.519,2.4,0.0,36.33,2.519,5812.799999999999,6394.08,0.0
2011-10-13 03:00:00,B3820,2.519,2.4,0.0,36.33,2.519,5812.799999999999,6394.08,0.0
2011-10-13 04:00:00,B3820,2.519,2.4,0.0,36.33,2.519,5812.799999999999,6394.08,0.0
2011-10-13 05:00:00,B3820,0.214,0.0,0.0,36.33,0.214,5812.799999999999,6394.08,0.0
2011-10-13 06:00:00,B3820,0.786,0.0,0.0,36.33,0.786,5812.799999999999,6394.08,0.0
2011-10-13 07:00:00,B3820,0.215,0.0,0.27,36.33,-0.07499999999999998,5812.799999999999,6394.08,0.29
2011-10-13 08:00:00,B3820,0.119,0.0,0.48,36.33,-0.401,5812.799999999999,6394.08,0.52
2011-10-13 09:00:00,B3820,0.119,0.0,0.71,36.33,-0.641,5812.799999999999,6394.08,0.76
2011-10-13 10:00:00,B3820,0.119,0.0,0.85,36.33,-0.761,5812.799999999999,6394.08,0.88
2011-10-13 11:00:00,B3820,0.119,0.0,0.91,36.33,-0.811,5812.799999999999,6394.08,0.93
2011-10-13 12:00:00,B3820,0.786,0.0,1.1,36.33,-0.32400000000000007,5812.799999999999,6394.08,1.11
2011-10-13 13:00:00,B3820,0.214,0.0,1.16,36.33,-0.966,5812.799999999999,6394.08,1.18
2011-10-13 14:00:00,B3820,0.119,0.0,0.92,36.33,-0.811,5812.799999999999,6394.08,0.93
2011-10-13 15:00:00,B3820,0.119,0.0,0.68,36.33,-0.571,5812.799999999999,6394.08,0.69
2011-10-13 16:00:00,B3820,0.119,0.0,0.36,36.33,-0.241,5812.799999999999,6394.08,0.36
2011-10-13 17:00:00,B3820,0.214,0.0,0.0,36.33,0.214,5812.799999999999,6394.08,0.0
2011-10-13 18:00:00,B3820,0.786,0.0,0.0,36.33,0.786,5812.799999999999,6394.08,0.0
2011-10-13 19:00:00,B3820,0.977,0.0,0.0,36.33,0.977,5812.799999999999,6394.08,0.0
2011-10-13 20:00:00,B3820,0.214,0.0,0.0,36.33,0.214,5812.799999999999,6394.08,0.0
2011-10-13 21:00:00,B3820,0.214,0.0,0.0,36.33,0.214,5812.799999999999,6394.08,0.0
2011-10-13 22:00:00,B3820,0.214,0.0,0.0,36.33,0.214,5812.799999999999,6394.08,0.0
2011-10-13 23:00:00,B3820,0.119,0.0,0.0,36.33,0.119,5812.799999999999,6394.08,0.0
2011-10-14 00:00:00,B3820,2.519,2.4,0.0,36.33,2.519,5812.799999999999,6394.08,0.0
2011-10-14 01:00:00,B3820,2.519,2.4,0.0,36.33,2.519,5812.799999999999,6394.08,0.0
2011-10-14 02:00:00,B3820,2.519,2.4,0.0,36.33,2.519,5812.799999999999,6394.08,0.0
2011-10-14 03:00:00,B3820,2.519,2.4,0.0,36.33,2.519,5812.799999999999,6394.08,0.0
2011-10-14 04:00:00,B3820,2.519,2.4,0.0,36.33,2.519,5812.799999999999,6394.08,0.0
2011-10-14 05:00:00,B3820,0.214,0.0,0.0,36.33,0.214,5812.799999999999,6394.08,0.0
2011-10-14 06:00:00,B3820,0.786,0.0,0.0,36.33,0.786,5812.799999999999,6394.08,0.0
2011-10-14 07:00:00,B3820,0.215,0.0,0.14,36.33,0.024999999999999994,5812.799999999999,6394.08,0.19
2011-10-14 08:00:00,B3820,0.119,0.0,0.28,36.33,-0.21100000000000002,5812.799999999999,6394.08,0.33
2011-10-14 09:00:00,B3820,0.119,0.0,0.44,36.33,-0.361,5812.799999999999,6394.08,0.48
2011-10-14 10:00:00,B3820,0.119,0.0,0.65,36.33,-0.561,5812.799999999999,6394.08,0.68
2011-10-14 11:00:00,B3820,0.119,0.0,0.85,36.33,-0.751,5812.799999999999,6394.08,0.87
2011-10-14 12:00:00,B3820,0.786,0.0,0.92,36.33,-0.14400000000000002,5812.799999999999,6394.08,0.93
2011-10-14 13:00:00,B3820,0.214,0.0,0.86,36.33,-0.646,5812.799999999999,6394.08,0.86
2011-10-14 14:00:00,B3820,0.119,0.0,0.71,36.33,-0.601,5812.799999999999,6394.08,0.72
2011-10-14 15:00:00,B3820,0.119,0.0,0.5,36.33,-0.381,5812.799999999999,6394.08,0.5
2011-10-14 16:00:00,B3820,0.119,0.0,0.3,36.33,-0.181,5812.799999999999,6394.08,0.3
2011-10-14 17:00:00,B3820,0.214,0.0,0.0,36.33,0.214,5812.799999999999,6394.08,0.0
2011-10-14 18:00:00,B3820,0.786,0.0,0.0,36.33,0.786,5812.799999999999,6394.08,0.0
2011-10-14 19:00:00,B3820,0.977,0.0,0.0,36.33,0.977,5812.799999999999,6394.08,0.0
2011-10-14 20:00:00,B3820,0.214,0.0,0.0,36.33,0.214,5812.799999999999,6394.08,0.0
2011-10-14 21:00:00,B3820,0.214,0.0,0.0,36.33,0.214,5812.799999999999,6394.08,0.0
2011-10-14 22:00:00,B3820,0.214,0.0,0.0,36.33,0.214,5812.799999999999,6394.08,0.0
2011-10-14 23:00:00,B3820,0.119,0.0,0.0,36.33,0.119,5812.799999999999,6394.08,0.0
2011-10-15 00:00:00,B3820,0.119,0.0,0.0,36.33,0.119,5812.799999999999,6394.08,0.0
2011-10-15 01:00:00,B3820,0.119,0.0,0.0,36.33,0.119,5812.799999999999,6394.08,0.0
2011-10-15 02:00:00,B3820,0.119,0.0,0.0,36.33,0.119,5812.799999999999,6394.08,0.0
2011-10-15 03:00:00,B3820,0.119,0.0,0.0,36.33,0.119,5812.799999999999,6394.08,0.0
2011-10-15 04:00:00,B3820,0.119,0.0,0.0,36.33,0.119,5812.799999999999,6394.08,0.0
2011-10-15 05:00:00,B3820,0.214,0.0,0.0,36.33,0.214,5812.799999999999,6394.08,0.0
2011-10-15 06:00:00,B3820,0.786,0.0,0.0,36.33,0.786,5812.799999999999,6394.08,0.0
2011-10-15 07:00:00,B3820,0.214,0.0,0.2,36.33,-0.036000000000000004,5812.799999999999,6394.08,0.25
2011-10-15 08:00:00,B3820,2.519,2.4,0.42,36.33,2.039,5812.799999999999,6394.08,0.48
2011-10-15 09:00:00,B3820,2.519,2.4,0.64,36.33,1.8290000000000002,5812.799999999999,6394.08,0.69
2011-10-15 10:00:00,B3820,2.519,2.4,0.86,36.33,1.629,5812.799999999999,6394.08,0.89
2011-10-15 11:00:00,B3820,2.519,2.4,1.07,36.33,1.429,5812.799999999999,6394.08,1.09
2011-10-15 12:00:00,B3820,3.186,2.4,1.2,36.33,1.976,5812.799999999999,6394.08,1.21
2011-10-15 13:00:00,B3820,0.214,0.0,1.22,36.33,-1.026,5812.799999999999,6394.08,1.24
2011-10-15 14:00:00,B3820,0.119,0.0,1.07,36.33,-0.9610000000000001,5812.799999999999,6394.08,1.08
2011-10-15 15:00:00,B3820,0.119,0.0,0.69,36.33,-0.581,5812.799999999999,6394.08,0.7
2011-10-15 16:00:00,B3820,0.119,0.0,0.36,36.33,-0.241,5812.799999999999,6394.08,0.36
2011-10-15 17:00:00,B3820,0.214,0.0,0.0,36.33,0.214,5812.799999999999,6394.08,0.0
2011-10-15 18:00:00,B3820,0.786,0.0,0.0,36.33,0.786,5812.799999999999,6394.08,0.0
2011-10-15 19:00:00,B3820,0.977,0.0,0.0,36.33,0.977,5812.799999999999,6394.08,0.0
2011-10-15 20:00:00,B3820,0.214,0.0,0.0,36.33,0.214,5812.799999999999,6394.08,0.0
2011-10-15 21:00:00,B3820,0.214,0.0,0.0,36.33,0.214,5812.799999999999,6394.08,0.0
2011-10-15 22:00:00,B3820,0.214,0.0,0.0,36.33,0.214,5812.799999999999,6394.08,0.0
2011-10-15 23:00:00,B3820,0.119,0.0,0.0,36.33,0.119,5812.799999999999,6394.08,0.0
2011-10-16 00:00:00,B3820,0.119,0.0,0.0,36.33,0.119,5812.799999999999,6394.08,0.0
2011-10-16 01:00:00,B3820,0.119,0.0,0.0,36.33,0.119,5812.799999999999,6394.08,0.0
2011-10-16 02:00:00,B3820,0.119,0.0,0.0,36.33,0.119,5812.799999999999,6394.08,0.0
2011-10-16 03:00:00,B3820,0.119,0.0,0.0,36.33,0.119,5812.799999999999,6394.08,0.0
2011-10-16 04:00:00,B3820,0.119,0.0,0.0,36.33,0.119,5812.799999999999,6394.08,0.0
2011-10-16 05:00:00,B3820,0.214,0.0,0.0,36.33,0.214,5812.799999999999,6394.08,0.0
2011-10-16 06:00:00,B3820,0.786,0.0,0.0,36.33,0.786,5812.799999999999,6394.08,0.0
2011-10-16 07:00:00,B3820,0.214,0.0,0.13,36.33,0.034,5812.799999999999,6394.08,0.18
2011-10-16 08:00:00,B3820,2.519,2.4,0.32,36.33,2.149,5812.799999999999,6394.08,0.37
2011-10-16 09:00:00,B3820,2.519,2.4,0.56,36.33,1.919,5812.799999999999,6394.08,0.6
2011-10-16 10:00:00,B3820,2.519,2.4,0.74,36.33,1.749,5812.799999999999,6394.08,0.77
2011-10-16 11:00:00,B3820,2.519,2.4,0.85,36.33,1.649,5812.799999999999,6394.08,0.87
2011-10-16 12:00:00,B3820,3.186,2.4,0.89,36.33,2.286,5812.799999999999,6394.08,0.9
2011-10-16 13:00:00,B3820,0.214,0.0,0.86,36.33,-0.656,5812.799999999999,6394.08,0.87
2011-10-16 14:00:00,B3820,0.119,0.0,0.75,36.33,-0.641,5812.799999999999,6394.08,0.76
2011-10-16 15:00:00,B3820,0.119,0.0,0.55,36.33,-0.43100000000000005,5812.799999999999,6394.08,0.55
2011-10-16 16:00:00,B3820,0.119,0.0,0.31,36.33,-0.191,5812.799999999999,6394.08,0.31
2011-10-16 17:00:00,B3820,0.214,0.0,0.0,36.33,0.214,5812.799999999999,6394.08,0.0
2011-10-16 18:00:00,B3820,0.786,0.0,0.0,36.33,0.786,5812.799999999999,6394.08,0.0
2011-10-16 19:00:00,B3820,0.977,0.0,0.0,36.33,0.977,5812.799999999999,6394.08,0.0
2011-10-16 20:00:00,B3820,0.214,0.0,0.0,36.33,0.214,5812.799999999999,6394.08,0.0
2011-10-16 21:00:00,B3820,0.214,0.0,0.0,36.33,0.214,5812.799999999999,6394.08,0.0
2011-10-16 22:00:00,B3820,0.214,0.0,0.0,36.33,0.214,5812.799999999999,6394.08,0.0
2011-10-16 23:00:00,B3820,0.119,0.0,0.0,36.33,0.119,5812.799999999999,6394.08,0.0
2011-10-17 00:00:00,B3820,2.519,2.4,0.0,36.33,2.519,5812.799999999999,6394.08,0.0
2011-10-17 01:00:00,B3820,2.519,2.4,0.0,36.33,2.519,5812.799999999999,6394.08,0.0
2011-10-17 02:00:00,B3820,2.519,2.4,0.0,36.33,2.519,5812.799999999999,6394.08,0.0
2011-10-17 03:00:00,B3820,2.519,2.4,0.0,36.33,2.519,5812.799999999999,6394.08,0.0
2011-10-17 04:00:00,B3820,2.519,2.4,0.0,36.33,2.519,5812.799999999999,6394.08,0.0
2011-10-17 05:00:00,B3820,0.214,0.0,0.0,36.33,0.214,5812.799999999999,6394.08,0.0
2011-10-17 06:00:00,B3820,0.786,0.0,0.0,36.33,0.786,5812.799999999999,6394.08,0.0
2011-10-17 07:00:00,B3820,0.215,0.0,0.25,36.33,-0.07499999999999998,5812.799999999999,6394.08,0.29
2011-10-17 08:00:00,B3820,0.119,0.0,0.59,36.33,-0.531,5812.799999999999,6394.08,0.65
2011-10-17 09:00:00,B3820,0.119,0.0,0.91,36.33,-0.831,5812.799999999999,6394.08,0.95
2011-10-17 10:00:00,B3820,0.119,0.0,0.94,36.33,-0.861,5812.799999999999,6394.08,0.98
2011-10-17 11:00:00,B3820,0.119,0.0,1.04,36.33,-0.9410000000000001,5812.799999999999,6394.08,1.06
2011-10-17 12:00:00,B3820,0.786,0.0,1.1,36.33,-0.3340000000000001,5812.799999999999,6394.08,1.12
2011-10-17 13:00:00,B3820,0.214,0.0,0.89,36.33,-0.6960000000000001,5812.799999999999,6394.08,0.91
2011-10-17 14:00:00,B3820,0.119,0.0,0.64,36.33,-0.531,5812.799999999999,6394.08,0.65
2011-10-17 15:00:00,B3820,0.119,0.0,0.52,36.33,-0.401,5812.799999999999,6394.08,0.52
2011-10-17 16:00:00,B3820,0.119,0.0,0.32,36.33,-0.201,5812.799999999999,6394.08,0.32
2011-10-17 17:00:00,B3820,0.214,0.0,0.0,36.33,0.214,5812.799999999999,6394.08,0.0
2011-10-17 18:00:00,B3820,0.786,0.0,0.0,36.33,0.786,5812.799999999999,6394.08,0.0
2011-10-17 19:00:00,B3820,0.977,0.0,0.0,36.33,0.977,5812.799999999999,6394.08,0.0
2011-10-17 20:00:00,B3820,0.214,0.0,0.0,36.33,0.214,5812.799999999999,6394.08,0.0
2011-10-17 21:00:00,B3820,0.214,0.0,0.0,36.33,0.214,5812.799999999999,6394.08,0.0
2011-10-17 22:00:00,B3820,0.214,0.0,0.0,36.33,0.214,5812.799999999999,6394.08,0.0
2011-10-17 23:00:00,B3820,0.119,0.0,0.0,36.33,0.119,5812.799999999999,6394.08,0.0
2011-10-18 00:00:00,B3820,2.519,2.4,0.0,36.33,2.519,5812.799999999999,6394.08,0.0
2011-10-18 01:00:00,B3820,2.519,2.4,0.0,36.33,2.519,5812.799999999999,6394.08,0.0
2011-10-18 02:00:00,B3820,2.519,2.4,0.0,36.33,2.519,5812.799999999999,6394.08,0.0
2011-10-18 03:00:00,B3820,2.519,2.4,0.0,36.33,2.519,5812.799999999999,6394.08,0.0
2011-10-18 04:00:00,B3820,2.519,2.4,0.0,36.33,2.519,5812.799999999999,6394.08,0.0
2011-10-18 05:00:00,B3820,0.214,0.0,0.0,36.33,0.214,5812.799999999999,6394.08,0.0
2011-10-18 06:00:00,B3820,0.786,0.0,0.0,36.33,0.786,5812.799999999999,6394.08,0.0
2011-10-18 07:00:00,B3820,0.215,0.0,0.0,36.33,0.195,5812.799999999999,6394.08,0.02
2011-10-18 08:00:00,B3820,0.119,0.0,0.34,36.33,-0.241,5812.799999999999,6394.08,0.36
2011-10-18 09:00:00,B3820,0.119,0.0,0.47,36.33,-0.381,5812.799999999999,6394.08,0.5
2011-10-18 10:00:00,B3820,0.119,0.0,0.71,36.33,-0.621,5812.799999999999,6394.08,0.74
2011-10-18 11:00:00,B3820,0.119,0.0,0.83,36.33,-0.741,5812.799999999999,6394.08,0.86
2011-10-18 12:00:00,B3820,0.786,0.0,0.82,36.33,-0.04399999999999993,5812.799999999999,6394.08,0.83
2011-10-18 13:00:00,B3820,0.214,0.0,0.69,36.33,-0.486,5812.799999999999,6394.08,0.7
2011-10-18 14:00:00,B3820,0.119,0.0,0.36,36.33,-0.241,5812.799999999999,6394.08,0.36
2011-10-18 15:00:00,B3820,0.119,0.0,0.0,36.33,0.119,5812.799999999999,6394.08,0.0
2011-10-18 16:00:00,B3820,0.119,0.0,0.0,36.33,0.119,5812.799999999999,6394.08,0.0
2011-10-18 17:00:00,B3820,0.214,0.0,0.0,36.33,0.214,5812.799999999999,6394.08,0.0
2011-10-18 18:00:00,B3820,0.786,0.0,0.0,36.33,0.786,5812.799999999999,6394.08,0.0
2011-10-18 19:00:00,B3820,0.977,0.0,0.0,36.33,0.977,5812.799999999999,6394.08,0.0
2011-10-18 20:00:00,B3820,0.214,0.0,0.0,36.33,0.214,5812.799999999999,6394.08,0.0
2011-10-18 21:00:00,B3820,0.214,0.0,0.0,36.33,0.214,5812.799999999999,6394.08,0.0
2011-10-18 22:00:00,B3820,0.214,0.0,0.0,36.33,0.214,5812.799999999999,6394.08,0.0
2011-10-18 23:00:00,B3820,0.119,0.0,0.0,36.33,0.119,5812.799999999999,6394.08,0.0
2011-10-19 00:00:00,B3820,2.519,2.4,0.0,36.33,2.519,5812.799999999999,6394.08,0.0
2011-10-19 01:00:00,B3820,2.519,2.4,0.0,36.33,2.519,5812.799999999999,6394.08,0.0
2011-10-19 02:00:00,B3820,2.519,2.4,0.0,36.33,2.519,5812.799999999999,6394.08,0.0
2011-10-19 03:00:00,B3820,2.519,2.4,0.0,36.33,2.519,5812.799999999999,6394.08,0.0
2011-10-19 04:00:00,B3820,2.519,2.4,0.0,36.33,2.519,5812.799999999999,6394.08,0.0
2011-10-19 05:00:00,B3820,0.214,0.0,0.0,36.33,0.214,5812.799999999999,6394.08,0.0
2011-10-19 06:00:00,B3820,0.786,0.0,0.0,36.33,0.786,5812.799999999999,6394.08,0.0
2011-10-19 07:00:00,B3820,0.215,0.0,0.12,36.33,0.044999999999999984,5812.799999999999,6394.08,0.17
2011-10-19 08:00:00,B3820,0.119,0.0,0.32,36.33,-0.251,5812.799999999999,6394.08,0.37
2011-10-19 09:00:00,B3820,0.119,0.0,0.5,36.33,-0.43100000000000005,5812.799999999999,6394.08,0.55
2011-10-19 10:00:00,B3820,0.119,0.0,0.63,36.33,-0.541,5812.799999999999,6394.08,0.66
2011-10-19 11:00:00,B3820,0.119,0.0,0.73,36.33,-0.631,5812.799999999999,6394.08,0.75
2011-10-19 12:00:00,B3820,0.786,0.0,0.82,36.33,-0.04399999999999993,5812.799999999999,6394.08,0.83
2011-10-19 13:00:00,B3820,0.214,0.0,0.8,36.33,-0.5960000000000001,5812.799999999999,6394.08,0.81
2011-10-19 14:00:00,B3820,0.119,0.0,0.67,36.33,-0.551,5812.799999999999,6394.08,0.67
2011-10-19 15:00:00,B3820,0.119,0.0,0.49,36.33,-0.371,5812.799999999999,6394.08,0.49
2011-10-19 16:00:00,B3820,0.119,0.0,0.26,36.33,-0.14100000000000001,5812.799999999999,6394.08,0.26
2011-10-19 17:00:00,B3820,0.214,0.0,0.0,36.33,0.214,5812.799999999999,6394.08,0.0
2011-10-19 18:00:00,B3820,0.786,0.0,0.0,36.33,0.786,5812.799999999999,6394.08,0.0
2011-10-19 19:00:00,B3820,0.977,0.0,0.0,36.33,0.977,5812.799999999999,6394.08,0.0
2011-10-19 20:00:00,B3820,0.214,0.0,0.0,36.33,0.214,5812.799999999999,6394.08,0.0
2011-10-19 21:00:00,B3820,0.214,0.0,0.0,36.33,0.214,5812.799999999999,6394.08,0.0
2011-10-19 22:00:00,B3820,0.214,0.0,0.0,36.33,0.214,5812.799999999999,6394.08,0.0
2011-10-19 23:00:00,B3820,0.119,0.0,0.0,36.33,0.119,5812.799999999999,6394.08,0.0
2011-10-20 00:00:00,B3820,2.519,2.4,0.0,36.33,2.519,5812.799999999999,6394.08,0.0
2011-10-20 01:00:00,B3820,2.519,2.4,0.0,36.33,2.519,5812.799999999999,6394.08,0.0
2011-10-20 02:00:00,B3820,2.519,2.4,0.0,36.33,2.519,5812.799999999999,6394.08,0.0
2011-10-20 03:00:00,B3820,2.519,2.4,0.0,36.33,2.519,5812.799999999999,6394.08,0.0
2011-10-20 04:00:00,B3820,2.519,2.4,0.0,36.33,2.519,5812.799999999999,6394.08,0.0
2011-10-20 05:00:00,B3820,0.214,0.0,0.0,36.33,0.214,5812.799999999999,6394.08,0.0
2011-10-20 06:00:00,B3820,0.786,0.0,0.0,36.33,0.786,5812.799999999999,6394.08,0.0
2011-10-20 07:00:00,B3820,0.215,0.0,0.0,36.33,0.215,5812.799999999999,6394.08,0.0
2011-10-20 08:00:00,B3820,0.119,0.0,0.27,36.33,-0.21100000000000002,5812.799999999999,6394.08,0.33
2011-10-20 09:00:00,B3820,0.119,0.0,0.39,36.33,-0.321,5812.799999999999,6394.08,0.44
2011-10-20 10:00:00,B3820,0.119,0.0,0.56,36.33,-0.471,5812.799999999999,6394.08,0.59
2011-10-20 11:00:00,B3820,0.119,0.0,0.71,36.33,-0.611,5812.799999999999,6394.08,0.73
2011-10-20 12:00:00,B3820,0.786,0.0,0.78,36.33,0.006000000000000005,5812.799999999999,6394.08,0.78
2011-10-20 13:00:00,B3820,0.214,0.0,0.76,36.33,-0.556,5812.799999999999,6394.08,0.77
2011-10-20 14:00:00,B3820,0.119,0.0,0.71,36.33,-0.601,5812.799999999999,6394.08,0.72
2011-10-20 15:00:00,B3820,0.119,0.0,0.63,36.33,-0.521,5812.799999999999,6394.08,0.64
2011-10-20 16:00:00,B3820,0.119,0.0,0.36,36.33,-0.241,5812.799999999999,6394.08,0.36
2011-10-20 17:00:00,B3820,0.214,0.0,0.0,36.33,0.214,5812.799999999999,6394.08,0.0
2011-10-20 18:00:00,B3820,0.786,0.0,0.0,36.33,0.786,5812.799999999999,6394.08,0.0
2011-10-20 19:00:00,B3820,0.977,0.0,0.0,36.33,0.977,5812.799999999999,6394.08,0.0
2011-10-20 20:00:00,B3820,0.214,0.0,0.0,36.33,0.214,5812.799999999999,6394.08,0.0
2011-10-20 21:00:00,B3820,0.214,0.0,0.0,36.33,0.214,5812.799999999999,6394.08,0.0
2011-10-20 22:00:00,B3820,0.214,0.0,0.0,36.33,0.214,5812.799999999999,6394.08,0.0
2011-10-20 23:00:00,B3820,0.119,0.0,0.0,36.33,0.119,5812.799999999999,6394.08,0.0
2011-10-21 00:00:00,B3820,2.519,2.4,0.0,36.33,2.519,5812.799999999999,6394.08,0.0
2011-10-21 01:00:00,B3820,2.519,2.4,0.0,36.33,2.519,5812.799999999999,6394.08,0.0
2011-10-21 02:00:00,B3820,2.519,2.4,0.0,36.33,2.519,5812.799999999999,6394.08,0.0
2011-10-21 03:00:00,B3820,2.519,2.4,0.0,36.33,2.519,5812.799999999999,6394.08,0.0
2011-10-21 04:00:00,B3820,2.519,2.4,0.0,36.33,2.519,5812.799999999999,6394.08,0.0
2011-10-21 05:00:00,B3820,0.214,0.0,0.0,36.33,0.214,5812.799999999999,6394.08,0.0
2011-10-21 06:00:00,B3820,0.786,0.0,0.0,36.33,0.786,5812.799999999999,6394.08,0.0
2011-10-21 07:00:00,B3820,0.215,0.0,0.0,36.33,0.215,5812.799999999999,6394.08,0.0
2011-10-21 08:00:00,B3820,0.119,0.0,0.55,36.33,-0.471,5812.799999999999,6394.08,0.59
2011-10-21 09:00:00,B3820,0.119,0.0,0.82,36.33,-0.751,5812.799999999999,6394.08,0.87
2011-10-21 10:00:00,B3820,0.119,0.0,1.06,36.33,-0.9810000000000001,5812.799999999999,6394.08,1.1
2011-10-21 11:00:00,B3820,0.119,0.0,1.18,36.33,-1.091,5812.799999999999,6394.08,1.21
2011-10-21 12:00:00,B3820,0.786,0.0,1.08,36.33,-0.31400000000000006,5812.799999999999,6394.08,1.1
2011-10-21 13:00:00,B3820,0.214,0.0,0.99,36.33,-0.786,5812.799999999999,6394.08,1.0
2011-10-21 14:00:00,B3820,0.119,0.0,0.89,36.33,-0.791,5812.799999999999,6394.08,0.91
2011-10-21 15:00:00,B3820,0.119,0.0,0.63,36.33,-0.511,5812.799999999999,6394.08,0.63
2011-10-21 16:00:00,B3820,0.119,0.0,0.33,36.33,-0.21100000000000002,5812.799999999999,6394.08,0.33
2011-10-21 17:00:00,B3820,0.214,0.0,0.0,36.33,0.214,5812.799999999999,6394.08,0.0
2011-10-21 18:00:00,B3820,0.786,0.0,0.0,36.33,0.786,5812.799999999999,6394.08,0.0
2011-10-21 19:00:00,B3820,0.977,0.0,0.0,36.33,0.977,5812.799999999999,6394.08,0.0
2011-10-21 20:00:00,B3820,0.214,0.0,0.0,36.33,0.214,5812.799999999999,6394.08,0.0
2011-10-21 21:00:00,B3820,0.214,0.0,0.0,36.33,0.214,5812.799999999999,6394.08,0.0
2011-10-21 22:00:00,B3820,0.214,0.0,0.0,36.33,0.214,5812.799999999999,6394.08,0.0
2011-10-21 23:00:00,B3820,0.119,0.0,0.0,36.33,0.119,5812.799999999999,6394.08,0.0
2011-10-22 00:00:00,B3820,0.119,0.0,0.0,36.33,0.119,5812.799999999999,6394.08,0.0
2011-10-22 01:00:00,B3820,0.119,0.0,0.0,36.33,0.119,5812.799999999999,6394.08,0.0
2011-10-22 02:00:00,B3820,0.119,0.0,0.0,36.33,0.119,5812.799999999999,6394.08,0.0
2011-10-22 03:00:00,B3820,0.119,0.0,0.0,36.33,0.119,5812.799999999999,6394.08,0.0
2011-10-22 04:00:00,B3820,0.119,0.0,0.0,36.33,0.119,5812.799999999999,6394.08,0.0
2011-10-22 05:00:00,B3820,0.214,0.0,0.0,36.33,0.214,5812.799999999999,6394.08,0.0
2011-10-22 06:00:00,B3820,0.786,0.0,0.0,36.33,0.786,5812.799999999999,6394.08,0.0
2011-10-22 07:00:00,B3820,0.214,0.0,0.0,36.33,0.214,5812.799999999999,6394.08,0.0
2011-10-22 08:00:00,B3820,2.519,2.4,0.6,36.33,1.879,5812.799999999999,6394.08,0.64
2011-10-22 09:00:00,B3820,2.519,2.4,0.9,36.33,1.5690000000000002,5812.799999999999,6394.08,0.95
2011-10-22 10:00:00,B3820,2.519,2.4,1.11,36.33,1.3690000000000002,5812.799999999999,6394.08,1.15
2011-10-22 11:00:00,B3820,2.519,2.4,1.15,36.33,1.3390000000000002,5812.799999999999,6394.08,1.18
2011-10-22 12:00:00,B3820,3.186,2.4,1.1,36.33,2.056,5812.799999999999,6394.08,1.13
2011-10-22 13:00:00,B3820,0.214,0.0,1.03,36.33,-0.8460000000000001,5812.799999999999,6394.08,1.06
2011-10-22 14:00:00,B3820,0.119,0.0,0.84,36.33,-0.741,5812.799999999999,6394.08,0.86
2011-10-22 15:00:00,B3820,0.119,0.0,0.57,36.33,-0.45099999999999996,5812.799999999999,6394.08,0.57
2011-10-22 16:00:00,B3820,0.119,0.0,0.31,36.33,-0.191,5812.799999999999,6394.08,0.31
2011-10-22 17:00:00,B3820,0.214,0.0,0.0,36.33,0.214,5812.799999999999,6394.08,0.0
2011-10-22 18:00:00,B3820,0.786,0.0,0.0,36.33,0.786,5812.799999999999,6394.08,0.0
2011-10-22 19:00:00,B3820,0.977,0.0,0.0,36.33,0.977,5812.799999999999,6394.08,0.0
2011-10-22 20:00:00,B3820,0.214,0.0,0.0,36.33,0.214,5812.799999999999,6394.08,0.0
2011-10-22 21:00:00,B3820,0.214,0.0,0.0,36.33,0.214,5812.799999999999,6394.08,0.0
2011-10-22 22:00:00,B3820,0.214,0.0,0.0,36.33,0.214,5812.799999999999,6394.08,0.0
2011-10-22 23:00:00,B3820,0.119,0.0,0.0,36.33,0.119,5812.799999999999,6394.08,0.0
2011-10-23 00:00:00,B3820,0.119,0.0,0.0,36.33,0.119,5812.799999999999,6394.08,0.0
2011-10-23 01:00:00,B3820,0.119,0.0,0.0,36.33,0.119,5812.799999999999,6394.08,0.0
2011-10-23 02:00:00,B3820,0.119,0.0,0.0,36.33,0.119,5812.799999999999,6394.08,0.0
2011-10-23 03:00:00,B3820,0.119,0.0,0.0,36.33,0.119,5812.799999999999,6394.08,0.0
2011-10-23 04:00:00,B3820,0.119,0.0,0.0,36.33,0.119,5812.799999999999,6394.08,0.0
2011-10-23 05:00:00,B3820,0.214,0.0,0.0,36.33,0.214,5812.799999999999,6394.08,0.0
2011-10-23 06:00:00,B3820,0.786,0.0,0.0,36.33,0.786,5812.799999999999,6394.08,0.0
2011-10-23 07:00:00,B3820,0.214,0.0,0.0,36.33,0.214,5812.799999999999,6394.08,0.0
2011-10-23 08:00:00,B3820,2.519,2.4,0.32,36.33,2.169,5812.799999999999,6394.08,0.35
2011-10-23 09:00:00,B3820,2.519,2.4,0.49,36.33,2.0090000000000003,5812.799999999999,6394.08,0.51
2011-10-23 10:00:00,B3820,2.519,2.4,0.71,36.33,1.7790000000000001,5812.799999999999,6394.08,0.74
2011-10-23 11:00:00,B3820,2.519,2.4,0.66,36.33,1.839,5812.799999999999,6394.08,0.68
2011-10-23 12:00:00,B3820,3.186,2.4,0.68,36.33,2.496,5812.799999999999,6394.08,0.69
2011-10-23 13:00:00,B3820,0.214,0.0,0.8,36.33,-0.5960000000000001,5812.799999999999,6394.08,0.81
2011-10-23 14:00:00,B3820,0.119,0.0,0.71,36.33,-0.601,5812.799999999999,6394.08,0.72
2011-10-23 15:00:00,B3820,0.119,0.0,0.48,36.33,-0.361,5812.799999999999,6394.08,0.48
2011-10-23 16:00:00,B3820,0.119,0.0,0.19,36.33,-0.07100000000000001,5812.799999999999,6394.08,0.19
2011-10-23 17:00:00,B3820,0.214,0.0,0.0,36.33,0.214,5812.799999999999,6394.08,0.0
2011-10-23 18:00:00,B3820,0.786,0.0,0.0,36.33,0.786,5812.799999999999,6394.08,0.0
2011-10-23 19:00:00,B3820,0.977,0.0,0.0,36.33,0.977,5812.799999999999,6394.08,0.0
2011-10-23 20:00:00,B3820,0.214,0.0,0.0,36.33,0.214,5812.799999999999,6394.08,0.0
2011-10-23 21:00:00,B3820,0.214,0.0,0.0,36.33,0.214,5812.799999999999,6394.08,0.0
2011-10-23 22:00:00,B3820,0.214,0.0,0.0,36.33,0.214,5812.799999999999,6394.08,0.0
2011-10-23 23:00:00,B3820,0.119,0.0,0.0,36.33,0.119,5812.799999999999,6394.08,0.0
2011-10-24 00:00:00,B3820,2.519,2.4,0.0,36.33,2.519,5812.799999999999,6394.08,0.0
2011-10-24 01:00:00,B3820,2.519,2.4,0.0,36.33,2.519,5812.799999999999,6394.08,0.0
2011-10-24 02:00:00,B3820,2.519,2.4,0.0,36.33,2.519,5812.799999999999,6394.08,0.0
2011-10-24 03:00:00,B3820,2.519,2.4,0.0,36.33,2.519,5812.799999999999,6394.08,0.0
2011-10-24 04:00:00,B3820,2.519,2.4,0.0,36.33,2.519,5812.799999999999,6394.08,0.0
2011-10-24 05:00:00,B3820,0.214,0.0,0.0,36.33,0.214,5812.799999999999,6394.08,0.0
2011-10-24 06:00:00,B3820,0.786,0.0,0.0,36.33,0.786,5812.799999999999,6394.08,0.0
2011-10-24 07:00:00,B3820,0.215,0.0,0.0,36.33,0.215,5812.799999999999,6394.08,0.0
2011-10-24 08:00:00,B3820,0.119,0.0,0.58,36.33,-0.501,5812.799999999999,6394.08,0.62
2011-10-24 09:00:00,B3820,0.119,0.0,0.91,36.33,-0.841,5812.799999999999,6394.08,0.96
2011-10-24 10:00:00,B3820,0.119,0.0,1.13,36.33,-1.051,5812.799999999999,6394.08,1.17
2011-10-24 11:00:00,B3820,0.119,0.0,1.24,36.33,-1.151,5812.799999999999,6394.08,1.27
2011-10-24 12:00:00,B3820,0.786,0.0,1.28,36.33,-0.514,5812.799999999999,6394.08,1.3
2011-10-24 13:00:00,B3820,0.214,0.0,1.2,36.33,-1.006,5812.799999999999,6394.08,1.22
2011-10-24 14:00:00,B3820,0.119,0.0,0.94,36.33,-0.841,5812.799999999999,6394.08,0.96
2011-10-24 15:00:00,B3820,0.119,0.0,0.54,36.33,-0.42100000000000004,5812.799999999999,6394.08,0.54
2011-10-24 16:00:00,B3820,0.119,0.0,0.0,36.33,0.119,5812.799999999999,6394.08,0.0
2011-10-24 17:00:00,B3820,0.214,0.0,0.0,36.33,0.214,5812.799999999999,6394.08,0.0
2011-10-24 18:00:00,B3820,0.786,0.0,0.0,36.33,0.786,5812.799999999999,6394.08,0.0
2011-10-24 19:00:00,B3820,0.977,0.0,0.0,36.33,0.977,5812.799999999999,6394.08,0.0
2011-10-24 20:00:00,B3820,0.214,0.0,0.0,36.33,0.214,5812.799999999999,6394.08,0.0
2011-10-24 21:00:00,B3820,0.214,0.0,0.0,36.33,0.214,5812.799999999999,6394.08,0.0
2011-10-24 22:00:00,B3820,0.214,0.0,0.0,36.33,0.214,5812.799999999999,6394.08,0.0
2011-10-24 23:00:00,B3820,0.119,0.0,0.0,36.33,0.119,5812.799999999999,6394.08,0.0
2011-10-25 00:00:00,B3820,2.519,2.4,0.0,36.33,2.519,5812.799999999999,6394.08,0.0
2011-10-25 01:00:00,B3820,2.519,2.4,0.0,36.33,2.519,5812.799999999999,6394.08,0.0
2011-10-25 02:00:00,B3820,2.519,2.4,0.0,36.33,2.519,5812.799999999999,6394.08,0.0
2011-10-25 03:00:00,B3820,2.519,2.4,0.0,36.33,2.519,5812.799999999999,6394.08,0.0
2011-10-25 04:00:00,B3820,2.519,2.4,0.0,36.33,2.519,5812.799999999999,6394.08,0.0
2011-10-25 05:00:00,B3820,0.214,0.0,0.0,36.33,0.214,5812.799999999999,6394.08,0.0
2011-10-25 06:00:00,B3820,0.786,0.0,0.0,36.33,0.786,5812.799999999999,6394.08,0.0
2011-10-25 07:00:00,B3820,0.215,0.0,0.0,36.33,0.215,5812.799999999999,6394.08,0.0
2011-10-25 08:00:00,B3820,0.119,0.0,0.33,36.33,-0.261,5812.799999999999,6394.08,0.38
2011-10-25 09:00:00,B3820,0.119,0.0,0.69,36.33,-0.611,5812.799999999999,6394.08,0.73
2011-10-25 10:00:00,B3820,0.119,0.0,0.91,36.33,-0.821,5812.799999999999,6394.08,0.94
2011-10-25 11:00:00,B3820,0.119,0.0,0.93,36.33,-0.831,5812.799999999999,6394.08,0.95
2011-10-25 12:00:00,B3820,0.786,0.0,0.92,36.33,-0.15399999999999991,5812.799999999999,6394.08,0.94
2011-10-25 13:00:00,B3820,0.214,0.0,0.84,36.33,-0.636,5812.799999999999,6394.08,0.85
2011-10-25 14:00:00,B3820,0.119,0.0,0.66,36.33,-0.551,5812.799999999999,6394.08,0.67
2011-10-25 15:00:00,B3820,0.119,0.0,0.42,36.33,-0.301,5812.799999999999,6394.08,0.42
2011-10-25 16:00:00,B3820,0.119,0.0,0.0,36.33,0.119,5812.799999999999,6394.08,0.0
2011-10-25 17:00:00,B3820,0.214,0.0,0.0,36.33,0.214,5812.799999999999,6394.08,0.0
2011-10-25 18:00:00,B3820,0.786,0.0,0.0,36.33,0.786,5812.799999999999,6394.08,0.0
2011-10-25 19:00:00,B3820,0.977,0.0,0.0,36.33,0.977,5812.799999999999,6394.08,0.0
2011-10-25 20:00:00,B3820,0.214,0.0,0.0,36.33,0.214,5812.799999999999,6394.08,0.0
2011-10-25 21:00:00,B3820,0.214,0.0,0.0,36.33,0.214,5812.799999999999,6394.08,0.0
2011-10-25 22:00:00,B3820,0.214,0.0,0.0,36.33,0.214,5812.799999999999,6394.08,0.0
2011-10-25 23:00:00,B3820,0.119,0.0,0.0,36.33,0.119,5812.799999999999,6394.08,0.0
2011-10-26 00:00:00,B3820,2.519,2.4,0.0,36.33,2.519,5812.799999999999,6394.08,0.0
2011-10-26 01:00:00,B3820,2.519,2.4,0.0,36.33,2.519,5812.799999999999,6394.08,0.0
2011-10-26 02:00:00,B3820,2.519,2.4,0.0,36.33,2.519,5812.799999999999,6394.08,0.0
2011-10-26 03:00:00,B3820,2.519,2.4,0.0,36.33,2.519,5812.799999999999,6394.08,0.0
2011-10-26 04:00:00,B3820,2.519,2.4,0.0,36.33,2.519,5812.799999999999,6394.08,0.0
2011-10-26 05:00:00,B3820,0.214,0.0,0.0,36.33,0.214,5812.799999999999,6394.08,0.0
2011-10-26 06:00:00,B3820,0.786,0.0,0.0,36.33,0.786,5812.799999999999,6394.08,0.0
2011-10-26 07:00:00,B3820,0.215,0.0,0.0,36.33,0.215,5812.799999999999,6394.08,0.0
2011-10-26 08:00:00,B3820,0.119,0.0,0.44,36.33,-0.351,5812.799999999999,6394.08,0.47
2011-10-26 09:00:00,B3820,0.119,0.0,0.67,36.33,-0.591,5812.799999999999,6394.08,0.71
2011-10-26 10:00:00,B3820,0.119,0.0,0.74,36.33,-0.651,5812.799999999999,6394.08,0.77
2011-10-26 11:00:00,B3820,0.119,0.0,0.89,36.33,-0.791,5812.799999999999,6394.08,0.91
2011-10-26 12:00:00,B3820,0.786,0.0,0.85,36.33,-0.08399999999999996,5812.799999999999,6394.08,0.87
2011-10-26 13:00:00,B3820,0.214,0.0,0.69,36.33,-0.476,5812.799999999999,6394.08,0.69
2011-10-26 14:00:00,B3820,0.119,0.0,0.68,36.33,-0.571,5812.799999999999,6394.08,0.69
2011-10-26 15:00:00,B3820,0.119,0.0,0.51,36.33,-0.391,5812.799999999999,6394.08,0.51
2011-10-26 16:00:00,B3820,0.119,0.0,0.18,36.33,-0.061,5812.799999999999,6394.08,0.18
2011-10-26 17:00:00,B3820,0.214,0.0,0.0,36.33,0.214,5812.799999999999,6394.08,0.0
2011-10-26 18:00:00,B3820,0.786,0.0,0.0,36.33,0.786,5812.799999999999,6394.08,0.0
2011-10-26 19:00:00,B3820,0.977,0.0,0.0,36.33,0.977,5812.799999999999,6394.08,0.0
2011-10-26 20:00:00,B3820,0.214,0.0,0.0,36.33,0.214,5812.799999999999,6394.08,0.0
2011-10-26 21:00:00,B3820,0.214,0.0,0.0,36.33,0.214,5812.799999999999,6394.08,0.0
2011-10-26 22:00:00,B3820,0.214,0.0,0.0,36.33,0.214,5812.799999999999,6394.08,0.0
2011-10-26 23:00:00,B3820,0.119,0.0,0.0,36.33,0.119,5812.799999999999,6394.08,0.0
2011-10-27 00:00:00,B3820,2.519,2.4,0.0,36.33,2.519,5812.799999999999,6394.08,0.0
2011-10-27 01:00:00,B3820,2.519,2.4,0.0,36.33,2.519,5812.799999999999,6394.08,0.0
2011-10-27 02:00:00,B3820,2.519,2.4,0.0,36.33,2.519,5812.799999999999,6394.08,0.0
2011-10-27 03:00:00,B3820,2.519,2.4,0.0,36.33,2.519,5812.799999999999,6394.08,0.0
2011-10-27 04:00:00,B3820,2.519,2.4,0.0,36.33,2.519,5812.799999999999,6394.08,0.0
2011-10-27 05:00:00,B3820,0.214,0.0,0.0,36.33,0.214,5812.799999999999,6394.08,0.0
2011-10-27 06:00:00,B3820,0.786,0.0,0.0,36.33,0.786,5812.799999999999,6394.08,0.0
2011-10-27 07:00:00,B3820,0.215,0.0,0.0,36.33,0.215,5812.799999999999,6394.08,0.0
2011-10-27 08:00:00,B3820,0.119,0.0,0.55,36.33,-0.471,5812.799999999999,6394.08,0.59
2011-10-27 09:00:00,B3820,0.119,0.0,0.83,36.33,-0.751,5812.799999999999,6394.08,0.87
2011-10-27 10:00:00,B3820,0.119,0.0,1.07,36.33,-0.9910000000000001,5812.799999999999,6394.08,1.11
2011-10-27 11:00:00,B3820,0.119,0.0,1.16,36.33,-1.071,5812.799999999999,6394.08,1.19
2011-10-27 12:00:00,B3820,0.786,0.0,1.15,36.33,-0.3939999999999999,5812.799999999999,6394.08,1.18
2011-10-27 13:00:00,B3820,0.214,0.0,1.02,36.33,-0.8160000000000001,5812.799999999999,6394.08,1.03
2011-10-27 14:00:00,B3820,0.119,0.0,0.7,36.33,-0.591,5812.799999999999,6394.08,0.71
2011-10-27 15:00:00,B3820,0.119,0.0,0.39,36.33,-0.271,5812.799999999999,6394.08,0.39
2011-10-27 16:00:00,B3820,0.119,0.0,0.13,36.33,-0.01100000000000001,5812.799999999999,6394.08,0.13
2011-10-27 17:00:00,B3820,0.214,0.0,0.0,36.33,0.214,5812.799999999999,6394.08,0.0
2011-10-27 18:00:00,B3820,0.786,0.0,0.0,36.33,0.786,5812.799999999999,6394.08,0.0
2011-10-27 19:00:00,B3820,0.977,0.0,0.0,36.33,0.977,5812.799999999999,6394.08,0.0
2011-10-27 20:00:00,B3820,0.214,0.0,0.0,36.33,0.214,5812.799999999999,6394.08,0.0
2011-10-27 21:00:00,B3820,0.214,0.0,0.0,36.33,0.214,5812.799999999999,6394.08,0.0
2011-10-27 22:00:00,B3820,0.214,0.0,0.0,36.33,0.214,5812.799999999999,6394.08,0.0
2011-10-27 23:00:00,B3820,0.119,0.0,0.0,36.33,0.119,5812.799999999999,6394.08,0.0
2011-10-28 00:00:00,B3820,2.519,2.4,0.0,36.33,2.519,5812.799999999999,6394.08,0.0
2011-10-28 01:00:00,B3820,2.519,2.4,0.0,36.33,2.519,5812.799999999999,6394.08,0.0
2011-10-28 02:00:00,B3820,2.519,2.4,0.0,36.33,2.519,5812.799999999999,6394.08,0.0
2011-10-28 03:00:00,B3820,2.519,2.4,0.0,36.33,2.519,5812.799999999999,6394.08,0.0
2011-10-28 04:00:00,B3820,2.519,2.4,0.0,36.33,2.519,5812.799999999999,6394.08,0.0
2011-10-28 05:00:00,B3820,0.214,0.0,0.0,36.33,0.214,5812.799999999999,6394.08,0.0
2011-10-28 06:00:00,B3820,0.786,0.0,0.0,36.33,0.786,5812.799999999999,6394.08,0.0
2011-10-28 07:00:00,B3820,0.215,0.0,0.0,36.33,0.215,5812.799999999999,6394.08,0.0
2011-10-28 08:00:00,B3820,0.119,0.0,0.31,36.33,-0.241,5812.799999999999,6394.08,0.36
2011-10-28 09:00:00,B3820,0.119,0.0,0.48,36.33,-0.401,5812.799999999999,6394.08,0.52
2011-10-28 10:00:00,B3820,0.119,0.0,0.72,36.33,-0.631,5812.799999999999,6394.08,0.75
2011-10-28 11:00:00,B3820,0.119,0.0,1.02,36.33,-0.921,5812.799999999999,6394.08,1.04
2011-10-28 12:00:00,B3820,0.786,0.0,1.08,36.33,-0.31400000000000006,5812.799999999999,6394.08,1.1
2011-10-28 13:00:00,B3820,0.214,0.0,0.98,36.33,-0.776,5812.799999999999,6394.08,0.99
2011-10-28 14:00:00,B3820,0.119,0.0,0.83,36.33,-0.721,5812.799999999999,6394.08,0.84
2011-10-28 15:00:00,B3820,0.119,0.0,0.62,36.33,-0.511,5812.799999999999,6394.08,0.63
2011-10-28 16:00:00,B3820,0.119,0.0,0.26,36.33,-0.14100000000000001,5812.799999999999,6394.08,0.26
2011-10-28 17:00:00,B3820,0.214,0.0,0.0,36.33,0.214,5812.799999999999,6394.08,0.0
2011-10-28 18:00:00,B3820,0.786,0.0,0.0,36.33,0.786,5812.799999999999,6394.08,0.0
2011-10-28 19:00:00,B3820,0.977,0.0,0.0,36.33,0.977,5812.799999999999,6394.08,0.0
2011-10-28 20:00:00,B3820,0.214,0.0,0.0,36.33,0.214,5812.799999999999,6394.08,0.0
2011-10-28 21:00:00,B3820,0.214,0.0,0.0,36.33,0.214,5812.799999999999,6394.08,0.0
2011-10-28 22:00:00,B3820,0.214,0.0,0.0,36.33,0.214,5812.799999999999,6394.08,0.0
2011-10-28 23:00:00,B3820,0.119,0.0,0.0,36.33,0.119,5812.799999999999,6394.08,0.0
2011-10-29 00:00:00,B3820,0.119,0.0,0.0,36.33,0.119,5812.799999999999,6394.08,0.0
2011-10-29 01:00:00,B3820,0.119,0.0,0.0,36.33,0.119,5812.799999999999,6394.08,0.0
2011-10-29 02:00:00,B3820,0.119,0.0,0.0,36.33,0.119,5812.799999999999,6394.08,0.0
2011-10-29 03:00:00,B3820,0.119,0.0,0.0,36.33,0.119,5812.799999999999,6394.08,0.0
2011-10-29 04:00:00,B3820,0.119,0.0,0.0,36.33,0.119,5812.799999999999,6394.08,0.0
2011-10-29 05:00:00,B3820,0.214,0.0,0.0,36.33,0.214,5812.799999999999,6394.08,0.0
2011-10-29 06:00:00,B3820,0.786,0.0,0.0,36.33,0.786,5812.799999999999,6394.08,0.0
2011-10-29 07:00:00,B3820,0.214,0.0,0.0,36.33,0.214,5812.799999999999,6394.08,0.0
2011-10-29 08:00:00,B3820,2.519,2.4,0.25,36.33,2.229,5812.799999999999,6394.08,0.29
2011-10-29 09:00:00,B3820,2.519,2.4,0.45,36.33,2.029,5812.799999999999,6394.08,0.49
2011-10-29 10:00:00,B3820,2.519,2.4,0.52,36.33,1.969,5812.799999999999,6394.08,0.55
2011-10-29 11:00:00,B3820,2.519,2.4,0.54,36.33,1.959,5812.799999999999,6394.08,0.56
2011-10-29 12:00:00,B3820,3.186,2.4,0.59,36.33,2.586,5812.799999999999,6394.08,0.6
2011-10-29 13:00:00,B3820,0.214,0.0,0.55,36.33,-0.3460000000000001,5812.799999999999,6394.08,0.56
2011-10-29 14:00:00,B3820,0.119,0.0,0.48,36.33,-0.371,5812.799999999999,6394.08,0.49
2011-10-29 15:00:00,B3820,0.119,0.0,0.41,36.33,-0.291,5812.799999999999,6394.08,0.41
2011-10-29 16:00:00,B3820,0.119,0.0,0.17,36.33,-0.05100000000000002,5812.799999999999,6394.08,0.17
2011-10-29 17:00:00,B3820,0.214,0.0,0.0,36.33,0.214,5812.799999999999,6394.08,0.0
2011-10-29 18:00:00,B3820,0.786,0.0,0.0,36.33,0.786,5812.799999999999,6394.08,0.0
2011-10-29 19:00:00,B3820,0.977,0.0,0.0,36.33,0.977,5812.799999999999,6394.08,0.0
2011-10-29 20:00:00,B3820,0.214,0.0,0.0,36.33,0.214,5812.799999999999,6394.08,0.0
2011-10-29 21:00:00,B3820,0.214,0.0,0.0,36.33,0.214,5812.799999999999,6394.08,0.0
2011-10-29 22:00:00,B3820,0.214,0.0,0.0,36.33,0.214,5812.799999999999,6394.08,0.0
2011-10-29 23:00:00,B3820,0.119,0.0,0.0,36.33,0.119,5812.799999999999,6394.08,0.0
2011-10-30 00:00:00,B3820,0.119,0.0,0.0,36.33,0.119,5812.799999999999,6394.08,0.0
2011-10-30 01:00:00,B3820,0.119,0.0,0.0,36.33,0.119,5812.799999999999,6394.08,0.0
2011-10-30 02:00:00,B3820,0.119,0.0,0.0,36.33,0.119,5812.799999999999,6394.08,0.0
2011-10-30 03:00:00,B3820,0.119,0.0,0.0,36.33,0.119,5812.799999999999,6394.08,0.0
2011-10-30 04:00:00,B3820,0.119,0.0,0.0,36.33,0.119,5812.799999999999,6394.08,0.0
2011-10-30 05:00:00,B3820,0.214,0.0,0.0,36.33,0.214,5812.799999999999,6394.08,0.0
2011-10-30 06:00:00,B3820,0.786,0.0,0.0,36.33,0.786,5812.799999999999,6394.08,0.0
2011-10-30 07:00:00,B3820,0.214,0.0,0.0,36.33,0.214,5812.799999999999,6394.08,0.0
2011-10-30 08:00:00,B3820,2.519,2.4,0.37,36.33,2.099,5812.799999999999,6394.08,0.42
2011-10-30 09:00:00,B3820,2.519,2.4,0.62,36.33,1.8490000000000002,5812.799999999999,6394.08,0.67
2011-10-30 10:00:00,B3820,2.519,2.4,0.75,36.33,1.739,5812.799999999999,6394.08,0.78
2011-10-30 11:00:00,B3820,2.519,2.4,0.71,36.33,1.7890000000000001,5812.799999999999,6394.08,0.73
2011-10-30 12:00:00,B3820,3.186,2.4,0.65,36.33,2.526,5812.799999999999,6394.08,0.66
2011-10-30 13:00:00,B3820,0.214,0.0,0.62,36.33,-0.41600000000000004,5812.799999999999,6394.08,0.63
2011-10-30 14:00:00,B3820,0.119,0.0,0.6,36.33,-0.491,5812.799999999999,6394.08,0.61
2011-10-30 15:00:00,B3820,0.119,0.0,0.5,36.33,-0.381,5812.799999999999,6394.08,0.5
2011-10-30 16:00:00,B3820,0.119,0.0,0.21,36.33,-0.091,5812.799999999999,6394.08,0.21
2011-10-30 17:00:00,B3820,0.214,0.0,0.0,36.33,0.214,5812.799999999999,6394.08,0.0
2011-10-30 18:00:00,B3820,0.786,0.0,0.0,36.33,0.786,5812.799999999999,6394.08,0.0
2011-10-30 19:00:00,B3820,0.977,0.0,0.0,36.33,0.977,5812.799999999999,6394.08,0.0
2011-10-30 20:00:00,B3820,0.214,0.0,0.0,36.33,0.214,5812.799999999999,6394.08,0.0
2011-10-30 21:00:00,B3820,0.214,0.0,0.0,36.33,0.214,5812.799999999999,6394.08,0.0
2011-10-30 22:00:00,B3820,0.214,0.0,0.0,36.33,0.214,5812.799999999999,6394.08,0.0
2011-10-30 23:00:00,B3820,0.119,0.0,0.0,36.33,0.119,5812.799999999999,6394.08,0.0
2011-10-31 00:00:00,B3820,2.519,2.4,0.0,36.33,2.519,5812.799999999999,6394.08,0.0
2011-10-31 01:00:00,B3820,2.519,2.4,0.0,36.33,2.519,5812.799999999999,6394.08,0.0
2011-10-31 02:00:00,B3820,2.519,2.4,0.0,36.33,2.519,5812.799999999999,6394.08,0.0
2011-10-31 03:00:00,B3820,2.519,2.4,0.0,36.33,2.519,5812.799999999999,6394.08,0.0
2011-10-31 04:00:00,B3820,2.519,2.4,0.0,36.33,2.519,5812.799999999999,6394.08,0.0
2011-10-31 05:00:00,B3820,0.214,0.0,0.0,36.33,0.214,5812.799999999999,6394.08,0.0
2011-10-31 06:00:00,B3820,0.786,0.0,0.0,36.33,0.786,5812.799999999999,6394.08,0.0
2011-10-31 07:00:00,B3820,0.215,0.0,0.0,36.33,0.215,5812.799999999999,6394.08,0.0
2011-10-31 08:00:00,B3820,0.119,0.0,0.29,36.33,-0.22100000000000003,5812.799999999999,6394.08,0.34
2011-10-31 09:00:00,B3820,0.119,0.0,0.4,36.33,-0.321,5812.799999999999,6394.08,0.44
2011-10-31 10:00:00,B3820,0.119,0.0,0.45,36.33,-0.351,5812.799999999999,6394.08,0.47
2011-10-31 11:00:00,B3820,0.119,0.0,0.49,36.33,-0.381,5812.799999999999,6394.08,0.5
2011-10-31 12:00:00,B3820,0.786,0.0,0.52,36.33,0.256,5812.799999999999,6394.08,0.53
2011-10-31 13:00:00,B3820,0.214,0.0,0.52,36.33,-0.31600000000000006,5812.799999999999,6394.08,0.53
2011-10-31 14:00:00,B3820,0.119,0.0,0.48,36.33,-0.361,5812.799999999999,6394.08,0.48
2011-10-31 15:00:00,B3820,0.119,0.0,0.39,36.33,-0.271,5812.799999999999,6394.08,0.39
2011-10-31 16:00:00,B3820,0.119,0.0,0.16,36.33,-0.04100000000000001,5812.799999999999,6394.08,0.16
2011-10-31 17:00:00,B3820,0.214,0.0,0.0,36.33,0.214,5812.799999999999,6394.08,0.0
2011-10-31 18:00:00,B3820,0.786,0.0,0.0,36.33,0.786,5812.799999999999,6394.08,0.0
2011-10-31 19:00:00,B3820,0.977,0.0,0.0,36.33,0.977,5812.799999999999,6394.08,0.0
2011-10-31 20:00:00,B3820,0.214,0.0,0.0,36.33,0.214,5812.799999999999,6394.08,0.0
2011-10-31 21:00:00,B3820,0.214,0.0,0.0,36.33,0.214,5812.799999999999,6394.08,0.0
2011-10-31 22:00:00,B3820,0.214,0.0,0.0,36.33,0.214,5812.799999999999,6394.08,0.0
2011-10-31 23:00:00,B3820,0.119,0.0,0.0,36.33,0.119,5812.799999999999,6394.08,0.0
2011-11-01 00:00:00,B3820,2.519,2.4,0.0,36.33,2.519,5812.799999999999,6394.08,0.0
2011-11-01 01:00:00,B3820,2.519,2.4,0.0,36.33,2.519,5812.799999999999,6394.08,0.0
2011-11-01 02:00:00,B3820,2.519,2.4,0.0,36.33,2.519,5812.799999999999,6394.08,0.0
2011-11-01 03:00:00,B3820,2.519,2.4,0.0,36.33,2.519,5812.799999999999,6394.08,0.0
2011-11-01 04:00:00,B3820,2.519,2.4,0.0,36.33,2.519,5812.799999999999,6394.08,0.0
2011-11-01 05:00:00,B3820,0.214,0.0,0.0,36.33,0.214,5812.799999999999,6394.08,0.0
2011-11-01 06:00:00,B3820,0.786,0.0,0.0,36.33,0.786,5812.799999999999,6394.08,0.0
2011-11-01 07:00:00,B3820,0.215,0.0,0.0,36.33,0.215,5812.799999999999,6394.08,0.0
2011-11-01 08:00:00,B3820,0.119,0.0,0.27,36.33,-0.201,5812.799999999999,6394.08,0.32
2011-11-01 09:00:00,B3820,0.119,0.0,0.54,36.33,-0.471,5812.799999999999,6394.08,0.59
2011-11-01 10:00:00,B3820,0.119,0.0,0.88,36.33,-0.801,5812.799999999999,6394.08,0.92
2011-11-01 11:00:00,B3820,0.119,0.0,1.12,36.33,-1.021,5812.799999999999,6394.08,1.14
2011-11-01 12:00:00,B3820,0.786,0.0,1.15,36.33,-0.3839999999999999,5812.799999999999,6394.08,1.17
2011-11-01 13:00:00,B3820,0.214,0.0,0.96,36.33,-0.766,5812.799999999999,6394.08,0.98
2011-11-01 14:00:00,B3820,0.119,0.0,0.72,36.33,-0.611,5812.799999999999,6394.08,0.73
2011-11-01 15:00:00,B3820,0.119,0.0,0.47,36.33,-0.351,5812.799999999999,6394.08,0.47
2011-11-01 16:00:00,B3820,0.119,0.0,0.0,36.33,0.119,5812.799999999999,6394.08,0.0
2011-11-01 17:00:00,B3820,0.214,0.0,0.0,36.33,0.214,5812.799999999999,6394.08,0.0
2011-11-01 18:00:00,B3820,0.786,0.0,0.0,36.33,0.786,5812.799999999999,6394.08,0.0
2011-11-01 19:00:00,B3820,0.977,0.0,0.0,36.33,0.977,5812.799999999999,6394.08,0.0
2011-11-01 20:00:00,B3820,0.214,0.0,0.0,36.33,0.214,5812.799999999999,6394.08,0.0
2011-11-01 21:00:00,B3820,0.214,0.0,0.0,36.33,0.214,5812.799999999999,6394.08,0.0
2011-11-01 22:00:00,B3820,0.214,0.0,0.0,36.33,0.214,5812.799999999999,6394.08,0.0
2011-11-01 23:00:00,B3820,0.119,0.0,0.0,36.33,0.119,5812.799999999999,6394.08,0.0
2011-11-02 00:00:00,B3820,2.519,2.4,0.0,36.33,2.519,5812.799999999999,6394.08,0.0
2011-11-02 01:00:00,B3820,2.519,2.4,0.0,36.33,2.519,5812.799999999999,6394.08,0.0
2011-11-02 02:00:00,B3820,2.519,2.4,0.0,36.33,2.519,5812.799999999999,6394.08,0.0
2011-11-02 03:00:00,B3820,2.519,2.4,0.0,36.33,2.519,5812.799999999999,6394.08,0.0
2011-11-02 04:00:00,B3820,2.519,2.4,0.0,36.33,2.519,5812.799999999999,6394.08,0.0
2011-11-02 05:00:00,B3820,0.214,0.0,0.0,36.33,0.214,5812.799999999999,6394.08,0.0
2011-11-02 06:00:00,B3820,0.786,0.0,0.0,36.33,0.786,5812.799999999999,6394.08,0.0
2011-11-02 07:00:00,B3820,0.215,0.0,0.0,36.33,0.215,5812.799999999999,6394.08,0.0
2011-11-02 08:00:00,B3820,0.119,0.0,0.0,36.33,0.119,5812.799999999999,6394.08,0.0
2011-11-02 09:00:00,B3820,0.119,0.0,0.0,36.33,0.119,5812.799999999999,6394.08,0.0
2011-11-02 10:00:00,B3820,0.119,0.0,0.0,36.33,0.119,5812.799999999999,6394.08,0.0
2011-11-02 11:00:00,B3820,0.119,0.0,0.36,36.33,-0.241,5812.799999999999,6394.08,0.36
2011-11-02 12:00:00,B3820,0.786,0.0,0.79,36.33,-0.02400000000000002,5812.799999999999,6394.08,0.81
2011-11-02 13:00:00,B3820,0.214,0.0,0.9,36.33,-0.6960000000000001,5812.799999999999,6394.08,0.91
2011-11-02 14:00:00,B3820,0.119,0.0,0.64,36.33,-0.531,5812.799999999999,6394.08,0.65
2011-11-02 15:00:00,B3820,0.119,0.0,0.43,36.33,-0.311,5812.799999999999,6394.08,0.43
2011-11-02 16:00:00,B3820,0.119,0.0,0.15,36.33,-0.031,5812.799999999999,6394.08,0.15
2011-11-02 17:00:00,B3820,0.214,0.0,0.0,36.33,0.214,5812.799999999999,6394.08,0.0
2011-11-02 18:00:00,B3820,0.786,0.0,0.0,36.33,0.786,5812.799999999999,6394.08,0.0
2011-11-02 19:00:00,B3820,0.977,0.0,0.0,36.33,0.977,5812.799999999999,6394.08,0.0
2011-11-02 20:00:00,B3820,0.214,0.0,0.0,36.33,0.214,5812.799999999999,6394.08,0.0
2011-11-02 21:00:00,B3820,0.214,0.0,0.0,36.33,0.214,5812.799999999999,6394.08,0.0
2011-11-02 22:00:00,B3820,0.214,0.0,0.0,36.33,0.214,5812.799999999999,6394.08,0.0
2011-11-02 23:00:00,B3820,0.119,0.0,0.0,36.33,0.119,5812.799999999999,6394.08,0.0
2011-11-03 00:00:00,B3820,2.519,2.4,0.0,36.33,2.519,5812.799999999999,6394.08,0.0
2011-11-03 01:00:00,B3820,2.519,2.4,0.0,36.33,2.519,5812.799999999999,6394.08,0.0
2011-11-03 02:00:00,B3820,2.519,2.4,0.0,36.33,2.519,5812.799999999999,6394.08,0.0
2011-11-03 03:00:00,B3820,2.519,2.4,0.0,36.33,2.519,5812.799999999999,6394.08,0.0
2011-11-03 04:00:00,B3820,2.519,2.4,0.0,36.33,2.519,5812.799999999999,6394.08,0.0
2011-11-03 05:00:00,B3820,0.214,0.0,0.0,36.33,0.214,5812.799999999999,6394.08,0.0
2011-11-03 06:00:00,B3820,0.786,0.0,0.0,36.33,0.786,5812.799999999999,6394.08,0.0
2011-11-03 07:00:00,B3820,0.215,0.0,0.0,36.33,0.215,5812.799999999999,6394.08,0.0
2011-11-03 08:00:00,B3820,0.119,0.0,0.27,36.33,-0.201,5812.799999999999,6394.08,0.32
2011-11-03 09:00:00,B3820,0.119,0.0,0.45,36.33,-0.371,5812.799999999999,6394.08,0.49
2011-11-03 10:00:00,B3820,0.119,0.0,0.67,36.33,-0.581,5812.799999999999,6394.08,0.7
2011-11-03 11:00:00,B3820,0.119,0.0,0.75,36.33,-0.651,5812.799999999999,6394.08,0.77
2011-11-03 12:00:00,B3820,0.786,0.0,0.75,36.33,0.026000000000000023,5812.799999999999,6394.08,0.76
2011-11-03 13:00:00,B3820,0.214,0.0,0.75,36.33,-0.546,5812.799999999999,6394.08,0.76
2011-11-03 14:00:00,B3820,0.119,0.0,0.63,36.33,-0.521,5812.799999999999,6394.08,0.64
2011-11-03 15:00:00,B3820,0.119,0.0,0.45,36.33,-0.331,5812.799999999999,6394.08,0.45
2011-11-03 16:00:00,B3820,0.119,0.0,0.16,36.33,-0.04100000000000001,5812.799999999999,6394.08,0.16
2011-11-03 17:00:00,B3820,0.214,0.0,0.0,36.33,0.214,5812.799999999999,6394.08,0.0
2011-11-03 18:00:00,B3820,0.786,0.0,0.0,36.33,0.786,5812.799999999999,6394.08,0.0
2011-11-03 19:00:00,B3820,0.977,0.0,0.0,36.33,0.977,5812.799999999999,6394.08,0.0
2011-11-03 20:00:00,B3820,0.214,0.0,0.0,36.33,0.214,5812.799999999999,6394.08,0.0
2011-11-03 21:00:00,B3820,0.214,0.0,0.0,36.33,0.214,5812.799999999999,6394.08,0.0
2011-11-03 22:00:00,B3820,0.214,0.0,0.0,36.33,0.214,5812.799999999999,6394.08,0.0
2011-11-03 23:00:00,B3820,0.119,0.0,0.0,36.33,0.119,5812.799999999999,6394.08,0.0
2011-11-04 00:00:00,B3820,2.519,2.4,0.0,36.33,2.519,5812.799999999999,6394.08,0.0
2011-11-04 01:00:00,B3820,2.519,2.4,0.0,36.33,2.519,5812.799999999999,6394.08,0.0
2011-11-04 02:00:00,B3820,2.519,2.4,0.0,36.33,2.519,5812.799999999999,6394.08,0.0
2011-11-04 03:00:00,B3820,2.519,2.4,0.0,36.33,2.519,5812.799999999999,6394.08,0.0
2011-11-04 04:00:00,B3820,2.519,2.4,0.0,36.33,2.519,5812.799999999999,6394.08,0.0
2011-11-04 05:00:00,B3820,0.214,0.0,0.0,36.33,0.214,5812.799999999999,6394.08,0.0
2011-11-04 06:00:00,B3820,0.786,0.0,0.0,36.33,0.786,5812.799999999999,6394.08,0.0
2011-11-04 07:00:00,B3820,0.215,0.0,0.0,36.33,0.215,5812.799999999999,6394.08,0.0
2011-11-04 08:00:00,B3820,0.119,0.0,0.52,36.33,-0.44100000000000006,5812.799999999999,6394.08,0.56
2011-11-04 09:00:00,B3820,0.119,0.0,0.76,36.33,-0.6910000000000001,5812.799999999999,6394.08,0.81
2011-11-04 10:00:00,B3820,0.119,0.0,0.9,36.33,-0.821,5812.799999999999,6394.08,0.94
2011-11-04 11:00:00,B3820,0.119,0.0,0.95,36.33,-0.851,5812.799999999999,6394.08,0.97
2011-11-04 12:00:00,B3820,0.786,0.0,0.87,36.33,-0.09399999999999997,5812.799999999999,6394.08,0.88
2011-11-04 13:00:00,B3820,0.214,0.0,0.71,36.33,-0.506,5812.799999999999,6394.08,0.72
2011-11-04 14:00:00,B3820,0.119,0.0,0.61,36.33,-0.491,5812.799999999999,6394.08,0.61
2011-11-04 15:00:00,B3820,0.119,0.0,0.47,36.33,-0.351,5812.799999999999,6394.08,0.47
2011-11-04 16:00:00,B3820,0.119,0.0,0.17,36.33,-0.05100000000000002,5812.799999999999,6394.08,0.17
2011-11-04 17:00:00,B3820,0.214,0.0,0.0,36.33,0.214,5812.799999999999,6394.08,0.0
2011-11-04 18:00:00,B3820,0.786,0.0,0.0,36.33,0.786,5812.799999999999,6394.08,0.0
2011-11-04 19:00:00,B3820,0.977,0.0,0.0,36.33,0.977,5812.799999999999,6394.08,0.0
2011-11-04 20:00:00,B3820,0.214,0.0,0.0,36.33,0.214,5812.799999999999,6394.08,0.0
2011-11-04 21:00:00,B3820,0.214,0.0,0.0,36.33,0.214,5812.799999999999,6394.08,0.0
2011-11-04 22:00:00,B3820,0.214,0.0,0.0,36.33,0.214,5812.799999999999,6394.08,0.0
2011-11-04 23:00:00,B3820,0.119,0.0,0.0,36.33,0.119,5812.799999999999,6394.08,0.0
2011-11-05 00:00:00,B3820,0.119,0.0,0.0,36.33,0.119,5812.799999999999,6394.08,0.0
2011-11-05 01:00:00,B3820,0.119,0.0,0.0,36.33,0.119,5812.799999999999,6394.08,0.0
2011-11-05 02:00:00,B3820,0.119,0.0,0.0,36.33,0.119,5812.799999999999,6394.08,0.0
2011-11-05 03:00:00,B3820,0.119,0.0,0.0,36.33,0.119,5812.799999999999,6394.08,0.0
2011-11-05 04:00:00,B3820,0.119,0.0,0.0,36.33,0.119,5812.799999999999,6394.08,0.0
2011-11-05 05:00:00,B3820,0.214,0.0,0.0,36.33,0.214,5812.799999999999,6394.08,0.0
2011-11-05 06:00:00,B3820,0.786,0.0,0.0,36.33,0.786,5812.799999999999,6394.08,0.0
2011-11-05 07:00:00,B3820,0.214,0.0,0.0,36.33,0.214,5812.799999999999,6394.08,0.0
2011-11-05 08:00:00,B3820,2.519,2.4,0.26,36.33,2.2190000000000003,5812.799999999999,6394.08,0.3
2011-11-05 09:00:00,B3820,2.519,2.4,0.41,36.33,2.069,5812.799999999999,6394.08,0.45
2011-11-05 10:00:00,B3820,2.519,2.4,0.5,36.33,1.989,5812.799999999999,6394.08,0.53
2011-11-05 11:00:00,B3820,2.519,2.4,0.56,36.33,1.939,5812.799999999999,6394.08,0.58
2011-11-05 12:00:00,B3820,3.186,2.4,0.57,36.33,2.616,5812.799999999999,6394.08,0.57
2011-11-05 13:00:00,B3820,0.214,0.0,0.59,36.33,-0.386,5812.799999999999,6394.08,0.6
2011-11-05 14:00:00,B3820,0.119,0.0,0.57,36.33,-0.46099999999999997,5812.799999999999,6394.08,0.58
2011-11-05 15:00:00,B3820,0.119,0.0,0.42,36.33,-0.301,5812.799999999999,6394.08,0.42
2011-11-05 16:00:00,B3820,0.119,0.0,0.16,36.33,-0.04100000000000001,5812.799999999999,6394.08,0.16
2011-11-05 17:00:00,B3820,0.214,0.0,0.0,36.33,0.214,5812.799999999999,6394.08,0.0
2011-11-05 18:00:00,B3820,0.786,0.0,0.0,36.33,0.786,5812.799999999999,6394.08,0.0
2011-11-05 19:00:00,B3820,0.977,0.0,0.0,36.33,0.977,5812.799999999999,6394.08,0.0
2011-11-05 20:00:00,B3820,0.214,0.0,0.0,36.33,0.214,5812.799999999999,6394.08,0.0
2011-11-05 21:00:00,B3820,0.214,0.0,0.0,36.33,0.214,5812.799999999999,6394.08,0.0
2011-11-05 22:00:00,B3820,0.214,0.0,0.0,36.33,0.214,5812.799999999999,6394.08,0.0
2011-11-05 23:00:00,B3820,0.119,0.0,0.0,36.33,0.119,5812.799999999999,6394.08,0.0
2011-11-06 00:00:00,B3820,0.119,0.0,0.0,36.33,0.119,5812.799999999999,6394.08,0.0
2011-11-06 01:00:00,B3820,0.119,0.0,0.0,36.33,0.119,5812.799999999999,6394.08,0.0
2011-11-06 02:00:00,B3820,0.119,0.0,0.0,36.33,0.119,5812.799999999999,6394.08,0.0
2011-11-06 03:00:00,B3820,0.119,0.0,0.0,36.33,0.119,5812.799999999999,6394.08,0.0
2011-11-06 04:00:00,B3820,0.119,0.0,0.0,36.33,0.119,5812.799999999999,6394.08,0.0
2011-11-06 05:00:00,B3820,0.214,0.0,0.0,36.33,0.214,5812.799999999999,6394.08,0.0
2011-11-06 06:00:00,B3820,0.786,0.0,0.0,36.33,0.786,5812.799999999999,6394.08,0.0
2011-11-06 07:00:00,B3820,0.214,0.0,0.0,36.33,0.214,5812.799999999999,6394.08,0.0
2011-11-06 08:00:00,B3820,2.519,2.4,0.22,36.33,2.2590000000000003,5812.799999999999,6394.08,0.26
2011-11-06 09:00:00,B3820,2.519,2.4,0.37,36.33,2.109,5812.799999999999,6394.08,0.41
2011-11-06 10:00:00,B3820,2.519,2.4,0.51,36.33,1.989,5812.799999999999,6394.08,0.53
2011-11-06 11:00:00,B3820,2.519,2.4,0.54,36.33,1.969,5812.799999999999,6394.08,0.55
2011-11-06 12:00:00,B3820,3.186,2.4,0.51,36.33,2.676,5812.799999999999,6394.08,0.51
2011-11-06 13:00:00,B3820,0.214,0.0,0.48,36.33,-0.276,5812.799999999999,6394.08,0.49
2011-11-06 14:00:00,B3820,0.119,0.0,0.46,36.33,-0.351,5812.799999999999,6394.08,0.47
2011-11-06 15:00:00,B3820,0.119,0.0,0.39,36.33,-0.271,5812.799999999999,6394.08,0.39
2011-11-06 16:00:00,B3820,0.119,0.0,0.15,36.33,-0.031,5812.799999999999,6394.08,0.15
2011-11-06 17:00:00,B3820,0.214,0.0,0.0,36.33,0.214,5812.799999999999,6394.08,0.0
2011-11-06 18:00:00,B3820,0.786,0.0,0.0,36.33,0.786,5812.799999999999,6394.08,0.0
2011-11-06 19:00:00,B3820,0.977,0.0,0.0,36.33,0.977,5812.799999999999,6394.08,0.0
2011-11-06 20:00:00,B3820,0.214,0.0,0.0,36.33,0.214,5812.799999999999,6394.08,0.0
2011-11-06 21:00:00,B3820,0.214,0.0,0.0,36.33,0.214,5812.799999999999,6394.08,0.0
2011-11-06 22:00:00,B3820,0.214,0.0,0.0,36.33,0.214,5812.799999999999,6394.08,0.0
2011-11-06 23:00:00,B3820,0.119,0.0,0.0,36.33,0.119,5812.799999999999,6394.08,0.0
2011-11-07 00:00:00,B3820,2.519,2.4,0.0,36.33,2.519,5812.799999999999,6394.08,0.0
2011-11-07 01:00:00,B3820,2.519,2.4,0.0,36.33,2.519,5812.799999999999,6394.08,0.0
2011-11-07 02:00:00,B3820,2.519,2.4,0.0,36.33,2.519,5812.799999999999,6394.08,0.0
2011-11-07 03:00:00,B3820,2.519,2.4,0.0,36.33,2.519,5812.799999999999,6394.08,0.0
2011-11-07 04:00:00,B3820,2.519,2.4,0.0,36.33,2.519,5812.799999999999,6394.08,0.0
2011-11-07 05:00:00,B3820,0.214,0.0,0.0,36.33,0.214,5812.799999999999,6394.08,0.0
2011-11-07 06:00:00,B3820,0.786,0.0,0.0,36.33,0.786,5812.799999999999,6394.08,0.0
2011-11-07 07:00:00,B3820,0.215,0.0,0.0,36.33,0.215,5812.799999999999,6394.08,0.0
2011-11-07 08:00:00,B3820,0.119,0.0,0.19,36.33,-0.121,5812.799999999999,6394.08,0.24
2011-11-07 09:00:00,B3820,0.119,0.0,0.31,36.33,-0.22100000000000003,5812.799999999999,6394.08,0.34
2011-11-07 10:00:00,B3820,0.119,0.0,0.4,36.33,-0.311,5812.799999999999,6394.08,0.43
2011-11-07 11:00:00,B3820,0.119,0.0,0.46,36.33,-0.361,5812.799999999999,6394.08,0.48
2011-11-07 12:00:00,B3820,0.786,0.0,0.52,36.33,0.256,5812.799999999999,6394.08,0.53
2011-11-07 13:00:00,B3820,0.214,0.0,0.57,36.33,-0.366,5812.799999999999,6394.08,0.58
2011-11-07 14:00:00,B3820,0.119,0.0,0.53,36.33,-0.42100000000000004,5812.799999999999,6394.08,0.54
2011-11-07 15:00:00,B3820,0.119,0.0,0.42,36.33,-0.301,5812.799999999999,6394.08,0.42
2011-11-07 16:00:00,B3820,0.119,0.0,0.17,36.33,-0.05100000000000002,5812.799999999999,6394.08,0.17
2011-11-07 17:00:00,B3820,0.214,0.0,0.0,36.33,0.214,5812.799999999999,6394.08,0.0
2011-11-07 18:00:00,B3820,0.786,0.0,0.0,36.33,0.786,5812.799999999999,6394.08,0.0
2011-11-07 19:00:00,B3820,0.977,0.0,0.0,36.33,0.977,5812.799999999999,6394.08,0.0
2011-11-07 20:00:00,B3820,0.214,0.0,0.0,36.33,0.214,5812.799999999999,6394.08,0.0
2011-11-07 21:00:00,B3820,0.214,0.0,0.0,36.33,0.214,5812.799999999999,6394.08,0.0
2011-11-07 22:00:00,B3820,0.214,0.0,0.0,36.33,0.214,5812.799999999999,6394.08,0.0
2011-11-07 23:00:00,B3820,0.119,0.0,0.0,36.33,0.119,5812.799999999999,6394.08,0.0
2011-11-08 00:00:00,B3820,2.519,2.4,0.0,36.33,2.519,5812.799999999999,6394.08,0.0
2011-11-08 01:00:00,B3820,2.519,2.4,0.0,36.33,2.519,5812.799999999999,6394.08,0.0
2011-11-08 02:00:00,B3820,2.519,2.4,0.0,36.33,2.519,5812.799999999999,6394.08,0.0
2011-11-08 03:00:00,B3820,2.519,2.4,0.0,36.33,2.519,5812.799999999999,6394.08,0.0
2011-11-08 04:00:00,B3820,2.519,2.4,0.0,36.33,2.519,5812.799999999999,6394.08,0.0
2011-11-08 05:00:00,B3820,0.214,0.0,0.0,36.33,0.214,5812.799999999999,6394.08,0.0
2011-11-08 06:00:00,B3820,0.786,0.0,0.0,36.33,0.786,5812.799999999999,6394.08,0.0
2011-11-08 07:00:00,B3820,0.215,0.0,0.0,36.33,0.215,5812.799999999999,6394.08,0.0
2011-11-08 08:00:00,B3820,0.119,0.0,0.34,36.33,-0.241,5812.799999999999,6394.08,0.36
2011-11-08 09:00:00,B3820,0.119,0.0,0.59,36.33,-0.491,5812.799999999999,6394.08,0.61
2011-11-08 10:00:00,B3820,0.119,0.0,0.73,36.33,-0.641,5812.799999999999,6394.08,0.76
2011-11-08 11:00:00,B3820,0.119,0.0,0.61,36.33,-0.511,5812.799999999999,6394.08,0.63
2011-11-08 12:00:00,B3820,0.786,0.0,0.52,36.33,0.256,5812.799999999999,6394.08,0.53
2011-11-08 13:00:00,B3820,0.214,0.0,0.57,36.33,-0.376,5812.799999999999,6394.08,0.59
2011-11-08 14:00:00,B3820,0.119,0.0,0.47,36.33,-0.351,5812.799999999999,6394.08,0.47
2011-11-08 15:00:00,B3820,0.119,0.0,0.24,36.33,-0.121,5812.799999999999,6394.08,0.24
2011-11-08 16:00:00,B3820,0.119,0.0,0.0,36.33,0.119,5812.799999999999,6394.08,0.0
2011-11-08 17:00:00,B3820,0.214,0.0,0.0,36.33,0.214,5812.799999999999,6394.08,0.0
2011-11-08 18:00:00,B3820,0.786,0.0,0.0,36.33,0.786,5812.799999999999,6394.08,0.0
2011-11-08 19:00:00,B3820,0.977,0.0,0.0,36.33,0.977,5812.799999999999,6394.08,0.0
2011-11-08 20:00:00,B3820,0.214,0.0,0.0,36.33,0.214,5812.799999999999,6394.08,0.0
2011-11-08 21:00:00,B3820,0.214,0.0,0.0,36.33,0.214,5812.799999999999,6394.08,0.0
2011-11-08 22:00:00,B3820,0.214,0.0,0.0,36.33,0.214,5812.799999999999,6394.08,0.0
2011-11-08 23:00:00,B3820,0.119,0.0,0.0,36.33,0.119,5812.799999999999,6394.08,0.0
2011-11-09 00:00:00,B3820,2.519,2.4,0.0,36.33,2.519,5812.799999999999,6394.08,0.0
2011-11-09 01:00:00,B3820,2.519,2.4,0.0,36.33,2.519,5812.799999999999,6394.08,0.0
2011-11-09 02:00:00,B3820,2.519,2.4,0.0,36.33,2.519,5812.799999999999,6394.08,0.0
2011-11-09 03:00:00,B3820,2.519,2.4,0.0,36.33,2.519,5812.799999999999,6394.08,0.0
2011-11-09 04:00:00,B3820,2.519,2.4,0.0,36.33,2.519,5812.799999999999,6394.08,0.0
2011-11-09 05:00:00,B3820,0.214,0.0,0.0,36.33,0.214,5812.799999999999,6394.08,0.0
2011-11-09 06:00:00,B3820,0.786,0.0,0.0,36.33,0.786,5812.799999999999,6394.08,0.0
2011-11-09 07:00:00,B3820,0.215,0.0,0.0,36.33,0.215,5812.799999999999,6394.08,0.0
2011-11-09 08:00:00,B3820,0.119,0.0,0.0,36.33,0.09899999999999999,5812.799999999999,6394.08,0.02
2011-11-09 09:00:00,B3820,0.119,0.0,0.37,36.33,-0.271,5812.799999999999,6394.08,0.39
2011-11-09 10:00:00,B3820,0.119,0.0,0.48,36.33,-0.381,5812.799999999999,6394.08,0.5
2011-11-09 11:00:00,B3820,0.119,0.0,0.49,36.33,-0.381,5812.799999999999,6394.08,0.5
2011-11-09 12:00:00,B3820,0.786,0.0,0.54,36.33,0.236,5812.799999999999,6394.08,0.55
2011-11-09 13:00:00,B3820,0.214,0.0,0.46,36.33,-0.24600000000000002,5812.799999999999,6394.08,0.46
2011-11-09 14:00:00,B3820,0.119,0.0,0.35,36.33,-0.23099999999999998,5812.799999999999,6394.08,0.35
2011-11-09 15:00:00,B3820,0.119,0.0,0.32,36.33,-0.201,5812.799999999999,6394.08,0.32
2011-11-09 16:00:00,B3820,0.119,0.0,0.0,36.33,0.119,5812.799999999999,6394.08,0.0
2011-11-09 17:00:00,B3820,0.214,0.0,0.0,36.33,0.214,5812.799999999999,6394.08,0.0
2011-11-09 18:00:00,B3820,0.786,0.0,0.0,36.33,0.786,5812.799999999999,6394.08,0.0
2011-11-09 19:00:00,B3820,0.977,0.0,0.0,36.33,0.977,5812.799999999999,6394.08,0.0
2011-11-09 20:00:00,B3820,0.214,0.0,0.0,36.33,0.214,5812.799999999999,6394.08,0.0
2011-11-09 21:00:00,B3820,0.214,0.0,0.0,36.33,0.214,5812.799999999999,6394.08,0.0
2011-11-09 22:00:00,B3820,0.214,0.0,0.0,36.33,0.214,5812.799999999999,6394.08,0.0
2011-11-09 23:00:00,B3820,0.119,0.0,0.0,36.33,0.119,5812.799999999999,6394.08,0.0
2011-11-10 00:00:00,B3820,2.519,2.4,0.0,36.33,2.519,5812.799999999999,6394.08,0.0
2011-11-10 01:00:00,B3820,2.519,2.4,0.0,36.33,2.519,5812.799999999999,6394.08,0.0
2011-11-10 02:00:00,B3820,2.519,2.4,0.0,36.33,2.519,5812.799999999999,6394.08,0.0
2011-11-10 03:00:00,B3820,2.519,2.4,0.0,36.33,2.519,5812.799999999999,6394.08,0.0
2011-11-10 04:00:00,B3820,2.519,2.4,0.0,36.33,2.519,5812.799999999999,6394.08,0.0
2011-11-10 05:00:00,B3820,0.214,0.0,0.0,36.33,0.214,5812.799999999999,6394.08,0.0
2011-11-10 06:00:00,B3820,0.786,0.0,0.0,36.33,0.786,5812.799999999999,6394.08,0.0
2011-11-10 07:00:00,B3820,0.215,0.0,0.0,36.33,0.215,5812.799999999999,6394.08,0.0
2011-11-10 08:00:00,B3820,0.119,0.0,0.41,36.33,-0.331,5812.799999999999,6394.08,0.45
2011-11-10 09:00:00,B3820,0.119,0.0,0.67,36.33,-0.591,5812.799999999999,6394.08,0.71
2011-11-10 10:00:00,B3820,0.119,0.0,0.75,36.33,-0.661,5812.799999999999,6394.08,0.78
2011-11-10 11:00:00,B3820,0.119,0.0,0.75,36.33,-0.641,5812.799999999999,6394.08,0.76
2011-11-10 12:00:00,B3820,0.786,0.0,0.68,36.33,0.09600000000000009,5812.799999999999,6394.08,0.69
2011-11-10 13:00:00,B3820,0.214,0.0,0.57,36.33,-0.366,5812.799999999999,6394.08,0.58
2011-11-10 14:00:00,B3820,0.119,0.0,0.52,36.33,-0.401,5812.799999999999,6394.08,0.52
2011-11-10 15:00:00,B3820,0.119,0.0,0.41,36.33,-0.291,5812.799999999999,6394.08,0.41
2011-11-10 16:00:00,B3820,0.119,0.0,0.14,36.33,-0.02100000000000002,5812.799999999999,6394.08,0.14
2011-11-10 17:00:00,B3820,0.214,0.0,0.0,36.33,0.214,5812.799999999999,6394.08,0.0
2011-11-10 18:00:00,B3820,0.786,0.0,0.0,36.33,0.786,5812.799999999999,6394.08,0.0
2011-11-10 19:00:00,B3820,0.977,0.0,0.0,36.33,0.977,5812.799999999999,6394.08,0.0
2011-11-10 20:00:00,B3820,0.214,0.0,0.0,36.33,0.214,5812.799999999999,6394.08,0.0
2011-11-10 21:00:00,B3820,0.214,0.0,0.0,36.33,0.214,5812.799999999999,6394.08,0.0
2011-11-10 22:00:00,B3820,0.214,0.0,0.0,36.33,0.214,5812.799999999999,6394.08,0.0
2011-11-10 23:00:00,B3820,0.119,0.0,0.0,36.33,0.119,5812.799999999999,6394.08,0.0
2011-11-11 00:00:00,B3820,2.519,2.4,0.0,36.33,2.519,5812.799999999999,6394.08,0.0
2011-11-11 01:00:00,B3820,2.519,2.4,0.0,36.33,2.519,5812.799999999999,6394.08,0.0
2011-11-11 02:00:00,B3820,2.519,2.4,0.0,36.33,2.519,5812.799999999999,6394.08,0.0
2011-11-11 03:00:00,B3820,2.519,2.4,0.0,36.33,2.519,5812.799999999999,6394.08,0.0
2011-11-11 04:00:00,B3820,2.519,2.4,0.0,36.33,2.519,5812.799999999999,6394.08,0.0
2011-11-11 05:00:00,B3820,0.214,0.0,0.0,36.33,0.214,5812.799999999999,6394.08,0.0
2011-11-11 06:00:00,B3820,0.786,0.0,0.0,36.33,0.786,5812.799999999999,6394.08,0.0
2011-11-11 07:00:00,B3820,0.215,0.0,0.0,36.33,0.215,5812.799999999999,6394.08,0.0
2011-11-11 08:00:00,B3820,0.119,0.0,0.13,36.33,-0.031,5812.799999999999,6394.08,0.15
2011-11-11 09:00:00,B3820,0.119,0.0,0.31,36.33,-0.22100000000000003,5812.799999999999,6394.08,0.34
2011-11-11 10:00:00,B3820,0.119,0.0,0.44,36.33,-0.341,5812.799999999999,6394.08,0.46
2011-11-11 11:00:00,B3820,0.119,0.0,0.47,36.33,-0.361,5812.799999999999,6394.08,0.48
2011-11-11 12:00:00,B3820,0.786,0.0,0.59,36.33,0.18600000000000005,5812.799999999999,6394.08,0.6
2011-11-11 13:00:00,B3820,0.214,0.0,0.63,36.33,-0.42600000000000005,5812.799999999999,6394.08,0.64
2011-11-11 14:00:00,B3820,0.119,0.0,0.52,36.33,-0.401,5812.799999999999,6394.08,0.52
2011-11-11 15:00:00,B3820,0.119,0.0,0.35,36.33,-0.23099999999999998,5812.799999999999,6394.08,0.35
2011-11-11 16:00:00,B3820,0.119,0.0,0.0,36.33,0.119,5812.799999999999,6394.08,0.0
2011-11-11 17:00:00,B3820,0.214,0.0,0.0,36.33,0.214,5812.799999999999,6394.08,0.0
2011-11-11 18:00:00,B3820,0.786,0.0,0.0,36.33,0.786,5812.799999999999,6394.08,0.0
2011-11-11 19:00:00,B3820,0.977,0.0,0.0,36.33,0.977,5812.799999999999,6394.08,0.0
2011-11-11 20:00:00,B3820,0.214,0.0,0.0,36.33,0.214,5812.799999999999,6394.08,0.0
2011-11-11 21:00:00,B3820,0.214,0.0,0.0,36.33,0.214,5812.799999999999,6394.08,0.0
2011-11-11 22:00:00,B3820,0.214,0.0,0.0,36.33,0.214,5812.799999999999,6394.08,0.0
2011-11-11 23:00:00,B3820,0.119,0.0,0.0,36.33,0.119,5812.799999999999,6394.08,0.0
2011-11-12 00:00:00,B3820,0.119,0.0,0.0,36.33,0.119,5812.799999999999,6394.08,0.0
2011-11-12 01:00:00,B3820,0.119,0.0,0.0,36.33,0.119,5812.799999999999,6394.08,0.0
2011-11-12 02:00:00,B3820,0.119,0.0,0.0,36.33,0.119,5812.799999999999,6394.08,0.0
2011-11-12 03:00:00,B3820,0.119,0.0,0.0,36.33,0.119,5812.799999999999,6394.08,0.0
2011-11-12 04:00:00,B3820,0.119,0.0,0.0,36.33,0.119,5812.799999999999,6394.08,0.0
2011-11-12 05:00:00,B3820,0.214,0.0,0.0,36.33,0.214,5812.799999999999,6394.08,0.0
2011-11-12 06:00:00,B3820,0.786,0.0,0.0,36.33,0.786,5812.799999999999,6394.08,0.0
2011-11-12 07:00:00,B3820,0.214,0.0,0.0,36.33,0.214,5812.799999999999,6394.08,0.0
2011-11-12 08:00:00,B3820,2.519,2.4,0.43,36.33,2.059,5812.799999999999,6394.08,0.46
2011-11-12 09:00:00,B3820,2.519,2.4,0.59,36.33,1.899,5812.799999999999,6394.08,0.62
2011-11-12 10:00:00,B3820,2.519,2.4,0.65,36.33,1.8490000000000002,5812.799999999999,6394.08,0.67
2011-11-12 11:00:00,B3820,2.519,2.4,0.82,36.33,1.6790000000000003,5812.799999999999,6394.08,0.84
2011-11-12 12:00:00,B3820,3.186,2.4,0.78,36.33,2.396,5812.799999999999,6394.08,0.79
2011-11-12 13:00:00,B3820,0.214,0.0,0.53,36.33,-0.32600000000000007,5812.799999999999,6394.08,0.54
2011-11-12 14:00:00,B3820,0.119,0.0,0.41,36.33,-0.291,5812.799999999999,6394.08,0.41
2011-11-12 15:00:00,B3820,0.119,0.0,0.35,36.33,-0.23099999999999998,5812.799999999999,6394.08,0.35
2011-11-12 16:00:00,B3820,0.119,0.0,0.14,36.33,-0.02100000000000002,5812.799999999999,6394.08,0.14
2011-11-12 17:00:00,B3820,0.214,0.0,0.0,36.33,0.214,5812.799999999999,6394.08,0.0
2011-11-12 18:00:00,B3820,0.786,0.0,0.0,36.33,0.786,5812.799999999999,6394.08,0.0
2011-11-12 19:00:00,B3820,0.977,0.0,0.0,36.33,0.977,5812.799999999999,6394.08,0.0
2011-11-12 20:00:00,B3820,0.214,0.0,0.0,36.33,0.214,5812.799999999999,6394.08,0.0
2011-11-12 21:00:00,B3820,0.214,0.0,0.0,36.33,0.214,5812.799999999999,6394.08,0.0
2011-11-12 22:00:00,B3820,0.214,0.0,0.0,36.33,0.214,5812.799999999999,6394.08,0.0
2011-11-12 23:00:00,B3820,0.119,0.0,0.0,36.33,0.119,5812.799999999999,6394.08,0.0
2011-11-13 00:00:00,B3820,0.119,0.0,0.0,36.33,0.119,5812.799999999999,6394.08,0.0
2011-11-13 01:00:00,B3820,0.119,0.0,0.0,36.33,0.119,5812.799999999999,6394.08,0.0
2011-11-13 02:00:00,B3820,0.119,0.0,0.0,36.33,0.119,5812.799999999999,6394.08,0.0
2011-11-13 03:00:00,B3820,0.119,0.0,0.0,36.33,0.119,5812.799999999999,6394.08,0.0
2011-11-13 04:00:00,B3820,0.119,0.0,0.0,36.33,0.119,5812.799999999999,6394.08,0.0
2011-11-13 05:00:00,B3820,0.214,0.0,0.0,36.33,0.214,5812.799999999999,6394.08,0.0
2011-11-13 06:00:00,B3820,0.786,0.0,0.0,36.33,0.786,5812.799999999999,6394.08,0.0
2011-11-13 07:00:00,B3820,0.214,0.0,0.0,36.33,0.214,5812.799999999999,6394.08,0.0
2011-11-13 08:00:00,B3820,2.519,2.4,0.24,36.33,2.239,5812.799999999999,6394.08,0.28
2011-11-13 09:00:00,B3820,2.519,2.4,0.45,36.33,2.029,5812.799999999999,6394.08,0.49
2011-11-13 10:00:00,B3820,2.519,2.4,0.71,36.33,1.7790000000000001,5812.799999999999,6394.08,0.74
2011-11-13 11:00:00,B3820,2.519,2.4,0.85,36.33,1.649,5812.799999999999,6394.08,0.87
2011-11-13 12:00:00,B3820,3.186,2.4,0.97,36.33,2.206,5812.799999999999,6394.08,0.98
2011-11-13 13:00:00,B3820,0.214,0.0,0.99,36.33,-0.796,5812.799999999999,6394.08,1.01
2011-11-13 14:00:00,B3820,0.119,0.0,0.8,36.33,-0.701,5812.799999999999,6394.08,0.82
2011-11-13 15:00:00,B3820,0.119,0.0,0.42,36.33,-0.301,5812.799999999999,6394.08,0.42
2011-11-13 16:00:00,B3820,0.119,0.0,0.0,36.33,0.119,5812.799999999999,6394.08,0.0
2011-11-13 17:00:00,B3820,0.214,0.0,0.0,36.33,0.214,5812.799999999999,6394.08,0.0
2011-11-13 18:00:00,B3820,0.786,0.0,0.0,36.33,0.786,5812.799999999999,6394.08,0.0
2011-11-13 19:00:00,B3820,0.977,0.0,0.0,36.33,0.977,5812.799999999999,6394.08,0.0
2011-11-13 20:00:00,B3820,0.214,0.0,0.0,36.33,0.214,5812.799999999999,6394.08,0.0
2011-11-13 21:00:00,B3820,0.214,0.0,0.0,36.33,0.214,5812.799999999999,6394.08,0.0
2011-11-13 22:00:00,B3820,0.214,0.0,0.0,36.33,0.214,5812.799999999999,6394.08,0.0
2011-11-13 23:00:00,B3820,0.119,0.0,0.0,36.33,0.119,5812.799999999999,6394.08,0.0
2011-11-14 00:00:00,B3820,2.519,2.4,0.0,36.33,2.519,5812.799999999999,6394.08,0.0
2011-11-14 01:00:00,B3820,2.519,2.4,0.0,36.33,2.519,5812.799999999999,6394.08,0.0
2011-11-14 02:00:00,B3820,2.519,2.4,0.0,36.33,2.519,5812.799999999999,6394.08,0.0
2011-11-14 03:00:00,B3820,2.519,2.4,0.0,36.33,2.519,5812.799999999999,6394.08,0.0
2011-11-14 04:00:00,B3820,2.519,2.4,0.0,36.33,2.519,5812.799999999999,6394.08,0.0
2011-11-14 05:00:00,B3820,0.214,0.0,0.0,36.33,0.214,5812.799999999999,6394.08,0.0
2011-11-14 06:00:00,B3820,0.786,0.0,0.0,36.33,0.786,5812.799999999999,6394.08,0.0
2011-11-14 07:00:00,B3820,0.215,0.0,0.0,36.33,0.215,5812.799999999999,6394.08,0.0
2011-11-14 08:00:00,B3820,0.119,0.0,0.23,36.33,-0.15100000000000002,5812.799999999999,6394.08,0.27
2011-11-14 09:00:00,B3820,0.119,0.0,0.43,36.33,-0.351,5812.799999999999,6394.08,0.47
2011-11-14 10:00:00,B3820,0.119,0.0,0.49,36.33,-0.391,5812.799999999999,6394.08,0.51
2011-11-14 11:00:00,B3820,0.119,0.0,0.51,36.33,-0.401,5812.799999999999,6394.08,0.52
2011-11-14 12:00:00,B3820,0.786,0.0,0.59,36.33,0.18600000000000005,5812.799999999999,6394.08,0.6
2011-11-14 13:00:00,B3820,0.214,0.0,0.64,36.33,-0.43600000000000005,5812.799999999999,6394.08,0.65
2011-11-14 14:00:00,B3820,0.119,0.0,0.6,36.33,-0.481,5812.799999999999,6394.08,0.6
2011-11-14 15:00:00,B3820,0.119,0.0,0.38,36.33,-0.261,5812.799999999999,6394.08,0.38
2011-11-14 16:00:00,B3820,0.119,0.0,0.0,36.33,0.119,5812.799999999999,6394.08,0.0
2011-11-14 17:00:00,B3820,0.214,0.0,0.0,36.33,0.214,5812.799999999999,6394.08,0.0
2011-11-14 18:00:00,B3820,0.786,0.0,0.0,36.33,0.786,5812.799999999999,6394.08,0.0
2011-11-14 19:00:00,B3820,0.977,0.0,0.0,36.33,0.977,5812.799999999999,6394.08,0.0
2011-11-14 20:00:00,B3820,0.214,0.0,0.0,36.33,0.214,5812.799999999999,6394.08,0.0
2011-11-14 21:00:00,B3820,0.214,0.0,0.0,36.33,0.214,5812.799999999999,6394.08,0.0
2011-11-14 22:00:00,B3820,0.214,0.0,0.0,36.33,0.214,5812.799999999999,6394.08,0.0
2011-11-14 23:00:00,B3820,0.119,0.0,0.0,36.33,0.119,5812.799999999999,6394.08,0.0
2011-11-15 00:00:00,B3820,2.519,2.4,0.0,36.33,2.519,5812.799999999999,6394.08,0.0
2011-11-15 01:00:00,B3820,2.519,2.4,0.0,36.33,2.519,5812.799999999999,6394.08,0.0
2011-11-15 02:00:00,B3820,2.519,2.4,0.0,36.33,2.519,5812.799999999999,6394.08,0.0
2011-11-15 03:00:00,B3820,2.519,2.4,0.0,36.33,2.519,5812.799999999999,6394.08,0.0
2011-11-15 04:00:00,B3820,2.519,2.4,0.0,36.33,2.519,5812.799999999999,6394.08,0.0
2011-11-15 05:00:00,B3820,0.214,0.0,0.0,36.33,0.214,5812.799999999999,6394.08,0.0
2011-11-15 06:00:00,B3820,0.786,0.0,0.0,36.33,0.786,5812.799999999999,6394.08,0.0
2011-11-15 07:00:00,B3820,0.215,0.0,0.0,36.33,0.215,5812.799999999999,6394.08,0.0
2011-11-15 08:00:00,B3820,0.119,0.0,0.21,36.33,-0.121,5812.799999999999,6394.08,0.24
2011-11-15 09:00:00,B3820,0.119,0.0,0.4,36.33,-0.321,5812.799999999999,6394.08,0.44
2011-11-15 10:00:00,B3820,0.119,0.0,0.61,36.33,-0.511,5812.799999999999,6394.08,0.63
2011-11-15 11:00:00,B3820,0.119,0.0,0.69,36.33,-0.581,5812.799999999999,6394.08,0.7
2011-11-15 12:00:00,B3820,0.786,0.0,0.75,36.33,0.026000000000000023,5812.799999999999,6394.08,0.76
2011-11-15 13:00:00,B3820,0.214,0.0,0.69,36.33,-0.486,5812.799999999999,6394.08,0.7
2011-11-15 14:00:00,B3820,0.119,0.0,0.48,36.33,-0.361,5812.799999999999,6394.08,0.48
2011-11-15 15:00:00,B3820,0.119,0.0,0.36,36.33,-0.241,5812.799999999999,6394.08,0.36
2011-11-15 16:00:00,B3820,0.119,0.0,0.11,36.33,0.008999999999999994,5812.799999999999,6394.08,0.11
2011-11-15 17:00:00,B3820,0.214,0.0,0.0,36.33,0.214,5812.799999999999,6394.08,0.0
2011-11-15 18:00:00,B3820,0.786,0.0,0.0,36.33,0.786,5812.799999999999,6394.08,0.0
2011-11-15 19:00:00,B3820,0.977,0.0,0.0,36.33,0.977,5812.799999999999,6394.08,0.0
2011-11-15 20:00:00,B3820,0.214,0.0,0.0,36.33,0.214,5812.799999999999,6394.08,0.0
2011-11-15 21:00:00,B3820,0.214,0.0,0.0,36.33,0.214,5812.799999999999,6394.08,0.0
2011-11-15 22:00:00,B3820,0.214,0.0,0.0,36.33,0.214,5812.799999999999,6394.08,0.0
2011-11-15 23:00:00,B3820,0.119,0.0,0.0,36.33,0.119,5812.799999999999,6394.08,0.0
2011-11-16 00:00:00,B3820,2.519,2.4,0.0,36.33,2.519,5812.799999999999,6394.08,0.0
2011-11-16 01:00:00,B3820,2.519,2.4,0.0,36.33,2.519,5812.799999999999,6394.08,0.0
2011-11-16 02:00:00,B3820,2.519,2.4,0.0,36.33,2.519,5812.799999999999,6394.08,0.0
2011-11-16 03:00:00,B3820,2.519,2.4,0.0,36.33,2.519,5812.799999999999,6394.08,0.0
2011-11-16 04:00:00,B3820,2.519,2.4,0.0,36.33,2.519,5812.799999999999,6394.08,0.0
2011-11-16 05:00:00,B3820,0.214,0.0,0.0,36.33,0.214,5812.799999999999,6394.08,0.0
2011-11-16 06:00:00,B3820,0.786,0.0,0.0,36.33,0.786,5812.799999999999,6394.08,0.0
2011-11-16 07:00:00,B3820,0.215,0.0,0.0,36.33,0.215,5812.799999999999,6394.08,0.0
2011-11-16 08:00:00,B3820,0.119,0.0,0.23,36.33,-0.15100000000000002,5812.799999999999,6394.08,0.27
2011-11-16 09:00:00,B3820,0.119,0.0,0.42,36.33,-0.341,5812.799999999999,6394.08,0.46
2011-11-16 10:00:00,B3820,0.119,0.0,0.56,36.33,-0.471,5812.799999999999,6394.08,0.59
2011-11-16 11:00:00,B3820,0.119,0.0,0.79,36.33,-0.6910000000000001,5812.799999999999,6394.08,0.81
2011-11-16 12:00:00,B3820,0.786,0.0,0.84,36.33,-0.06399999999999995,5812.799999999999,6394.08,0.85
2011-11-16 13:00:00,B3820,0.214,0.0,0.71,36.33,-0.506,5812.799999999999,6394.08,0.72
2011-11-16 14:00:00,B3820,0.119,0.0,0.61,36.33,-0.501,5812.799999999999,6394.08,0.62
2011-11-16 15:00:00,B3820,0.119,0.0,0.37,36.33,-0.251,5812.799999999999,6394.08,0.37
2011-11-16 16:00:00,B3820,0.119,0.0,0.0,36.33,0.119,5812.799999999999,6394.08,0.0
2011-11-16 17:00:00,B3820,0.214,0.0,0.0,36.33,0.214,5812.799999999999,6394.08,0.0
2011-11-16 18:00:00,B3820,0.786,0.0,0.0,36.33,0.786,5812.799999999999,6394.08,0.0
2011-11-16 19:00:00,B3820,0.977,0.0,0.0,36.33,0.977,5812.799999999999,6394.08,0.0
2011-11-16 20:00:00,B3820,0.214,0.0,0.0,36.33,0.214,5812.799999999999,6394.08,0.0
2011-11-16 21:00:00,B3820,0.214,0.0,0.0,36.33,0.214,5812.799999999999,6394.08,0.0
2011-11-16 22:00:00,B3820,0.214,0.0,0.0,36.33,0.214,5812.799999999999,6394.08,0.0
2011-11-16 23:00:00,B3820,0.119,0.0,0.0,36.33,0.119,5812.799999999999,6394.08,0.0
2011-11-17 00:00:00,B3820,2.519,2.4,0.0,36.33,2.519,5812.799999999999,6394.08,0.0
2011-11-17 01:00:00,B3820,2.519,2.4,0.0,36.33,2.519,5812.799999999999,6394.08,0.0
2011-11-17 02:00:00,B3820,2.519,2.4,0.0,36.33,2.519,5812.799999999999,6394.08,0.0
2011-11-17 03:00:00,B3820,2.519,2.4,0.0,36.33,2.519,5812.799999999999,6394.08,0.0
2011-11-17 04:00:00,B3820,2.519,2.4,0.0,36.33,2.519,5812.799999999999,6394.08,0.0
2011-11-17 05:00:00,B3820,0.214,0.0,0.0,36.33,0.214,5812.799999999999,6394.08,0.0
2011-11-17 06:00:00,B3820,0.786,0.0,0.0,36.33,0.786,5812.799999999999,6394.08,0.0
2011-11-17 07:00:00,B3820,0.215,0.0,0.0,36.33,0.215,5812.799999999999,6394.08,0.0
2011-11-17 08:00:00,B3820,0.12,0.0,0.18,36.33,-0.1,5812.799999999999,6394.08,0.22
2011-11-17 09:00:00,B3820,0.12,0.0,0.32,36.33,-0.22999999999999998,5812.799999999999,6394.08,0.35
2011-11-17 10:00:00,B3820,0.12,0.0,0.4,36.33,-0.3,5812.799999999999,6394.08,0.42
2011-11-17 11:00:00,B3820,0.119,0.0,0.44,36.33,-0.331,5812.799999999999,6394.08,0.45
2011-11-17 12:00:00,B3820,0.786,0.0,0.45,36.33,0.326,5812.799999999999,6394.08,0.46
2011-11-17 13:00:00,B3820,0.214,0.0,0.45,36.33,-0.24600000000000002,5812.799999999999,6394.08,0.46
2011-11-17 14:00:00,B3820,0.119,0.0,0.43,36.33,-0.311,5812.799999999999,6394.08,0.43
2011-11-17 15:00:00,B3820,0.119,0.0,0.34,36.33,-0.22100000000000003,5812.799999999999,6394.08,0.34
2011-11-17 16:00:00,B3820,0.12,0.0,0.12,36.33,0.0,5812.799999999999,6394.08,0.12
2011-11-17 17:00:00,B3820,0.215,0.0,0.0,36.33,0.215,5812.799999999999,6394.08,0.0
2011-11-17 18:00:00,B3820,0.786,0.0,0.0,36.33,0.786,5812.799999999999,6394.08,0.0
2011-11-17 19:00:00,B3820,0.977,0.0,0.0,36.33,0.977,5812.799999999999,6394.08,0.0
2011-11-17 20:00:00,B3820,0.215,0.0,0.0,36.33,0.215,5812.799999999999,6394.08,0.0
2011-11-17 21:00:00,B3820,0.214,0.0,0.0,36.33,0.214,5812.799999999999,6394.08,0.0
2011-11-17 22:00:00,B3820,0.214,0.0,0.0,36.33,0.214,5812.799999999999,6394.08,0.0
2011-11-17 23:00:00,B3820,0.119,0.0,0.0,36.33,0.119,5812.799999999999,6394.08,0.0
2011-11-18 00:00:00,B3820,2.519,2.4,0.0,36.33,2.519,5812.799999999999,6394.08,0.0
2011-11-18 01:00:00,B3820,2.519,2.4,0.0,36.33,2.519,5812.799999999999,6394.08,0.0
2011-11-18 02:00:00,B3820,2.519,2.4,0.0,36.33,2.519,5812.799999999999,6394.08,0.0
2011-11-18 03:00:00,B3820,2.519,2.4,0.0,36.33,2.519,5812.799999999999,6394.08,0.0
2011-11-18 04:00:00,B3820,2.519,2.4,0.0,36.33,2.519,5812.799999999999,6394.08,0.0
2011-11-18 05:00:00,B3820,0.214,0.0,0.0,36.33,0.214,5812.799999999999,6394.08,0.0
2011-11-18 06:00:00,B3820,0.787,0.0,0.0,36.33,0.787,5812.799999999999,6394.08,0.0
2011-11-18 07:00:00,B3820,0.215,0.0,0.0,36.33,0.215,5812.799999999999,6394.08,0.0
2011-11-18 08:00:00,B3820,0.12,0.0,0.43,36.33,-0.34,5812.799999999999,6394.08,0.46
2011-11-18 09:00:00,B3820,0.12,0.0,0.74,36.33,-0.65,5812.799999999999,6394.08,0.77
2011-11-18 10:00:00,B3820,0.12,0.0,0.94,36.33,-0.85,5812.799999999999,6394.08,0.97
2011-11-18 11:00:00,B3820,0.12,0.0,1.07,36.33,-0.9800000000000001,5812.799999999999,6394.08,1.1
2011-11-18 12:00:00,B3820,0.786,0.0,1.07,36.33,-0.30400000000000005,5812.799999999999,6394.08,1.09
2011-11-18 13:00:00,B3820,0.215,0.0,0.94,36.33,-0.745,5812.799999999999,6394.08,0.96
2011-11-18 14:00:00,B3820,0.12,0.0,0.67,36.33,-0.56,5812.799999999999,6394.08,0.68
2011-11-18 15:00:00,B3820,0.12,0.0,0.35,36.33,-0.22999999999999998,5812.799999999999,6394.08,0.35
2011-11-18 16:00:00,B3820,0.12,0.0,0.0,36.33,0.12,5812.799999999999,6394.08,0.0
2011-11-18 17:00:00,B3820,0.215,0.0,0.0,36.33,0.215,5812.799999999999,6394.08,0.0
2011-11-18 18:00:00,B3820,0.786,0.0,0.0,36.33,0.786,5812.799999999999,6394.08,0.0
2011-11-18 19:00:00,B3820,0.977,0.0,0.0,36.33,0.977,5812.799999999999,6394.08,0.0
2011-11-18 20:00:00,B3820,0.215,0.0,0.0,36.33,0.215,5812.799999999999,6394.08,0.0
2011-11-18 21:00:00,B3820,0.214,0.0,0.0,36.33,0.214,5812.799999999999,6394.08,0.0
2011-11-18 22:00:00,B3820,0.214,0.0,0.0,36.33,0.214,5812.799999999999,6394.08,0.0
2011-11-18 23:00:00,B3820,0.119,0.0,0.0,36.33,0.119,5812.799999999999,6394.08,0.0
2011-11-19 00:00:00,B3820,0.119,0.0,0.0,36.33,0.119,5812.799999999999,6394.08,0.0
2011-11-19 01:00:00,B3820,0.119,0.0,0.0,36.33,0.119,5812.799999999999,6394.08,0.0
2011-11-19 02:00:00,B3820,0.119,0.0,0.0,36.33,0.119,5812.799999999999,6394.08,0.0
2011-11-19 03:00:00,B3820,0.119,0.0,0.0,36.33,0.119,5812.799999999999,6394.08,0.0
2011-11-19 04:00:00,B3820,0.119,0.0,0.0,36.33,0.119,5812.799999999999,6394.08,0.0
2011-11-19 05:00:00,B3820,0.214,0.0,0.0,36.33,0.214,5812.799999999999,6394.08,0.0
2011-11-19 06:00:00,B3820,0.787,0.0,0.0,36.33,0.787,5812.799999999999,6394.08,0.0
2011-11-19 07:00:00,B3820,0.215,0.0,0.0,36.33,0.215,5812.799999999999,6394.08,0.0
2011-11-19 08:00:00,B3820,2.52,2.4,0.28,36.33,2.21,5812.799999999999,6394.08,0.31
2011-11-19 09:00:00,B3820,2.52,2.4,0.53,36.33,1.9500000000000002,5812.799999999999,6394.08,0.57
2011-11-19 10:00:00,B3820,2.52,2.4,0.75,36.33,1.74,5812.799999999999,6394.08,0.78
2011-11-19 11:00:00,B3820,2.52,2.4,0.93,36.33,1.57,5812.799999999999,6394.08,0.95
2011-11-19 12:00:00,B3820,3.186,2.4,1.03,36.33,2.136,5812.799999999999,6394.08,1.05
2011-11-19 13:00:00,B3820,0.215,0.0,0.92,36.33,-0.7150000000000001,5812.799999999999,6394.08,0.93
2011-11-19 14:00:00,B3820,0.12,0.0,0.68,36.33,-0.57,5812.799999999999,6394.08,0.69
2011-11-19 15:00:00,B3820,0.12,0.0,0.38,36.33,-0.26,5812.799999999999,6394.08,0.38
2011-11-19 16:00:00,B3820,0.12,0.0,0.0,36.33,0.12,5812.799999999999,6394.08,0.0
2011-11-19 17:00:00,B3820,0.215,0.0,0.0,36.33,0.215,5812.799999999999,6394.08,0.0
2011-11-19 18:00:00,B3820,0.786,0.0,0.0,36.33,0.786,5812.799999999999,6394.08,0.0
2011-11-19 19:00:00,B3820,0.977,0.0,0.0,36.33,0.977,5812.799999999999,6394.08,0.0
2011-11-19 20:00:00,B3820,0.215,0.0,0.0,36.33,0.215,5812.799999999999,6394.08,0.0
2011-11-19 21:00:00,B3820,0.214,0.0,0.0,36.33,0.214,5812.799999999999,6394.08,0.0
2011-11-19 22:00:00,B3820,0.214,0.0,0.0,36.33,0.214,5812.799999999999,6394.08,0.0
2011-11-19 23:00:00,B3820,0.119,0.0,0.0,36.33,0.119,5812.799999999999,6394.08,0.0
2011-11-20 00:00:00,B3820,0.119,0.0,0.0,36.33,0.119,5812.799999999999,6394.08,0.0
2011-11-20 01:00:00,B3820,0.119,0.0,0.0,36.33,0.119,5812.799999999999,6394.08,0.0
2011-11-20 02:00:00,B3820,0.119,0.0,0.0,36.33,0.119,5812.799999999999,6394.08,0.0
2011-11-20 03:00:00,B3820,0.119,0.0,0.0,36.33,0.119,5812.799999999999,6394.08,0.0
2011-11-20 04:00:00,B3820,0.119,0.0,0.0,36.33,0.119,5812.799999999999,6394.08,0.0
2011-11-20 05:00:00,B3820,0.214,0.0,0.0,36.33,0.214,5812.799999999999,6394.08,0.0
2011-11-20 06:00:00,B3820,0.787,0.0,0.0,36.33,0.787,5812.799999999999,6394.08,0.0
2011-11-20 07:00:00,B3820,0.215,0.0,0.0,36.33,0.215,5812.799999999999,6394.08,0.0
2011-11-20 08:00:00,B3820,2.52,2.4,0.3,36.33,2.18,5812.799999999999,6394.08,0.34
2011-11-20 09:00:00,B3820,2.52,2.4,0.49,36.33,1.99,5812.799999999999,6394.08,0.53
2011-11-20 10:00:00,B3820,2.52,2.4,0.51,36.33,1.99,5812.799999999999,6394.08,0.53
2011-11-20 11:00:00,B3820,2.52,2.4,0.46,36.33,2.05,5812.799999999999,6394.08,0.47
2011-11-20 12:00:00,B3820,3.186,2.4,0.47,36.33,2.716,5812.799999999999,6394.08,0.47
2011-11-20 13:00:00,B3820,0.215,0.0,0.5,36.33,-0.28500000000000003,5812.799999999999,6394.08,0.5
2011-11-20 14:00:00,B3820,0.12,0.0,0.46,36.33,-0.34,5812.799999999999,6394.08,0.46
2011-11-20 15:00:00,B3820,0.12,0.0,0.32,36.33,-0.2,5812.799999999999,6394.08,0.32
2011-11-20 16:00:00,B3820,0.12,0.0,0.04,36.33,0.07999999999999999,5812.799999999999,6394.08,0.04
2011-11-20 17:00:00,B3820,0.215,0.0,0.0,36.33,0.215,5812.799999999999,6394.08,0.0
2011-11-20 18:00:00,B3820,0.786,0.0,0.0,36.33,0.786,5812.799999999999,6394.08,0.0
2011-11-20 19:00:00,B3820,0.977,0.0,0.0,36.33,0.977,5812.799999999999,6394.08,0.0
2011-11-20 20:00:00,B3820,0.215,0.0,0.0,36.33,0.215,5812.799999999999,6394.08,0.0
2011-11-20 21:00:00,B3820,0.214,0.0,0.0,36.33,0.214,5812.799999999999,6394.08,0.0
2011-11-20 22:00:00,B3820,0.214,0.0,0.0,36.33,0.214,5812.799999999999,6394.08,0.0
2011-11-20 23:00:00,B3820,0.119,0.0,0.0,36.33,0.119,5812.799999999999,6394.08,0.0
2011-11-21 00:00:00,B3820,2.519,2.4,0.0,36.33,2.519,5812.799999999999,6394.08,0.0
2011-11-21 01:00:00,B3820,2.519,2.4,0.0,36.33,2.519,5812.799999999999,6394.08,0.0
2011-11-21 02:00:00,B3820,2.519,2.4,0.0,36.33,2.519,5812.799999999999,6394.08,0.0
2011-11-21 03:00:00,B3820,2.519,2.4,0.0,36.33,2.519,5812.799999999999,6394.08,0.0
2011-11-21 04:00:00,B3820,2.519,2.4,0.0,36.33,2.519,5812.799999999999,6394.08,0.0
2011-11-21 05:00:00,B3820,0.214,0.0,0.0,36.33,0.214,5812.799999999999,6394.08,0.0
2011-11-21 06:00:00,B3820,0.787,0.0,0.0,36.33,0.787,5812.799999999999,6394.08,0.0
2011-11-21 07:00:00,B3820,0.215,0.0,0.0,36.33,0.215,5812.799999999999,6394.08,0.0
2011-11-21 08:00:00,B3820,0.12,0.0,0.38,36.33,-0.28,5812.799999999999,6394.08,0.4
2011-11-21 09:00:00,B3820,0.12,0.0,0.64,36.33,-0.56,5812.799999999999,6394.08,0.68
2011-11-21 10:00:00,B3820,0.12,0.0,0.83,36.33,-0.74,5812.799999999999,6394.08,0.86
2011-11-21 11:00:00,B3820,0.12,0.0,0.95,36.33,-0.85,5812.799999999999,6394.08,0.97
2011-11-21 12:00:00,B3820,0.786,0.0,0.94,36.33,-0.17399999999999993,5812.799999999999,6394.08,0.96
2011-11-21 13:00:00,B3820,0.215,0.0,0.81,36.33,-0.605,5812.799999999999,6394.08,0.82
2011-11-21 14:00:00,B3820,0.12,0.0,0.62,36.33,-0.51,5812.799999999999,6394.08,0.63
2011-11-21 15:00:00,B3820,0.12,0.0,0.37,36.33,-0.25,5812.799999999999,6394.08,0.37
2011-11-21 16:00:00,B3820,0.12,0.0,0.0,36.33,0.12,5812.799999999999,6394.08,0.0
2011-11-21 17:00:00,B3820,0.215,0.0,0.0,36.33,0.215,5812.799999999999,6394.08,0.0
2011-11-21 18:00:00,B3820,0.786,0.0,0.0,36.33,0.786,5812.799999999999,6394.08,0.0
2011-11-21 19:00:00,B3820,0.977,0.0,0.0,36.33,0.977,5812.799999999999,6394.08,0.0
2011-11-21 20:00:00,B3820,0.215,0.0,0.0,36.33,0.215,5812.799999999999,6394.08,0.0
2011-11-21 21:00:00,B3820,0.214,0.0,0.0,36.33,0.214,5812.799999999999,6394.08,0.0
2011-11-21 22:00:00,B3820,0.214,0.0,0.0,36.33,0.214,5812.799999999999,6394.08,0.0
2011-11-21 23:00:00,B3820,0.119,0.0,0.0,36.33,0.119,5812.799999999999,6394.08,0.0
2011-11-22 00:00:00,B3820,2.519,2.4,0.0,36.33,2.519,5812.799999999999,6394.08,0.0
2011-11-22 01:00:00,B3820,2.519,2.4,0.0,36.33,2.519,5812.799999999999,6394.08,0.0
2011-11-22 02:00:00,B3820,2.519,2.4,0.0,36.33,2.519,5812.799999999999,6394.08,0.0
2011-11-22 03:00:00,B3820,2.519,2.4,0.0,36.33,2.519,5812.799999999999,6394.08,0.0
2011-11-22 04:00:00,B3820,2.519,2.4,0.0,36.33,2.519,5812.799999999999,6394.08,0.0
2011-11-22 05:00:00,B3820,0.214,0.0,0.0,36.33,0.214,5812.799999999999,6394.08,0.0
2011-11-22 06:00:00,B3820,0.787,0.0,0.0,36.33,0.787,5812.799999999999,6394.08,0.0
2011-11-22 07:00:00,B3820,0.215,0.0,0.0,36.33,0.215,5812.799999999999,6394.08,0.0
2011-11-22 08:00:00,B3820,0.12,0.0,0.3,36.33,-0.2,5812.799999999999,6394.08,0.32
2011-11-22 09:00:00,B3820,0.12,0.0,0.37,36.33,-0.27,5812.799999999999,6394.08,0.39
2011-11-22 10:00:00,B3820,0.12,0.0,0.43,36.33,-0.31,5812.799999999999,6394.08,0.43
2011-11-22 11:00:00,B3820,0.12,0.0,0.61,36.33,-0.51,5812.799999999999,6394.08,0.63
2011-11-22 12:00:00,B3820,0.787,0.0,0.68,36.33,0.09700000000000009,5812.799999999999,6394.08,0.69
2011-11-22 13:00:00,B3820,0.215,0.0,0.65,36.33,-0.45500000000000007,5812.799999999999,6394.08,0.67
2011-11-22 14:00:00,B3820,0.12,0.0,0.58,36.33,-0.45999999999999996,5812.799999999999,6394.08,0.58
2011-11-22 15:00:00,B3820,0.12,0.0,0.33,36.33,-0.21000000000000002,5812.799999999999,6394.08,0.33
2011-11-22 16:00:00,B3820,0.12,0.0,0.0,36.33,0.12,5812.799999999999,6394.08,0.0
2011-11-22 17:00:00,B3820,0.215,0.0,0.0,36.33,0.215,5812.799999999999,6394.08,0.0
2011-11-22 18:00:00,B3820,0.787,0.0,0.0,36.33,0.787,5812.799999999999,6394.08,0.0
2011-11-22 19:00:00,B3820,0.977,0.0,0.0,36.33,0.977,5812.799999999999,6394.08,0.0
2011-11-22 20:00:00,B3820,0.215,0.0,0.0,36.33,0.215,5812.799999999999,6394.08,0.0
2011-11-22 21:00:00,B3820,0.214,0.0,0.0,36.33,0.214,5812.799999999999,6394.08,0.0
2011-11-22 22:00:00,B3820,0.214,0.0,0.0,36.33,0.214,5812.799999999999,6394.08,0.0
2011-11-22 23:00:00,B3820,0.119,0.0,0.0,36.33,0.119,5812.799999999999,6394.08,0.0
2011-11-23 00:00:00,B3820,2.519,2.4,0.0,36.33,2.519,5812.799999999999,6394.08,0.0
2011-11-23 01:00:00,B3820,2.519,2.4,0.0,36.33,2.519,5812.799999999999,6394.08,0.0
2011-11-23 02:00:00,B3820,2.519,2.4,0.0,36.33,2.519,5812.799999999999,6394.08,0.0
2011-11-23 03:00:00,B3820,2.519,2.4,0.0,36.33,2.519,5812.799999999999,6394.08,0.0
2011-11-23 04:00:00,B3820,2.519,2.4,0.0,36.33,2.519,5812.799999999999,6394.08,0.0
2011-11-23 05:00:00,B3820,0.214,0.0,0.0,36.33,0.214,5812.799999999999,6394.08,0.0
2011-11-23 06:00:00,B3820,0.787,0.0,0.0,36.33,0.787,5812.799999999999,6394.08,0.0
2011-11-23 07:00:00,B3820,0.215,0.0,0.0,36.33,0.215,5812.799999999999,6394.08,0.0
2011-11-23 08:00:00,B3820,0.12,0.0,0.18,36.33,-0.1,5812.799999999999,6394.08,0.22
2011-11-23 09:00:00,B3820,0.12,0.0,0.32,36.33,-0.22999999999999998,5812.799999999999,6394.08,0.35
2011-11-23 10:00:00,B3820,0.12,0.0,0.37,36.33,-0.27,5812.799999999999,6394.08,0.39
2011-11-23 11:00:00,B3820,0.12,0.0,0.41,36.33,-0.3,5812.799999999999,6394.08,0.42
2011-11-23 12:00:00,B3820,0.786,0.0,0.43,36.33,0.34600000000000003,5812.799999999999,6394.08,0.44
2011-11-23 13:00:00,B3820,0.215,0.0,0.42,36.33,-0.215,5812.799999999999,6394.08,0.43
2011-11-23 14:00:00,B3820,0.12,0.0,0.4,36.33,-0.28,5812.799999999999,6394.08,0.4
2011-11-23 15:00:00,B3820,0.12,0.0,0.3,36.33,-0.18,5812.799999999999,6394.08,0.3
2011-11-23 16:00:00,B3820,0.12,0.0,0.09,36.33,0.03,5812.799999999999,6394.08,0.09
2011-11-23 17:00:00,B3820,0.215,0.0,0.0,36.33,0.215,5812.799999999999,6394.08,0.0
2011-11-23 18:00:00,B3820,0.786,0.0,0.0,36.33,0.786,5812.799999999999,6394.08,0.0
2011-11-23 19:00:00,B3820,0.977,0.0,0.0,36.33,0.977,5812.799999999999,6394.08,0.0
2011-11-23 20:00:00,B3820,0.215,0.0,0.0,36.33,0.215,5812.799999999999,6394.08,0.0
2011-11-23 21:00:00,B3820,0.214,0.0,0.0,36.33,0.214,5812.799999999999,6394.08,0.0
2011-11-23 22:00:00,B3820,0.214,0.0,0.0,36.33,0.214,5812.799999999999,6394.08,0.0
2011-11-23 23:00:00,B3820,0.119,0.0,0.0,36.33,0.119,5812.799999999999,6394.08,0.0
2011-11-24 00:00:00,B3820,2.519,2.4,0.0,36.33,2.519,5812.799999999999,6394.08,0.0
2011-11-24 01:00:00,B3820,2.519,2.4,0.0,36.33,2.519,5812.799999999999,6394.08,0.0
2011-11-24 02:00:00,B3820,2.519,2.4,0.0,36.33,2.519,5812.799999999999,6394.08,0.0
2011-11-24 03:00:00,B3820,2.519,2.4,0.0,36.33,2.519,5812.799999999999,6394.08,0.0
2011-11-24 04:00:00,B3820,2.519,2.4,0.0,36.33,2.519,5812.799999999999,6394.08,0.0
2011-11-24 05:00:00,B3820,0.214,0.0,0.0,36.33,0.214,5812.799999999999,6394.08,0.0
2011-11-24 06:00:00,B3820,0.787,0.0,0.0,36.33,0.787,5812.799999999999,6394.08,0.0
2011-11-24 07:00:00,B3820,0.215,0.0,0.0,36.33,0.215,5812.799999999999,6394.08,0.0
2011-11-24 08:00:00,B3820,0.12,0.0,0.16,36.33,-0.07,5812.799999999999,6394.08,0.19
2011-11-24 09:00:00,B3820,0.12,0.0,0.29,36.33,-0.2,5812.799999999999,6394.08,0.32
2011-11-24 10:00:00,B3820,0.12,0.0,0.36,36.33,-0.26,5812.799999999999,6394.08,0.38
2011-11-24 11:00:00,B3820,0.12,0.0,0.4,36.33,-0.29,5812.799999999999,6394.08,0.41
2011-11-24 12:00:00,B3820,0.786,0.0,0.42,36.33,0.35600000000000004,5812.799999999999,6394.08,0.43
2011-11-24 13:00:00,B3820,0.215,0.0,0.42,36.33,-0.205,5812.799999999999,6394.08,0.42
2011-11-24 14:00:00,B3820,0.12,0.0,0.4,36.33,-0.28,5812.799999999999,6394.08,0.4
2011-11-24 15:00:00,B3820,0.12,0.0,0.3,36.33,-0.18,5812.799999999999,6394.08,0.3
2011-11-24 16:00:00,B3820,0.12,0.0,0.1,36.33,0.01999999999999999,5812.799999999999,6394.08,0.1
2011-11-24 17:00:00,B3820,0.215,0.0,0.0,36.33,0.215,5812.799999999999,6394.08,0.0
2011-11-24 18:00:00,B3820,0.786,0.0,0.0,36.33,0.786,5812.799999999999,6394.08,0.0
2011-11-24 19:00:00,B3820,0.977,0.0,0.0,36.33,0.977,5812.799999999999,6394.08,0.0
2011-11-24 20:00:00,B3820,0.215,0.0,0.0,36.33,0.215,5812.799999999999,6394.08,0.0
2011-11-24 21:00:00,B3820,0.214,0.0,0.0,36.33,0.214,5812.799999999999,6394.08,0.0
2011-11-24 22:00:00,B3820,0.214,0.0,0.0,36.33,0.214,5812.799999999999,6394.08,0.0
2011-11-24 23:00:00,B3820,0.119,0.0,0.0,36.33,0.119,5812.799999999999,6394.08,0.0
2011-11-25 00:00:00,B3820,2.519,2.4,0.0,36.33,2.519,5812.799999999999,6394.08,0.0
2011-11-25 01:00:00,B3820,2.519,2.4,0.0,36.33,2.519,5812.799999999999,6394.08,0.0
2011-11-25 02:00:00,B3820,2.519,2.4,0.0,36.33,2.519,5812.799999999999,6394.08,0.0
2011-11-25 03:00:00,B3820,2.519,2.4,0.0,36.33,2.519,5812.799999999999,6394.08,0.0
2011-11-25 04:00:00,B3820,2.519,2.4,0.0,36.33,2.519,5812.799999999999,6394.08,0.0
2011-11-25 05:00:00,B3820,0.214,0.0,0.0,36.33,0.214,5812.799999999999,6394.08,0.0
2011-11-25 06:00:00,B3820,0.787,0.0,0.0,36.33,0.787,5812.799999999999,6394.08,0.0
2011-11-25 07:00:00,B3820,0.215,0.0,0.0,36.33,0.215,5812.799999999999,6394.08,0.0
2011-11-25 08:00:00,B3820,0.12,0.0,0.15,36.33,-0.07,5812.799999999999,6394.08,0.19
2011-11-25 09:00:00,B3820,0.12,0.0,0.28,36.33,-0.2,5812.799999999999,6394.08,0.32
2011-11-25 10:00:00,B3820,0.12,0.0,0.36,36.33,-0.26,5812.799999999999,6394.08,0.38
2011-11-25 11:00:00,B3820,0.12,0.0,0.4,36.33,-0.29,5812.799999999999,6394.08,0.41
2011-11-25 12:00:00,B3820,0.786,0.0,0.42,36.33,0.36600000000000005,5812.799999999999,6394.08,0.42
2011-11-25 13:00:00,B3820,0.215,0.0,0.44,36.33,-0.225,5812.799999999999,6394.08,0.44
2011-11-25 14:00:00,B3820,0.12,0.0,0.44,36.33,-0.32,5812.799999999999,6394.08,0.44
2011-11-25 15:00:00,B3820,0.12,0.0,0.35,36.33,-0.22999999999999998,5812.799999999999,6394.08,0.35
2011-11-25 16:00:00,B3820,0.12,0.0,0.0,36.33,0.12,5812.799999999999,6394.08,0.0
2011-11-25 17:00:00,B3820,0.215,0.0,0.0,36.33,0.215,5812.799999999999,6394.08,0.0
2011-11-25 18:00:00,B3820,0.786,0.0,0.0,36.33,0.786,5812.799999999999,6394.08,0.0
2011-11-25 19:00:00,B3820,0.977,0.0,0.0,36.33,0.977,5812.799999999999,6394.08,0.0
2011-11-25 20:00:00,B3820,0.215,0.0,0.0,36.33,0.215,5812.799999999999,6394.08,0.0
2011-11-25 21:00:00,B3820,0.214,0.0,0.0,36.33,0.214,5812.799999999999,6394.08,0.0
2011-11-25 22:00:00,B3820,0.214,0.0,0.0,36.33,0.214,5812.799999999999,6394.08,0.0
2011-11-25 23:00:00,B3820,0.119,0.0,0.0,36.33,0.119,5812.799999999999,6394.08,0.0
2011-11-26 00:00:00,B3820,0.119,0.0,0.0,36.33,0.119,5812.799999999999,6394.08,0.0
2011-11-26 01:00:00,B3820,0.119,0.0,0.0,36.33,0.119,5812.799999999999,6394.08,0.0
2011-11-26 02:00:00,B3820,0.119,0.0,0.0,36.33,0.119,5812.799999999999,6394.08,0.0
2011-11-26 03:00:00,B3820,0.119,0.0,0.0,36.33,0.119,5812.799999999999,6394.08,0.0
2011-11-26 04:00:00,B3820,0.119,0.0,0.0,36.33,0.119,5812.799999999999,6394.08,0.0
2011-11-26 05:00:00,B3820,0.214,0.0,0.0,36.33,0.214,5812.799999999999,6394.08,0.0
2011-11-26 06:00:00,B3820,0.787,0.0,0.0,36.33,0.787,5812.799999999999,6394.08,0.0
2011-11-26 07:00:00,B3820,0.215,0.0,0.0,36.33,0.215,5812.799999999999,6394.08,0.0
2011-11-26 08:00:00,B3820,2.52,2.4,0.15,36.33,2.34,5812.799999999999,6394.08,0.18
2011-11-26 09:00:00,B3820,2.52,2.4,0.29,36.33,2.2,5812.799999999999,6394.08,0.32
2011-11-26 10:00:00,B3820,2.52,2.4,0.37,36.33,2.13,5812.799999999999,6394.08,0.39
2011-11-26 11:00:00,B3820,2.52,2.4,0.41,36.33,2.1,5812.799999999999,6394.08,0.42
2011-11-26 12:00:00,B3820,3.186,2.4,0.46,36.33,2.716,5812.799999999999,6394.08,0.47
2011-11-26 13:00:00,B3820,0.215,0.0,0.49,36.33,-0.275,5812.799999999999,6394.08,0.49
2011-11-26 14:00:00,B3820,0.12,0.0,0.47,36.33,-0.35,5812.799999999999,6394.08,0.47
2011-11-26 15:00:00,B3820,0.12,0.0,0.36,36.33,-0.24,5812.799999999999,6394.08,0.36
2011-11-26 16:00:00,B3820,0.12,0.0,0.0,36.33,0.12,5812.799999999999,6394.08,0.0
2011-11-26 17:00:00,B3820,0.215,0.0,0.0,36.33,0.215,5812.799999999999,6394.08,0.0
2011-11-26 18:00:00,B3820,0.786,0.0,0.0,36.33,0.786,5812.799999999999,6394.08,0.0
2011-11-26 19:00:00,B3820,0.977,0.0,0.0,36.33,0.977,5812.799999999999,6394.08,0.0
2011-11-26 20:00:00,B3820,0.215,0.0,0.0,36.33,0.215,5812.799999999999,6394.08,0.0
2011-11-26 21:00:00,B3820,0.214,0.0,0.0,36.33,0.214,5812.799999999999,6394.08,0.0
2011-11-26 22:00:00,B3820,0.214,0.0,0.0,36.33,0.214,5812.799999999999,6394.08,0.0
2011-11-26 23:00:00,B3820,0.119,0.0,0.0,36.33,0.119,5812.799999999999,6394.08,0.0
2011-11-27 00:00:00,B3820,0.119,0.0,0.0,36.33,0.119,5812.799999999999,6394.08,0.0
2011-11-27 01:00:00,B3820,0.119,0.0,0.0,36.33,0.119,5812.799999999999,6394.08,0.0
2011-11-27 02:00:00,B3820,0.119,0.0,0.0,36.33,0.119,5812.799999999999,6394.08,0.0
2011-11-27 03:00:00,B3820,0.119,0.0,0.0,36.33,0.119,5812.799999999999,6394.08,0.0
2011-11-27 04:00:00,B3820,0.119,0.0,0.0,36.33,0.119,5812.799999999999,6394.08,0.0
2011-11-27 05:00:00,B3820,0.214,0.0,0.0,36.33,0.214,5812.799999999999,6394.08,0.0
2011-11-27 06:00:00,B3820,0.787,0.0,0.0,36.33,0.787,5812.799999999999,6394.08,0.0
2011-11-27 07:00:00,B3820,0.215,0.0,0.0,36.33,0.215,5812.799999999999,6394.08,0.0
2011-11-27 08:00:00,B3820,2.52,2.4,0.24,36.33,2.25,5812.799999999999,6394.08,0.27
2011-11-27 09:00:00,B3820,2.52,2.4,0.35,36.33,2.13,5812.799999999999,6394.08,0.39
2011-11-27 10:00:00,B3820,2.52,2.4,0.37,36.33,2.14,5812.799999999999,6394.08,0.38
2011-11-27 11:00:00,B3820,2.52,2.4,0.4,36.33,2.11,5812.799999999999,6394.08,0.41
2011-11-27 12:00:00,B3820,3.186,2.4,0.43,36.33,2.756,5812.799999999999,6394.08,0.43
2011-11-27 13:00:00,B3820,0.215,0.0,0.42,36.33,-0.215,5812.799999999999,6394.08,0.43
2011-11-27 14:00:00,B3820,0.12,0.0,0.39,36.33,-0.27,5812.799999999999,6394.08,0.39
2011-11-27 15:00:00,B3820,0.12,0.0,0.3,36.33,-0.18,5812.799999999999,6394.08,0.3
2011-11-27 16:00:00,B3820,0.12,0.0,0.09,36.33,0.03,5812.799999999999,6394.08,0.09
2011-11-27 17:00:00,B3820,0.215,0.0,0.0,36.33,0.215,5812.799999999999,6394.08,0.0
2011-11-27 18:00:00,B3820,0.786,0.0,0.0,36.33,0.786,5812.799999999999,6394.08,0.0
2011-11-27 19:00:00,B3820,0.977,0.0,0.0,36.33,0.977,5812.799999999999,6394.08,0.0
2011-11-27 20:00:00,B3820,0.215,0.0,0.0,36.33,0.215,5812.799999999999,6394.08,0.0
2011-11-27 21:00:00,B3820,0.214,0.0,0.0,36.33,0.214,5812.799999999999,6394.08,0.0
2011-11-27 22:00:00,B3820,0.214,0.0,0.0,36.33,0.214,5812.799999999999,6394.08,0.0
2011-11-27 23:00:00,B3820,0.119,0.0,0.0,36.33,0.119,5812.799999999999,6394.08,0.0
2011-11-28 00:00:00,B3820,2.519,2.4,0.0,36.33,2.519,5812.799999999999,6394.08,0.0
2011-11-28 01:00:00,B3820,2.519,2.4,0.0,36.33,2.519,5812.799999999999,6394.08,0.0
2011-11-28 02:00:00,B3820,2.519,2.4,0.0,36.33,2.519,5812.799999999999,6394.08,0.0
2011-11-28 03:00:00,B3820,2.519,2.4,0.0,36.33,2.519,5812.799999999999,6394.08,0.0
2011-11-28 04:00:00,B3820,2.519,2.4,0.0,36.33,2.519,5812.799999999999,6394.08,0.0
2011-11-28 05:00:00,B3820,0.214,0.0,0.0,36.33,0.214,5812.799999999999,6394.08,0.0
2011-11-28 06:00:00,B3820,0.787,0.0,0.0,36.33,0.787,5812.799999999999,6394.08,0.0
2011-11-28 07:00:00,B3820,0.215,0.0,0.0,36.33,0.215,5812.799999999999,6394.08,0.0
2011-11-28 08:00:00,B3820,0.12,0.0,0.27,36.33,-0.18,5812.799999999999,6394.08,0.3
2011-11-28 09:00:00,B3820,0.12,0.0,0.47,36.33,-0.39,5812.799999999999,6394.08,0.51
2011-11-28 10:00:00,B3820,0.12,0.0,0.52,36.33,-0.42000000000000004,5812.799999999999,6394.08,0.54
2011-11-28 11:00:00,B3820,0.12,0.0,0.46,36.33,-0.35,5812.799999999999,6394.08,0.47
2011-11-28 12:00:00,B3820,0.786,0.0,0.43,36.33,0.34600000000000003,5812.799999999999,6394.08,0.44
2011-11-28 13:00:00,B3820,0.215,0.0,0.43,36.33,-0.225,5812.799999999999,6394.08,0.44
2011-11-28 14:00:00,B3820,0.12,0.0,0.4,36.33,-0.28,5812.799999999999,6394.08,0.4
2011-11-28 15:00:00,B3820,0.12,0.0,0.31,36.33,-0.19,5812.799999999999,6394.08,0.31
2011-11-28 16:00:00,B3820,0.12,0.0,0.0,36.33,0.12,5812.799999999999,6394.08,0.0
2011-11-28 17:00:00,B3820,0.215,0.0,0.0,36.33,0.215,5812.799999999999,6394.08,0.0
2011-11-28 18:00:00,B3820,0.787,0.0,0.0,36.33,0.787,5812.799999999999,6394.08,0.0
2011-11-28 19:00:00,B3820,0.977,0.0,0.0,36.33,0.977,5812.799999999999,6394.08,0.0
2011-11-28 20:00:00,B3820,0.215,0.0,0.0,36.33,0.215,5812.799999999999,6394.08,0.0
2011-11-28 21:00:00,B3820,0.214,0.0,0.0,36.33,0.214,5812.799999999999,6394.08,0.0
2011-11-28 22:00:00,B3820,0.214,0.0,0.0,36.33,0.214,5812.799999999999,6394.08,0.0
2011-11-28 23:00:00,B3820,0.119,0.0,0.0,36.33,0.119,5812.799999999999,6394.08,0.0
2011-11-29 00:00:00,B3820,2.519,2.4,0.0,36.33,2.519,5812.799999999999,6394.08,0.0
2011-11-29 01:00:00,B3820,2.519,2.4,0.0,36.33,2.519,5812.799999999999,6394.08,0.0
2011-11-29 02:00:00,B3820,2.519,2.4,0.0,36.33,2.519,5812.799999999999,6394.08,0.0
2011-11-29 03:00:00,B3820,2.519,2.4,0.0,36.33,2.519,5812.799999999999,6394.08,0.0
2011-11-29 04:00:00,B3820,2.519,2.4,0.0,36.33,2.519,5812.799999999999,6394.08,0.0
2011-11-29 05:00:00,B3820,0.214,0.0,0.0,36.33,0.214,5812.799999999999,6394.08,0.0
2011-11-29 06:00:00,B3820,0.787,0.0,0.0,36.33,0.787,5812.799999999999,6394.08,0.0
2011-11-29 07:00:00,B3820,0.215,0.0,0.0,36.33,0.215,5812.799999999999,6394.08,0.0
2011-11-29 08:00:00,B3820,0.12,0.0,0.3,36.33,-0.2,5812.799999999999,6394.08,0.32
2011-11-29 09:00:00,B3820,0.12,0.0,0.58,36.33,-0.5,5812.799999999999,6394.08,0.62
2011-11-29 10:00:00,B3820,0.12,0.0,0.81,36.33,-0.72,5812.799999999999,6394.08,0.84
2011-11-29 11:00:00,B3820,0.12,0.0,0.94,36.33,-0.84,5812.799999999999,6394.08,0.96
2011-11-29 12:00:00,B3820,0.787,0.0,0.92,36.33,-0.1529999999999999,5812.799999999999,6394.08,0.94
2011-11-29 13:00:00,B3820,0.215,0.0,0.77,36.33,-0.5650000000000001,5812.799999999999,6394.08,0.78
2011-11-29 14:00:00,B3820,0.12,0.0,0.57,36.33,-0.45999999999999996,5812.799999999999,6394.08,0.58
2011-11-29 15:00:00,B3820,0.12,0.0,0.33,36.33,-0.21000000000000002,5812.799999999999,6394.08,0.33
2011-11-29 16:00:00,B3820,0.12,0.0,0.0,36.33,0.12,5812.799999999999,6394.08,0.0
2011-11-29 17:00:00,B3820,0.215,0.0,0.0,36.33,0.215,5812.799999999999,6394.08,0.0
2011-11-29 18:00:00,B3820,0.787,0.0,0.0,36.33,0.787,5812.799999999999,6394.08,0.0
2011-11-29 19:00:00,B3820,0.977,0.0,0.0,36.33,0.977,5812.799999999999,6394.08,0.0
2011-11-29 20:00:00,B3820,0.215,0.0,0.0,36.33,0.215,5812.799999999999,6394.08,0.0
2011-11-29 21:00:00,B3820,0.214,0.0,0.0,36.33,0.214,5812.799999999999,6394.08,0.0
2011-11-29 22:00:00,B3820,0.214,0.0,0.0,36.33,0.214,5812.799999999999,6394.08,0.0
2011-11-29 23:00:00,B3820,0.119,0.0,0.0,36.33,0.119,5812.799999999999,6394.08,0.0
2011-11-30 00:00:00,B3820,2.519,2.4,0.0,36.33,2.519,5812.799999999999,6394.08,0.0
2011-11-30 01:00:00,B3820,2.519,2.4,0.0,36.33,2.519,5812.799999999999,6394.08,0.0
2011-11-30 02:00:00,B3820,2.519,2.4,0.0,36.33,2.519,5812.799999999999,6394.08,0.0
2011-11-30 03:00:00,B3820,2.519,2.4,0.0,36.33,2.519,5812.799999999999,6394.08,0.0
2011-11-30 04:00:00,B3820,2.519,2.4,0.0,36.33,2.519,5812.799999999999,6394.08,0.0
2011-11-30 05:00:00,B3820,0.214,0.0,0.0,36.33,0.214,5812.799999999999,6394.08,0.0
2011-11-30 06:00:00,B3820,0.787,0.0,0.0,36.33,0.787,5812.799999999999,6394.08,0.0
2011-11-30 07:00:00,B3820,0.215,0.0,0.0,36.33,0.215,5812.799999999999,6394.08,0.0
2011-11-30 08:00:00,B3820,0.12,0.0,0.29,36.33,-0.2,5812.799999999999,6394.08,0.32
2011-11-30 09:00:00,B3820,0.12,0.0,0.55,36.33,-0.47,5812.799999999999,6394.08,0.59
2011-11-30 10:00:00,B3820,0.12,0.0,0.61,36.33,-0.52,5812.799999999999,6394.08,0.64
2011-11-30 11:00:00,B3820,0.12,0.0,0.62,36.33,-0.52,5812.799999999999,6394.08,0.64
2011-11-30 12:00:00,B3820,0.787,0.0,0.66,36.33,0.11699999999999999,5812.799999999999,6394.08,0.67
2011-11-30 13:00:00,B3820,0.215,0.0,0.58,36.33,-0.365,5812.799999999999,6394.08,0.58
2011-11-30 14:00:00,B3820,0.12,0.0,0.45,36.33,-0.33,5812.799999999999,6394.08,0.45
2011-11-30 15:00:00,B3820,0.12,0.0,0.31,36.33,-0.19,5812.799999999999,6394.08,0.31
2011-11-30 16:00:00,B3820,0.12,0.0,0.0,36.33,0.12,5812.799999999999,6394.08,0.0
2011-11-30 17:00:00,B3820,0.215,0.0,0.0,36.33,0.215,5812.799999999999,6394.08,0.0
2011-11-30 18:00:00,B3820,0.787,0.0,0.0,36.33,0.787,5812.799999999999,6394.08,0.0
2011-11-30 19:00:00,B3820,0.977,0.0,0.0,36.33,0.977,5812.799999999999,6394.08,0.0
2011-11-30 20:00:00,B3820,0.215,0.0,0.0,36.33,0.215,5812.799999999999,6394.08,0.0
2011-11-30 21:00:00,B3820,0.214,0.0,0.0,36.33,0.214,5812.799999999999,6394.08,0.0
2011-11-30 22:00:00,B3820,0.214,0.0,0.0,36.33,0.214,5812.799999999999,6394.08,0.0
2011-11-30 23:00:00,B3820,0.119,0.0,0.0,36.33,0.119,5812.799999999999,6394.08,0.0
2011-12-01 00:00:00,B3820,2.519,2.4,0.0,36.33,2.519,5812.799999999999,6394.08,0.0
2011-12-01 01:00:00,B3820,2.519,2.4,0.0,36.33,2.519,5812.799999999999,6394.08,0.0
2011-12-01 02:00:00,B3820,2.519,2.4,0.0,36.33,2.519,5812.799999999999,6394.08,0.0
2011-12-01 03:00:00,B3820,2.519,2.4,0.0,36.33,2.519,5812.799999999999,6394.08,0.0
2011-12-01 04:00:00,B3820,2.519,2.4,0.0,36.33,2.519,5812.799999999999,6394.08,0.0
2011-12-01 05:00:00,B3820,0.214,0.0,0.0,36.33,0.214,5812.799999999999,6394.08,0.0
2011-12-01 06:00:00,B3820,0.787,0.0,0.0,36.33,0.787,5812.799999999999,6394.08,0.0
2011-12-01 07:00:00,B3820,0.215,0.0,0.0,36.33,0.215,5812.799999999999,6394.08,0.0
2011-12-01 08:00:00,B3820,0.12,0.0,0.26,36.33,-0.16999999999999998,5812.799999999999,6394.08,0.29
2011-12-01 09:00:00,B3820,0.12,0.0,0.51,36.33,-0.43000000000000005,5812.799999999999,6394.08,0.55
2011-12-01 10:00:00,B3820,0.12,0.0,0.7,36.33,-0.61,5812.799999999999,6394.08,0.73
2011-12-01 11:00:00,B3820,0.12,0.0,0.76,36.33,-0.66,5812.799999999999,6394.08,0.78
2011-12-01 12:00:00,B3820,0.787,0.0,0.7,36.33,0.07700000000000007,5812.799999999999,6394.08,0.71
2011-12-01 13:00:00,B3820,0.215,0.0,0.6,36.33,-0.395,5812.799999999999,6394.08,0.61
2011-12-01 14:00:00,B3820,0.12,0.0,0.5,36.33,-0.38,5812.799999999999,6394.08,0.5
2011-12-01 15:00:00,B3820,0.12,0.0,0.36,36.33,-0.24,5812.799999999999,6394.08,0.36
2011-12-01 16:00:00,B3820,0.12,0.0,0.0,36.33,0.12,5812.799999999999,6394.08,0.0
2011-12-01 17:00:00,B3820,0.215,0.0,0.0,36.33,0.215,5812.799999999999,6394.08,0.0
2011-12-01 18:00:00,B3820,0.787,0.0,0.0,36.33,0.787,5812.799999999999,6394.08,0.0
2011-12-01 19:00:00,B3820,0.977,0.0,0.0,36.33,0.977,5812.799999999999,6394.08,0.0
2011-12-01 20:00:00,B3820,0.215,0.0,0.0,36.33,0.215,5812.799999999999,6394.08,0.0
2011-12-01 21:00:00,B3820,0.214,0.0,0.0,36.33,0.214,5812.799999999999,6394.08,0.0
2011-12-01 22:00:00,B3820,0.214,0.0,0.0,36.33,0.214,5812.799999999999,6394.08,0.0
2011-12-01 23:00:00,B3820,0.119,0.0,0.0,36.33,0.119,5812.799999999999,6394.08,0.0
2011-12-02 00:00:00,B3820,2.519,2.4,0.0,36.33,2.519,5812.799999999999,6394.08,0.0
2011-12-02 01:00:00,B3820,2.519,2.4,0.0,36.33,2.519,5812.799999999999,6394.08,0.0
2011-12-02 02:00:00,B3820,2.519,2.4,0.0,36.33,2.519,5812.799999999999,6394.08,0.0
2011-12-02 03:00:00,B3820,2.519,2.4,0.0,36.33,2.519,5812.799999999999,6394.08,0.0
2011-12-02 04:00:00,B3820,2.519,2.4,0.0,36.33,2.519,5812.799999999999,6394.08,0.0
2011-12-02 05:00:00,B3820,0.214,0.0,0.0,36.33,0.214,5812.799999999999,6394.08,0.0
2011-12-02 06:00:00,B3820,0.787,0.0,0.0,36.33,0.787,5812.799999999999,6394.08,0.0
2011-12-02 07:00:00,B3820,0.215,0.0,0.0,36.33,0.215,5812.799999999999,6394.08,0.0
2011-12-02 08:00:00,B3820,0.12,0.0,0.16,36.33,-0.07,5812.799999999999,6394.08,0.19
2011-12-02 09:00:00,B3820,0.12,0.0,0.37,36.33,-0.28,5812.799999999999,6394.08,0.4
2011-12-02 10:00:00,B3820,0.12,0.0,0.5,36.33,-0.4,5812.799999999999,6394.08,0.52
2011-12-02 11:00:00,B3820,0.12,0.0,0.57,36.33,-0.45999999999999996,5812.799999999999,6394.08,0.58
2011-12-02 12:00:00,B3820,0.787,0.0,0.6,36.33,0.17700000000000005,5812.799999999999,6394.08,0.61
2011-12-02 13:00:00,B3820,0.215,0.0,0.6,36.33,-0.395,5812.799999999999,6394.08,0.61
2011-12-02 14:00:00,B3820,0.12,0.0,0.57,36.33,-0.44999999999999996,5812.799999999999,6394.08,0.57
2011-12-02 15:00:00,B3820,0.12,0.0,0.38,36.33,-0.26,5812.799999999999,6394.08,0.38
2011-12-02 16:00:00,B3820,0.12,0.0,0.0,36.33,0.12,5812.799999999999,6394.08,0.0
2011-12-02 17:00:00,B3820,0.215,0.0,0.0,36.33,0.215,5812.799999999999,6394.08,0.0
2011-12-02 18:00:00,B3820,0.787,0.0,0.0,36.33,0.787,5812.799999999999,6394.08,0.0
2011-12-02 19:00:00,B3820,0.977,0.0,0.0,36.33,0.977,5812.799999999999,6394.08,0.0
2011-12-02 20:00:00,B3820,0.215,0.0,0.0,36.33,0.215,5812.799999999999,6394.08,0.0
2011-12-02 21:00:00,B3820,0.214,0.0,0.0,36.33,0.214,5812.799999999999,6394.08,0.0
2011-12-02 22:00:00,B3820,0.214,0.0,0.0,36.33,0.214,5812.799999999999,6394.08,0.0
2011-12-02 23:00:00,B3820,0.119,0.0,0.0,36.33,0.119,5812.799999999999,6394.08,0.0
2011-12-03 00:00:00,B3820,0.119,0.0,0.0,36.33,0.119,5812.799999999999,6394.08,0.0
2011-12-03 01:00:00,B3820,0.119,0.0,0.0,36.33,0.119,5812.799999999999,6394.08,0.0
2011-12-03 02:00:00,B3820,0.119,0.0,0.0,36.33,0.119,5812.799999999999,6394.08,0.0
2011-12-03 03:00:00,B3820,0.119,0.0,0.0,36.33,0.119,5812.799999999999,6394.08,0.0
2011-12-03 04:00:00,B3820,0.119,0.0,0.0,36.33,0.119,5812.799999999999,6394.08,0.0
2011-12-03 05:00:00,B3820,0.214,0.0,0.0,36.33,0.214,5812.799999999999,6394.08,0.0
2011-12-03 06:00:00,B3820,0.787,0.0,0.0,36.33,0.787,5812.799999999999,6394.08,0.0
2011-12-03 07:00:00,B3820,0.215,0.0,0.0,36.33,0.215,5812.799999999999,6394.08,0.0
2011-12-03 08:00:00,B3820,2.52,2.4,0.22,36.33,2.26,5812.799999999999,6394.08,0.26
2011-12-03 09:00:00,B3820,2.52,2.4,0.47,36.33,2.01,5812.799999999999,6394.08,0.51
2011-12-03 10:00:00,B3820,2.52,2.4,0.69,36.33,1.8,5812.799999999999,6394.08,0.72
2011-12-03 11:00:00,B3820,2.52,2.4,0.7,36.33,1.81,5812.799999999999,6394.08,0.71
2011-12-03 12:00:00,B3820,3.187,2.4,0.61,36.33,2.5669999999999997,5812.799999999999,6394.08,0.62
2011-12-03 13:00:00,B3820,0.215,0.0,0.55,36.33,-0.3450000000000001,5812.799999999999,6394.08,0.56
2011-12-03 14:00:00,B3820,0.12,0.0,0.44,36.33,-0.32,5812.799999999999,6394.08,0.44
2011-12-03 15:00:00,B3820,0.12,0.0,0.31,36.33,-0.19,5812.799999999999,6394.08,0.31
2011-12-03 16:00:00,B3820,0.12,0.0,0.0,36.33,0.12,5812.799999999999,6394.08,0.0
2011-12-03 17:00:00,B3820,0.215,0.0,0.0,36.33,0.215,5812.799999999999,6394.08,0.0
2011-12-03 18:00:00,B3820,0.787,0.0,0.0,36.33,0.787,5812.799999999999,6394.08,0.0
2011-12-03 19:00:00,B3820,0.977,0.0,0.0,36.33,0.977,5812.799999999999,6394.08,0.0
2011-12-03 20:00:00,B3820,0.215,0.0,0.0,36.33,0.215,5812.799999999999,6394.08,0.0
2011-12-03 21:00:00,B3820,0.214,0.0,0.0,36.33,0.214,5812.799999999999,6394.08,0.0
2011-12-03 22:00:00,B3820,0.214,0.0,0.0,36.33,0.214,5812.799999999999,6394.08,0.0
2011-12-03 23:00:00,B3820,0.119,0.0,0.0,36.33,0.119,5812.799999999999,6394.08,0.0
2011-12-04 00:00:00,B3820,0.119,0.0,0.0,36.33,0.119,5812.799999999999,6394.08,0.0
2011-12-04 01:00:00,B3820,0.119,0.0,0.0,36.33,0.119,5812.799999999999,6394.08,0.0
2011-12-04 02:00:00,B3820,0.119,0.0,0.0,36.33,0.119,5812.799999999999,6394.08,0.0
2011-12-04 03:00:00,B3820,0.119,0.0,0.0,36.33,0.119,5812.799999999999,6394.08,0.0
2011-12-04 04:00:00,B3820,0.119,0.0,0.0,36.33,0.119,5812.799999999999,6394.08,0.0
2011-12-04 05:00:00,B3820,0.214,0.0,0.0,36.33,0.214,5812.799999999999,6394.08,0.0
2011-12-04 06:00:00,B3820,0.787,0.0,0.0,36.33,0.787,5812.799999999999,6394.08,0.0
2011-12-04 07:00:00,B3820,0.215,0.0,0.0,36.33,0.215,5812.799999999999,6394.08,0.0
2011-12-04 08:00:00,B3820,2.52,2.4,0.18,36.33,2.32,5812.799999999999,6394.08,0.2
2011-12-04 09:00:00,B3820,2.52,2.4,0.42,36.33,2.06,5812.799999999999,6394.08,0.46
2011-12-04 10:00:00,B3820,2.52,2.4,0.57,36.33,1.9300000000000002,5812.799999999999,6394.08,0.59
2011-12-04 11:00:00,B3820,2.52,2.4,0.65,36.33,1.8599999999999999,5812.799999999999,6394.08,0.66
2011-12-04 12:00:00,B3820,3.186,2.4,0.73,36.33,2.4459999999999997,5812.799999999999,6394.08,0.74
2011-12-04 13:00:00,B3820,0.215,0.0,0.7,36.33,-0.495,5812.799999999999,6394.08,0.71
2011-12-04 14:00:00,B3820,0.12,0.0,0.57,36.33,-0.44999999999999996,5812.799999999999,6394.08,0.57
2011-12-04 15:00:00,B3820,0.12,0.0,0.35,36.33,-0.22999999999999998,5812.799999999999,6394.08,0.35
2011-12-04 16:00:00,B3820,0.12,0.0,0.0,36.33,0.12,5812.799999999999,6394.08,0.0
2011-12-04 17:00:00,B3820,0.215,0.0,0.0,36.33,0.215,5812.799999999999,6394.08,0.0
2011-12-04 18:00:00,B3820,0.786,0.0,0.0,36.33,0.786,5812.799999999999,6394.08,0.0
2011-12-04 19:00:00,B3820,0.977,0.0,0.0,36.33,0.977,5812.799999999999,6394.08,0.0
2011-12-04 20:00:00,B3820,0.215,0.0,0.0,36.33,0.215,5812.799999999999,6394.08,0.0
2011-12-04 21:00:00,B3820,0.214,0.0,0.0,36.33,0.214,5812.799999999999,6394.08,0.0
2011-12-04 22:00:00,B3820,0.214,0.0,0.0,36.33,0.214,5812.799999999999,6394.08,0.0
2011-12-04 23:00:00,B3820,0.119,0.0,0.0,36.33,0.119,5812.799999999999,6394.08,0.0
2011-12-05 00:00:00,B3820,2.519,2.4,0.0,36.33,2.519,5812.799999999999,6394.08,0.0
2011-12-05 01:00:00,B3820,2.519,2.4,0.0,36.33,2.519,5812.799999999999,6394.08,0.0
2011-12-05 02:00:00,B3820,2.519,2.4,0.0,36.33,2.519,5812.799999999999,6394.08,0.0
2011-12-05 03:00:00,B3820,2.519,2.4,0.0,36.33,2.519,5812.799999999999,6394.08,0.0
2011-12-05 04:00:00,B3820,2.519,2.4,0.0,36.33,2.519,5812.799999999999,6394.08,0.0
2011-12-05 05:00:00,B3820,0.214,0.0,0.0,36.33,0.214,5812.799999999999,6394.08,0.0
2011-12-05 06:00:00,B3820,0.787,0.0,0.0,36.33,0.787,5812.799999999999,6394.08,0.0
2011-12-05 07:00:00,B3820,0.215,0.0,0.0,36.33,0.215,5812.799999999999,6394.08,0.0
2011-12-05 08:00:00,B3820,0.12,0.0,0.24,36.33,-0.15000000000000002,5812.799999999999,6394.08,0.27
2011-12-05 09:00:00,B3820,0.12,0.0,0.43,36.33,-0.34,5812.799999999999,6394.08,0.46
2011-12-05 10:00:00,B3820,0.12,0.0,0.56,36.33,-0.45999999999999996,5812.799999999999,6394.08,0.58
2011-12-05 11:00:00,B3820,0.12,0.0,0.62,36.33,-0.51,5812.799999999999,6394.08,0.63
2011-12-05 12:00:00,B3820,0.786,0.0,0.61,36.33,0.16600000000000004,5812.799999999999,6394.08,0.62
2011-12-05 13:00:00,B3820,0.215,0.0,0.56,36.33,-0.355,5812.799999999999,6394.08,0.57
2011-12-05 14:00:00,B3820,0.12,0.0,0.46,36.33,-0.34,5812.799999999999,6394.08,0.46
2011-12-05 15:00:00,B3820,0.12,0.0,0.27,36.33,-0.15000000000000002,5812.799999999999,6394.08,0.27
2011-12-05 16:00:00,B3820,0.12,0.0,0.0,36.33,0.12,5812.799999999999,6394.08,0.0
2011-12-05 17:00:00,B3820,0.215,0.0,0.0,36.33,0.215,5812.799999999999,6394.08,0.0
2011-12-05 18:00:00,B3820,0.786,0.0,0.0,36.33,0.786,5812.799999999999,6394.08,0.0
2011-12-05 19:00:00,B3820,0.977,0.0,0.0,36.33,0.977,5812.799999999999,6394.08,0.0
2011-12-05 20:00:00,B3820,0.215,0.0,0.0,36.33,0.215,5812.799999999999,6394.08,0.0
2011-12-05 21:00:00,B3820,0.214,0.0,0.0,36.33,0.214,5812.799999999999,6394.08,0.0
2011-12-05 22:00:00,B3820,0.214,0.0,0.0,36.33,0.214,5812.799999999999,6394.08,0.0
2011-12-05 23:00:00,B3820,0.119,0.0,0.0,36.33,0.119,5812.799999999999,6394.08,0.0
2011-12-06 00:00:00,B3820,2.519,2.4,0.0,36.33,2.519,5812.799999999999,6394.08,0.0
2011-12-06 01:00:00,B3820,2.519,2.4,0.0,36.33,2.519,5812.799999999999,6394.08,0.0
2011-12-06 02:00:00,B3820,2.519,2.4,0.0,36.33,2.519,5812.799999999999,6394.08,0.0
2011-12-06 03:00:00,B3820,2.519,2.4,0.0,36.33,2.519,5812.799999999999,6394.08,0.0
2011-12-06 04:00:00,B3820,2.519,2.4,0.0,36.33,2.519,5812.799999999999,6394.08,0.0
2011-12-06 05:00:00,B3820,0.214,0.0,0.0,36.33,0.214,5812.799999999999,6394.08,0.0
2011-12-06 06:00:00,B3820,0.787,0.0,0.0,36.33,0.787,5812.799999999999,6394.08,0.0
2011-12-06 07:00:00,B3820,0.215,0.0,0.0,36.33,0.215,5812.799999999999,6394.08,0.0
2011-12-06 08:00:00,B3820,0.12,0.0,0.16,36.33,-0.07,5812.799999999999,6394.08,0.19
2011-12-06 09:00:00,B3820,0.12,0.0,0.35,36.33,-0.26,5812.799999999999,6394.08,0.38
2011-12-06 10:00:00,B3820,0.12,0.0,0.51,36.33,-0.42000000000000004,5812.799999999999,6394.08,0.54
2011-12-06 11:00:00,B3820,0.12,0.0,0.65,36.33,-0.54,5812.799999999999,6394.08,0.66
2011-12-06 12:00:00,B3820,0.786,0.0,0.71,36.33,0.06600000000000006,5812.799999999999,6394.08,0.72
2011-12-06 13:00:00,B3820,0.215,0.0,0.63,36.33,-0.42500000000000004,5812.799999999999,6394.08,0.64
2011-12-06 14:00:00,B3820,0.12,0.0,0.5,36.33,-0.38,5812.799999999999,6394.08,0.5
2011-12-06 15:00:00,B3820,0.12,0.0,0.38,36.33,-0.26,5812.799999999999,6394.08,0.38
2011-12-06 16:00:00,B3820,0.12,0.0,0.0,36.33,0.12,5812.799999999999,6394.08,0.0
2011-12-06 17:00:00,B3820,0.215,0.0,0.0,36.33,0.215,5812.799999999999,6394.08,0.0
2011-12-06 18:00:00,B3820,0.787,0.0,0.0,36.33,0.787,5812.799999999999,6394.08,0.0
2011-12-06 19:00:00,B3820,0.977,0.0,0.0,36.33,0.977,5812.799999999999,6394.08,0.0
2011-12-06 20:00:00,B3820,0.215,0.0,0.0,36.33,0.215,5812.799999999999,6394.08,0.0
2011-12-06 21:00:00,B3820,0.214,0.0,0.0,36.33,0.214,5812.799999999999,6394.08,0.0
2011-12-06 22:00:00,B3820,0.214,0.0,0.0,36.33,0.214,5812.799999999999,6394.08,0.0
2011-12-06 23:00:00,B3820,0.119,0.0,0.0,36.33,0.119,5812.799999999999,6394.08,0.0
2011-12-07 00:00:00,B3820,2.519,2.4,0.0,36.33,2.519,5812.799999999999,6394.08,0.0
2011-12-07 01:00:00,B3820,2.519,2.4,0.0,36.33,2.519,5812.799999999999,6394.08,0.0
2011-12-07 02:00:00,B3820,2.519,2.4,0.0,36.33,2.519,5812.799999999999,6394.08,0.0
2011-12-07 03:00:00,B3820,2.519,2.4,0.0,36.33,2.519,5812.799999999999,6394.08,0.0
2011-12-07 04:00:00,B3820,2.519,2.4,0.0,36.33,2.519,5812.799999999999,6394.08,0.0
2011-12-07 05:00:00,B3820,0.214,0.0,0.0,36.33,0.214,5812.799999999999,6394.08,0.0
2011-12-07 06:00:00,B3820,0.787,0.0,0.0,36.33,0.787,5812.799999999999,6394.08,0.0
2011-12-07 07:00:00,B3820,0.215,0.0,0.0,36.33,0.215,5812.799999999999,6394.08,0.0
2011-12-07 08:00:00,B3820,0.12,0.0,0.14,36.33,-0.05000000000000002,5812.799999999999,6394.08,0.17
2011-12-07 09:00:00,B3820,0.12,0.0,0.3,36.33,-0.22000000000000003,5812.799999999999,6394.08,0.34
2011-12-07 10:00:00,B3820,0.12,0.0,0.38,36.33,-0.27,5812.799999999999,6394.08,0.39
2011-12-07 11:00:00,B3820,0.12,0.0,0.4,36.33,-0.29,5812.799999999999,6394.08,0.41
2011-12-07 12:00:00,B3820,0.786,0.0,0.43,36.33,0.34600000000000003,5812.799999999999,6394.08,0.44
2011-12-07 13:00:00,B3820,0.215,0.0,0.46,36.33,-0.24500000000000002,5812.799999999999,6394.08,0.46
2011-12-07 14:00:00,B3820,0.12,0.0,0.45,36.33,-0.33,5812.799999999999,6394.08,0.45
2011-12-07 15:00:00,B3820,0.12,0.0,0.34,36.33,-0.22000000000000003,5812.799999999999,6394.08,0.34
2011-12-07 16:00:00,B3820,0.12,0.0,0.0,36.33,0.12,5812.799999999999,6394.08,0.0
2011-12-07 17:00:00,B3820,0.215,0.0,0.0,36.33,0.215,5812.799999999999,6394.08,0.0
2011-12-07 18:00:00,B3820,0.787,0.0,0.0,36.33,0.787,5812.799999999999,6394.08,0.0
2011-12-07 19:00:00,B3820,0.977,0.0,0.0,36.33,0.977,5812.799999999999,6394.08,0.0
2011-12-07 20:00:00,B3820,0.215,0.0,0.0,36.33,0.215,5812.799999999999,6394.08,0.0
2011-12-07 21:00:00,B3820,0.214,0.0,0.0,36.33,0.214,5812.799999999999,6394.08,0.0
2011-12-07 22:00:00,B3820,0.214,0.0,0.0,36.33,0.214,5812.799999999999,6394.08,0.0
2011-12-07 23:00:00,B3820,0.119,0.0,0.0,36.33,0.119,5812.799999999999,6394.08,0.0
2011-12-08 00:00:00,B3820,2.519,2.4,0.0,36.33,2.519,5812.799999999999,6394.08,0.0
2011-12-08 01:00:00,B3820,2.519,2.4,0.0,36.33,2.519,5812.799999999999,6394.08,0.0
2011-12-08 02:00:00,B3820,2.519,2.4,0.0,36.33,2.519,5812.799999999999,6394.08,0.0
2011-12-08 03:00:00,B3820,2.519,2.4,0.0,36.33,2.519,5812.799999999999,6394.08,0.0
2011-12-08 04:00:00,B3820,2.519,2.4,0.0,36.33,2.519,5812.799999999999,6394.08,0.0
2011-12-08 05:00:00,B3820,0.214,0.0,0.0,36.33,0.214,5812.799999999999,6394.08,0.0
2011-12-08 06:00:00,B3820,0.787,0.0,0.0,36.33,0.787,5812.799999999999,6394.08,0.0
2011-12-08 07:00:00,B3820,0.215,0.0,0.0,36.33,0.215,5812.799999999999,6394.08,0.0
2011-12-08 08:00:00,B3820,0.12,0.0,0.35,36.33,-0.26,5812.799999999999,6394.08,0.38
2011-12-08 09:00:00,B3820,0.12,0.0,0.69,36.33,-0.61,5812.799999999999,6394.08,0.73
2011-12-08 10:00:00,B3820,0.12,0.0,0.91,36.33,-0.82,5812.799999999999,6394.08,0.94
2011-12-08 11:00:00,B3820,0.12,0.0,0.95,36.33,-0.85,5812.799999999999,6394.08,0.97
2011-12-08 12:00:00,B3820,0.787,0.0,0.98,36.33,-0.21299999999999997,5812.799999999999,6394.08,1.0
2011-12-08 13:00:00,B3820,0.215,0.0,0.97,36.33,-0.775,5812.799999999999,6394.08,0.99
2011-12-08 14:00:00,B3820,0.12,0.0,0.78,36.33,-0.67,5812.799999999999,6394.08,0.79
2011-12-08 15:00:00,B3820,0.12,0.0,0.44,36.33,-0.32,5812.799999999999,6394.08,0.44
2011-12-08 16:00:00,B3820,0.12,0.0,0.0,36.33,0.12,5812.799999999999,6394.08,0.0
2011-12-08 17:00:00,B3820,0.215,0.0,0.0,36.33,0.215,5812.799999999999,6394.08,0.0
2011-12-08 18:00:00,B3820,0.787,0.0,0.0,36.33,0.787,5812.799999999999,6394.08,0.0
2011-12-08 19:00:00,B3820,0.978,0.0,0.0,36.33,0.978,5812.799999999999,6394.08,0.0
2011-12-08 20:00:00,B3820,0.215,0.0,0.0,36.33,0.215,5812.799999999999,6394.08,0.0
2011-12-08 21:00:00,B3820,0.214,0.0,0.0,36.33,0.214,5812.799999999999,6394.08,0.0
2011-12-08 22:00:00,B3820,0.214,0.0,0.0,36.33,0.214,5812.799999999999,6394.08,0.0
2011-12-08 23:00:00,B3820,0.119,0.0,0.0,36.33,0.119,5812.799999999999,6394.08,0.0
2011-12-09 00:00:00,B3820,2.519,2.4,0.0,36.33,2.519,5812.799999999999,6394.08,0.0
2011-12-09 01:00:00,B3820,2.519,2.4,0.0,36.33,2.519,5812.799999999999,6394.08,0.0
2011-12-09 02:00:00,B3820,2.519,2.4,0.0,36.33,2.519,5812.799999999999,6394.08,0.0
2011-12-09 03:00:00,B3820,2.519,2.4,0.0,36.33,2.519,5812.799999999999,6394.08,0.0
2011-12-09 04:00:00,B3820,2.519,2.4,0.0,36.33,2.519,5812.799999999999,6394.08,0.0
2011-12-09 05:00:00,B3820,0.214,0.0,0.0,36.33,0.214,5812.799999999999,6394.08,0.0
2011-12-09 06:00:00,B3820,0.787,0.0,0.0,36.33,0.787,5812.799999999999,6394.08,0.0
2011-12-09 07:00:00,B3820,0.215,0.0,0.0,36.33,0.215,5812.799999999999,6394.08,0.0
2011-12-09 08:00:00,B3820,0.12,0.0,0.31,36.33,-0.2,5812.799999999999,6394.08,0.32
2011-12-09 09:00:00,B3820,0.12,0.0,0.53,36.33,-0.44000000000000006,5812.799999999999,6394.08,0.56
2011-12-09 10:00:00,B3820,0.12,0.0,0.75,36.33,-0.65,5812.799999999999,6394.08,0.77
2011-12-09 11:00:00,B3820,0.12,0.0,0.81,36.33,-0.71,5812.799999999999,6394.08,0.83
2011-12-09 12:00:00,B3820,0.787,0.0,0.77,36.33,0.007000000000000006,5812.799999999999,6394.08,0.78
2011-12-09 13:00:00,B3820,0.215,0.0,0.69,36.33,-0.485,5812.799999999999,6394.08,0.7
2011-12-09 14:00:00,B3820,0.12,0.0,0.52,36.33,-0.4,5812.799999999999,6394.08,0.52
2011-12-09 15:00:00,B3820,0.12,0.0,0.31,36.33,-0.19,5812.799999999999,6394.08,0.31
2011-12-09 16:00:00,B3820,0.12,0.0,0.0,36.33,0.12,5812.799999999999,6394.08,0.0
2011-12-09 17:00:00,B3820,0.215,0.0,0.0,36.33,0.215,5812.799999999999,6394.08,0.0
2011-12-09 18:00:00,B3820,0.787,0.0,0.0,36.33,0.787,5812.799999999999,6394.08,0.0
2011-12-09 19:00:00,B3820,0.978,0.0,0.0,36.33,0.978,5812.799999999999,6394.08,0.0
2011-12-09 20:00:00,B3820,0.215,0.0,0.0,36.33,0.215,5812.799999999999,6394.08,0.0
2011-12-09 21:00:00,B3820,0.214,0.0,0.0,36.33,0.214,5812.799999999999,6394.08,0.0
2011-12-09 22:00:00,B3820,0.214,0.0,0.0,36.33,0.214,5812.799999999999,6394.08,0.0
2011-12-09 23:00:00,B3820,0.119,0.0,0.0,36.33,0.119,5812.799999999999,6394.08,0.0
2011-12-10 00:00:00,B3820,0.119,0.0,0.0,36.33,0.119,5812.799999999999,6394.08,0.0
2011-12-10 01:00:00,B3820,0.119,0.0,0.0,36.33,0.119,5812.799999999999,6394.08,0.0
2011-12-10 02:00:00,B3820,0.119,0.0,0.0,36.33,0.119,5812.799999999999,6394.08,0.0
2011-12-10 03:00:00,B3820,0.119,0.0,0.0,36.33,0.119,5812.799999999999,6394.08,0.0
2011-12-10 04:00:00,B3820,0.119,0.0,0.0,36.33,0.119,5812.799999999999,6394.08,0.0
2011-12-10 05:00:00,B3820,0.214,0.0,0.0,36.33,0.214,5812.799999999999,6394.08,0.0
2011-12-10 06:00:00,B3820,0.787,0.0,0.0,36.33,0.787,5812.799999999999,6394.08,0.0
2011-12-10 07:00:00,B3820,0.215,0.0,0.0,36.33,0.215,5812.799999999999,6394.08,0.0
2011-12-10 08:00:00,B3820,2.52,2.4,0.0,36.33,2.5100000000000002,5812.799999999999,6394.08,0.01
2011-12-10 09:00:00,B3820,2.52,2.4,0.29,36.33,2.21,5812.799999999999,6394.08,0.31
2011-12-10 10:00:00,B3820,2.52,2.4,0.34,36.33,2.17,5812.799999999999,6394.08,0.35
2011-12-10 11:00:00,B3820,2.52,2.4,0.31,36.33,2.21,5812.799999999999,6394.08,0.31
2011-12-10 12:00:00,B3820,3.187,2.4,0.36,36.33,2.827,5812.799999999999,6394.08,0.36
2011-12-10 13:00:00,B3820,0.215,0.0,0.49,36.33,-0.275,5812.799999999999,6394.08,0.49
2011-12-10 14:00:00,B3820,0.12,0.0,0.48,36.33,-0.36,5812.799999999999,6394.08,0.48
2011-12-10 15:00:00,B3820,0.12,0.0,0.3,36.33,-0.18,5812.799999999999,6394.08,0.3
2011-12-10 16:00:00,B3820,0.12,0.0,0.0,36.33,0.12,5812.799999999999,6394.08,0.0
2011-12-10 17:00:00,B3820,0.215,0.0,0.0,36.33,0.215,5812.799999999999,6394.08,0.0
2011-12-10 18:00:00,B3820,0.787,0.0,0.0,36.33,0.787,5812.799999999999,6394.08,0.0
2011-12-10 19:00:00,B3820,0.977,0.0,0.0,36.33,0.977,5812.799999999999,6394.08,0.0
2011-12-10 20:00:00,B3820,0.215,0.0,0.0,36.33,0.215,5812.799999999999,6394.08,0.0
2011-12-10 21:00:00,B3820,0.214,0.0,0.0,36.33,0.214,5812.799999999999,6394.08,0.0
2011-12-10 22:00:00,B3820,0.214,0.0,0.0,36.33,0.214,5812.799999999999,6394.08,0.0
2011-12-10 23:00:00,B3820,0.119,0.0,0.0,36.33,0.119,5812.799999999999,6394.08,0.0
2011-12-11 00:00:00,B3820,0.119,0.0,0.0,36.33,0.119,5812.799999999999,6394.08,0.0
2011-12-11 01:00:00,B3820,0.119,0.0,0.0,36.33,0.119,5812.799999999999,6394.08,0.0
2011-12-11 02:00:00,B3820,0.119,0.0,0.0,36.33,0.119,5812.799999999999,6394.08,0.0
2011-12-11 03:00:00,B3820,0.119,0.0,0.0,36.33,0.119,5812.799999999999,6394.08,0.0
2011-12-11 04:00:00,B3820,0.119,0.0,0.0,36.33,0.119,5812.799999999999,6394.08,0.0
2011-12-11 05:00:00,B3820,0.214,0.0,0.0,36.33,0.214,5812.799999999999,6394.08,0.0
2011-12-11 06:00:00,B3820,0.787,0.0,0.0,36.33,0.787,5812.799999999999,6394.08,0.0
2011-12-11 07:00:00,B3820,0.215,0.0,0.0,36.33,0.215,5812.799999999999,6394.08,0.0
2011-12-11 08:00:00,B3820,2.52,2.4,0.28,36.33,2.21,5812.799999999999,6394.08,0.31
2011-12-11 09:00:00,B3820,2.52,2.4,0.52,36.33,1.97,5812.799999999999,6394.08,0.55
2011-12-11 10:00:00,B3820,2.52,2.4,0.69,36.33,1.8,5812.799999999999,6394.08,0.72
2011-12-11 11:00:00,B3820,2.52,2.4,0.81,36.33,1.69,5812.799999999999,6394.08,0.83
2011-12-11 12:00:00,B3820,3.187,2.4,0.8,36.33,2.377,5812.799999999999,6394.08,0.81
2011-12-11 13:00:00,B3820,0.215,0.0,0.69,36.33,-0.485,5812.799999999999,6394.08,0.7
2011-12-11 14:00:00,B3820,0.12,0.0,0.53,36.33,-0.41000000000000003,5812.799999999999,6394.08,0.53
2011-12-11 15:00:00,B3820,0.12,0.0,0.31,36.33,-0.19,5812.799999999999,6394.08,0.31
2011-12-11 16:00:00,B3820,0.12,0.0,0.0,36.33,0.12,5812.799999999999,6394.08,0.0
2011-12-11 17:00:00,B3820,0.215,0.0,0.0,36.33,0.215,5812.799999999999,6394.08,0.0
2011-12-11 18:00:00,B3820,0.787,0.0,0.0,36.33,0.787,5812.799999999999,6394.08,0.0
2011-12-11 19:00:00,B3820,0.977,0.0,0.0,36.33,0.977,5812.799999999999,6394.08,0.0
2011-12-11 20:00:00,B3820,0.215,0.0,0.0,36.33,0.215,5812.799999999999,6394.08,0.0
2011-12-11 21:00:00,B3820,0.214,0.0,0.0,36.33,0.214,5812.799999999999,6394.08,0.0
2011-12-11 22:00:00,B3820,0.214,0.0,0.0,36.33,0.214,5812.799999999999,6394.08,0.0
2011-12-11 23:00:00,B3820,0.119,0.0,0.0,36.33,0.119,5812.799999999999,6394.08,0.0
2011-12-12 00:00:00,B3820,2.519,2.4,0.0,36.33,2.519,5812.799999999999,6394.08,0.0
2011-12-12 01:00:00,B3820,2.519,2.4,0.0,36.33,2.519,5812.799999999999,6394.08,0.0
2011-12-12 02:00:00,B3820,2.519,2.4,0.0,36.33,2.519,5812.799999999999,6394.08,0.0
2011-12-12 03:00:00,B3820,2.519,2.4,0.0,36.33,2.519,5812.799999999999,6394.08,0.0
2011-12-12 04:00:00,B3820,2.519,2.4,0.0,36.33,2.519,5812.799999999999,6394.08,0.0
2011-12-12 05:00:00,B3820,0.214,0.0,0.0,36.33,0.214,5812.799999999999,6394.08,0.0
2011-12-12 06:00:00,B3820,0.787,0.0,0.0,36.33,0.787,5812.799999999999,6394.08,0.0
2011-12-12 07:00:00,B3820,0.215,0.0,0.0,36.33,0.215,5812.799999999999,6394.08,0.0
2011-12-12 08:00:00,B3820,0.12,0.0,0.22,36.33,-0.12,5812.799999999999,6394.08,0.24
2011-12-12 09:00:00,B3820,0.12,0.0,0.44,36.33,-0.35,5812.799999999999,6394.08,0.47
2011-12-12 10:00:00,B3820,0.12,0.0,0.59,36.33,-0.49,5812.799999999999,6394.08,0.61
2011-12-12 11:00:00,B3820,0.12,0.0,0.77,36.33,-0.67,5812.799999999999,6394.08,0.79
2011-12-12 12:00:00,B3820,0.786,0.0,0.92,36.33,-0.15399999999999991,5812.799999999999,6394.08,0.94
2011-12-12 13:00:00,B3820,0.215,0.0,0.84,36.33,-0.645,5812.799999999999,6394.08,0.86
2011-12-12 14:00:00,B3820,0.12,0.0,0.63,36.33,-0.52,5812.799999999999,6394.08,0.64
2011-12-12 15:00:00,B3820,0.12,0.0,0.37,36.33,-0.25,5812.799999999999,6394.08,0.37
2011-12-12 16:00:00,B3820,0.12,0.0,0.0,36.33,0.12,5812.799999999999,6394.08,0.0
2011-12-12 17:00:00,B3820,0.215,0.0,0.0,36.33,0.215,5812.799999999999,6394.08,0.0
2011-12-12 18:00:00,B3820,0.786,0.0,0.0,36.33,0.786,5812.799999999999,6394.08,0.0
2011-12-12 19:00:00,B3820,0.977,0.0,0.0,36.33,0.977,5812.799999999999,6394.08,0.0
2011-12-12 20:00:00,B3820,0.215,0.0,0.0,36.33,0.215,5812.799999999999,6394.08,0.0
2011-12-12 21:00:00,B3820,0.214,0.0,0.0,36.33,0.214,5812.799999999999,6394.08,0.0
2011-12-12 22:00:00,B3820,0.214,0.0,0.0,36.33,0.214,5812.799999999999,6394.08,0.0
2011-12-12 23:00:00,B3820,0.119,0.0,0.0,36.33,0.119,5812.799999999999,6394.08,0.0
2011-12-13 00:00:00,B3820,2.519,2.4,0.0,36.33,2.519,5812.799999999999,6394.08,0.0
2011-12-13 01:00:00,B3820,2.519,2.4,0.0,36.33,2.519,5812.799999999999,6394.08,0.0
2011-12-13 02:00:00,B3820,2.519,2.4,0.0,36.33,2.519,5812.799999999999,6394.08,0.0
2011-12-13 03:00:00,B3820,2.519,2.4,0.0,36.33,2.519,5812.799999999999,6394.08,0.0
2011-12-13 04:00:00,B3820,2.519,2.4,0.0,36.33,2.519,5812.799999999999,6394.08,0.0
2011-12-13 05:00:00,B3820,0.214,0.0,0.0,36.33,0.214,5812.799999999999,6394.08,0.0
2011-12-13 06:00:00,B3820,0.787,0.0,0.0,36.33,0.787,5812.799999999999,6394.08,0.0
2011-12-13 07:00:00,B3820,0.215,0.0,0.0,36.33,0.215,5812.799999999999,6394.08,0.0
2011-12-13 08:00:00,B3820,0.12,0.0,0.14,36.33,-0.05000000000000002,5812.799999999999,6394.08,0.17
2011-12-13 09:00:00,B3820,0.12,0.0,0.31,36.33,-0.22000000000000003,5812.799999999999,6394.08,0.34
2011-12-13 10:00:00,B3820,0.12,0.0,0.5,36.33,-0.4,5812.799999999999,6394.08,0.52
2011-12-13 11:00:00,B3820,0.12,0.0,0.74,36.33,-0.63,5812.799999999999,6394.08,0.75
2011-12-13 12:00:00,B3820,0.786,0.0,0.71,36.33,0.06600000000000006,5812.799999999999,6394.08,0.72
2011-12-13 13:00:00,B3820,0.215,0.0,0.57,36.33,-0.365,5812.799999999999,6394.08,0.58
2011-12-13 14:00:00,B3820,0.12,0.0,0.49,36.33,-0.37,5812.799999999999,6394.08,0.49
2011-12-13 15:00:00,B3820,0.12,0.0,0.3,36.33,-0.18,5812.799999999999,6394.08,0.3
2011-12-13 16:00:00,B3820,0.12,0.0,0.0,36.33,0.12,5812.799999999999,6394.08,0.0
2011-12-13 17:00:00,B3820,0.215,0.0,0.0,36.33,0.215,5812.799999999999,6394.08,0.0
2011-12-13 18:00:00,B3820,0.786,0.0,0.0,36.33,0.786,5812.799999999999,6394.08,0.0
2011-12-13 19:00:00,B3820,0.977,0.0,0.0,36.33,0.977,5812.799999999999,6394.08,0.0
2011-12-13 20:00:00,B3820,0.215,0.0,0.0,36.33,0.215,5812.799999999999,6394.08,0.0
2011-12-13 21:00:00,B3820,0.214,0.0,0.0,36.33,0.214,5812.799999999999,6394.08,0.0
2011-12-13 22:00:00,B3820,0.214,0.0,0.0,36.33,0.214,5812.799999999999,6394.08,0.0
2011-12-13 23:00:00,B3820,0.119,0.0,0.0,36.33,0.119,5812.799999999999,6394.08,0.0
2011-12-14 00:00:00,B3820,2.519,2.4,0.0,36.33,2.519,5812.799999999999,6394.08,0.0
2011-12-14 01:00:00,B3820,2.519,2.4,0.0,36.33,2.519,5812.799999999999,6394.08,0.0
2011-12-14 02:00:00,B3820,2.519,2.4,0.0,36.33,2.519,5812.799999999999,6394.08,0.0
2011-12-14 03:00:00,B3820,2.519,2.4,0.0,36.33,2.519,5812.799999999999,6394.08,0.0
2011-12-14 04:00:00,B3820,2.519,2.4,0.0,36.33,2.519,5812.799999999999,6394.08,0.0
2011-12-14 05:00:00,B3820,0.214,0.0,0.0,36.33,0.214,5812.799999999999,6394.08,0.0
2011-12-14 06:00:00,B3820,0.786,0.0,0.0,36.33,0.786,5812.799999999999,6394.08,0.0
2011-12-14 07:00:00,B3820,0.215,0.0,0.0,36.33,0.215,5812.799999999999,6394.08,0.0
2011-12-14 08:00:00,B3820,0.12,0.0,0.29,36.33,-0.2,5812.799999999999,6394.08,0.32
2011-12-14 09:00:00,B3820,0.12,0.0,0.58,36.33,-0.49,5812.799999999999,6394.08,0.61
2011-12-14 10:00:00,B3820,0.12,0.0,0.77,36.33,-0.68,5812.799999999999,6394.08,0.8
2011-12-14 11:00:00,B3820,0.12,0.0,0.65,36.33,-0.54,5812.799999999999,6394.08,0.66
2011-12-14 12:00:00,B3820,0.786,0.0,0.49,36.33,0.29600000000000004,5812.799999999999,6394.08,0.49
2011-12-14 13:00:00,B3820,0.215,0.0,0.48,36.33,-0.265,5812.799999999999,6394.08,0.48
2011-12-14 14:00:00,B3820,0.12,0.0,0.43,36.33,-0.31,5812.799999999999,6394.08,0.43
2011-12-14 15:00:00,B3820,0.12,0.0,0.28,36.33,-0.16000000000000003,5812.799999999999,6394.08,0.28
2011-12-14 16:00:00,B3820,0.12,0.0,0.0,36.33,0.12,5812.799999999999,6394.08,0.0
2011-12-14 17:00:00,B3820,0.215,0.0,0.0,36.33,0.215,5812.799999999999,6394.08,0.0
2011-12-14 18:00:00,B3820,0.786,0.0,0.0,36.33,0.786,5812.799999999999,6394.08,0.0
2011-12-14 19:00:00,B3820,0.977,0.0,0.0,36.33,0.977,5812.799999999999,6394.08,0.0
2011-12-14 20:00:00,B3820,0.215,0.0,0.0,36.33,0.215,5812.799999999999,6394.08,0.0
2011-12-14 21:00:00,B3820,0.214,0.0,0.0,36.33,0.214,5812.799999999999,6394.08,0.0
2011-12-14 22:00:00,B3820,0.214,0.0,0.0,36.33,0.214,5812.799999999999,6394.08,0.0
2011-12-14 23:00:00,B3820,0.119,0.0,0.0,36.33,0.119,5812.799999999999,6394.08,0.0
2011-12-15 00:00:00,B3820,2.519,2.4,0.0,36.33,2.519,5812.799999999999,6394.08,0.0
2011-12-15 01:00:00,B3820,2.519,2.4,0.0,36.33,2.519,5812.799999999999,6394.08,0.0
2011-12-15 02:00:00,B3820,2.519,2.4,0.0,36.33,2.519,5812.799999999999,6394.08,0.0
2011-12-15 03:00:00,B3820,2.519,2.4,0.0,36.33,2.519,5812.799999999999,6394.08,0.0
2011-12-15 04:00:00,B3820,2.519,2.4,0.0,36.33,2.519,5812.799999999999,6394.08,0.0
2011-12-15 05:00:00,B3820,0.214,0.0,0.0,36.33,0.214,5812.799999999999,6394.08,0.0
2011-12-15 06:00:00,B3820,0.787,0.0,0.0,36.33,0.787,5812.799999999999,6394.08,0.0
2011-12-15 07:00:00,B3820,0.215,0.0,0.0,36.33,0.215,5812.799999999999,6394.08,0.0
2011-12-15 08:00:00,B3820,0.12,0.0,0.17,36.33,-0.08000000000000002,5812.799999999999,6394.08,0.2
2011-12-15 09:00:00,B3820,0.12,0.0,0.39,36.33,-0.3,5812.799999999999,6394.08,0.42
2011-12-15 10:00:00,B3820,0.12,0.0,0.47,36.33,-0.37,5812.799999999999,6394.08,0.49
2011-12-15 11:00:00,B3820,0.12,0.0,0.59,36.33,-0.48,5812.799999999999,6394.08,0.6
2011-12-15 12:00:00,B3820,0.786,0.0,0.68,36.33,0.09600000000000009,5812.799999999999,6394.08,0.69
2011-12-15 13:00:00,B3820,0.215,0.0,0.67,36.33,-0.4650000000000001,5812.799999999999,6394.08,0.68
2011-12-15 14:00:00,B3820,0.12,0.0,0.6,36.33,-0.49,5812.799999999999,6394.08,0.61
2011-12-15 15:00:00,B3820,0.12,0.0,0.38,36.33,-0.26,5812.799999999999,6394.08,0.38
2011-12-15 16:00:00,B3820,0.12,0.0,0.0,36.33,0.12,5812.799999999999,6394.08,0.0
2011-12-15 17:00:00,B3820,0.215,0.0,0.0,36.33,0.215,5812.799999999999,6394.08,0.0
2011-12-15 18:00:00,B3820,0.786,0.0,0.0,36.33,0.786,5812.799999999999,6394.08,0.0
2011-12-15 19:00:00,B3820,0.977,0.0,0.0,36.33,0.977,5812.799999999999,6394.08,0.0
2011-12-15 20:00:00,B3820,0.215,0.0,0.0,36.33,0.215,5812.799999999999,6394.08,0.0
2011-12-15 21:00:00,B3820,0.214,0.0,0.0,36.33,0.214,5812.799999999999,6394.08,0.0
2011-12-15 22:00:00,B3820,0.214,0.0,0.0,36.33,0.214,5812.799999999999,6394.08,0.0
2011-12-15 23:00:00,B3820,0.119,0.0,0.0,36.33,0.119,5812.799999999999,6394.08,0.0
2011-12-16 00:00:00,B3820,2.519,2.4,0.0,36.33,2.519,5812.799999999999,6394.08,0.0
2011-12-16 01:00:00,B3820,2.519,2.4,0.0,36.33,2.519,5812.799999999999,6394.08,0.0
2011-12-16 02:00:00,B3820,2.519,2.4,0.0,36.33,2.519,5812.799999999999,6394.08,0.0
2011-12-16 03:00:00,B3820,2.519,2.4,0.0,36.33,2.519,5812.799999999999,6394.08,0.0
2011-12-16 04:00:00,B3820,2.519,2.4,0.0,36.33,2.519,5812.799999999999,6394.08,0.0
2011-12-16 05:00:00,B3820,0.214,0.0,0.0,36.33,0.214,5812.799999999999,6394.08,0.0
2011-12-16 06:00:00,B3820,0.786,0.0,0.0,36.33,0.786,5812.799999999999,6394.08,0.0
2011-12-16 07:00:00,B3820,0.215,0.0,0.0,36.33,0.215,5812.799999999999,6394.08,0.0
2011-12-16 08:00:00,B3820,0.12,0.0,0.2,36.33,-0.11000000000000001,5812.799999999999,6394.08,0.23
2011-12-16 09:00:00,B3820,0.12,0.0,0.37,36.33,-0.27,5812.799999999999,6394.08,0.39
2011-12-16 10:00:00,B3820,0.12,0.0,0.43,36.33,-0.33,5812.799999999999,6394.08,0.45
2011-12-16 11:00:00,B3820,0.12,0.0,0.55,36.33,-0.44000000000000006,5812.799999999999,6394.08,0.56
2011-12-16 12:00:00,B3820,0.786,0.0,0.62,36.33,0.15600000000000003,5812.799999999999,6394.08,0.63
2011-12-16 13:00:00,B3820,0.215,0.0,0.52,36.33,-0.30500000000000005,5812.799999999999,6394.08,0.52
2011-12-16 14:00:00,B3820,0.12,0.0,0.4,36.33,-0.28,5812.799999999999,6394.08,0.4
2011-12-16 15:00:00,B3820,0.12,0.0,0.31,36.33,-0.19,5812.799999999999,6394.08,0.31
2011-12-16 16:00:00,B3820,0.12,0.0,0.0,36.33,0.12,5812.799999999999,6394.08,0.0
2011-12-16 17:00:00,B3820,0.215,0.0,0.0,36.33,0.215,5812.799999999999,6394.08,0.0
2011-12-16 18:00:00,B3820,0.786,0.0,0.0,36.33,0.786,5812.799999999999,6394.08,0.0
2011-12-16 19:00:00,B3820,0.977,0.0,0.0,36.33,0.977,5812.799999999999,6394.08,0.0
2011-12-16 20:00:00,B3820,0.215,0.0,0.0,36.33,0.215,5812.799999999999,6394.08,0.0
2011-12-16 21:00:00,B3820,0.214,0.0,0.0,36.33,0.214,5812.799999999999,6394.08,0.0
2011-12-16 22:00:00,B3820,0.214,0.0,0.0,36.33,0.214,5812.799999999999,6394.08,0.0
2011-12-16 23:00:00,B3820,0.119,0.0,0.0,36.33,0.119,5812.799999999999,6394.08,0.0
2011-12-17 00:00:00,B3820,0.119,0.0,0.0,36.33,0.119,5812.799999999999,6394.08,0.0
2011-12-17 01:00:00,B3820,0.119,0.0,0.0,36.33,0.119,5812.799999999999,6394.08,0.0
2011-12-17 02:00:00,B3820,0.119,0.0,0.0,36.33,0.119,5812.799999999999,6394.08,0.0
2011-12-17 03:00:00,B3820,0.119,0.0,0.0,36.33,0.119,5812.799999999999,6394.08,0.0
2011-12-17 04:00:00,B3820,0.119,0.0,0.0,36.33,0.119,5812.799999999999,6394.08,0.0
2011-12-17 05:00:00,B3820,0.214,0.0,0.0,36.33,0.214,5812.799999999999,6394.08,0.0
2011-12-17 06:00:00,B3820,0.787,0.0,0.0,36.33,0.787,5812.799999999999,6394.08,0.0
2011-12-17 07:00:00,B3820,0.215,0.0,0.0,36.33,0.215,5812.799999999999,6394.08,0.0
2011-12-17 08:00:00,B3820,2.52,2.4,0.15,36.33,2.34,5812.799999999999,6394.08,0.18
2011-12-17 09:00:00,B3820,2.52,2.4,0.39,36.33,2.1,5812.799999999999,6394.08,0.42
2011-12-17 10:00:00,B3820,2.52,2.4,0.6,36.33,1.8900000000000001,5812.799999999999,6394.08,0.63
2011-12-17 11:00:00,B3820,2.52,2.4,0.78,36.33,1.72,5812.799999999999,6394.08,0.8
2011-12-17 12:00:00,B3820,3.186,2.4,0.83,36.33,2.336,5812.799999999999,6394.08,0.85
2011-12-17 13:00:00,B3820,0.215,0.0,0.69,36.33,-0.495,5812.799999999999,6394.08,0.71
2011-12-17 14:00:00,B3820,0.12,0.0,0.49,36.33,-0.37,5812.799999999999,6394.08,0.49
2011-12-17 15:00:00,B3820,0.12,0.0,0.33,36.33,-0.21000000000000002,5812.799999999999,6394.08,0.33
2011-12-17 16:00:00,B3820,0.12,0.0,0.0,36.33,0.12,5812.799999999999,6394.08,0.0
2011-12-17 17:00:00,B3820,0.215,0.0,0.0,36.33,0.215,5812.799999999999,6394.08,0.0
2011-12-17 18:00:00,B3820,0.787,0.0,0.0,36.33,0.787,5812.799999999999,6394.08,0.0
2011-12-17 19:00:00,B3820,0.977,0.0,0.0,36.33,0.977,5812.799999999999,6394.08,0.0
2011-12-17 20:00:00,B3820,0.215,0.0,0.0,36.33,0.215,5812.799999999999,6394.08,0.0
2011-12-17 21:00:00,B3820,0.214,0.0,0.0,36.33,0.214,5812.799999999999,6394.08,0.0
2011-12-17 22:00:00,B3820,0.214,0.0,0.0,36.33,0.214,5812.799999999999,6394.08,0.0
2011-12-17 23:00:00,B3820,0.119,0.0,0.0,36.33,0.119,5812.799999999999,6394.08,0.0
2011-12-18 00:00:00,B3820,0.119,0.0,0.0,36.33,0.119,5812.799999999999,6394.08,0.0
2011-12-18 01:00:00,B3820,0.119,0.0,0.0,36.33,0.119,5812.799999999999,6394.08,0.0
2011-12-18 02:00:00,B3820,0.119,0.0,0.0,36.33,0.119,5812.799999999999,6394.08,0.0
2011-12-18 03:00:00,B3820,0.119,0.0,0.0,36.33,0.119,5812.799999999999,6394.08,0.0
2011-12-18 04:00:00,B3820,0.119,0.0,0.0,36.33,0.119,5812.799999999999,6394.08,0.0
2011-12-18 05:00:00,B3820,0.214,0.0,0.0,36.33,0.214,5812.799999999999,6394.08,0.0
2011-12-18 06:00:00,B3820,0.787,0.0,0.0,36.33,0.787,5812.799999999999,6394.08,0.0
2011-12-18 07:00:00,B3820,0.215,0.0,0.0,36.33,0.215,5812.799999999999,6394.08,0.0
2011-12-18 08:00:00,B3820,2.52,2.4,0.0,36.33,2.52,5812.799999999999,6394.08,0.0
2011-12-18 09:00:00,B3820,2.52,2.4,0.28,36.33,2.21,5812.799999999999,6394.08,0.31
2011-12-18 10:00:00,B3820,2.52,2.4,0.36,36.33,2.14,5812.799999999999,6394.08,0.38
2011-12-18 11:00:00,B3820,2.52,2.4,0.43,36.33,2.08,5812.799999999999,6394.08,0.44
2011-12-18 12:00:00,B3820,3.187,2.4,0.44,36.33,2.747,5812.799999999999,6394.08,0.44
2011-12-18 13:00:00,B3820,0.215,0.0,0.41,36.33,-0.19499999999999998,5812.799999999999,6394.08,0.41
2011-12-18 14:00:00,B3820,0.12,0.0,0.38,36.33,-0.26,5812.799999999999,6394.08,0.38
2011-12-18 15:00:00,B3820,0.12,0.0,0.28,36.33,-0.16000000000000003,5812.799999999999,6394.08,0.28
2011-12-18 16:00:00,B3820,0.12,0.0,0.0,36.33,0.12,5812.799999999999,6394.08,0.0
2011-12-18 17:00:00,B3820,0.215,0.0,0.0,36.33,0.215,5812.799999999999,6394.08,0.0
2011-12-18 18:00:00,B3820,0.787,0.0,0.0,36.33,0.787,5812.799999999999,6394.08,0.0
2011-12-18 19:00:00,B3820,0.978,0.0,0.0,36.33,0.978,5812.799999999999,6394.08,0.0
2011-12-18 20:00:00,B3820,0.215,0.0,0.0,36.33,0.215,5812.799999999999,6394.08,0.0
2011-12-18 21:00:00,B3820,0.214,0.0,0.0,36.33,0.214,5812.799999999999,6394.08,0.0
2011-12-18 22:00:00,B3820,0.214,0.0,0.0,36.33,0.214,5812.799999999999,6394.08,0.0
2011-12-18 23:00:00,B3820,0.119,0.0,0.0,36.33,0.119,5812.799999999999,6394.08,0.0
2011-12-19 00:00:00,B3820,2.519,2.4,0.0,36.33,2.519,5812.799999999999,6394.08,0.0
2011-12-19 01:00:00,B3820,2.519,2.4,0.0,36.33,2.519,5812.799999999999,6394.08,0.0
2011-12-19 02:00:00,B3820,2.519,2.4,0.0,36.33,2.519,5812.799999999999,6394.08,0.0
2011-12-19 03:00:00,B3820,2.519,2.4,0.0,36.33,2.519,5812.799999999999,6394.08,0.0
2011-12-19 04:00:00,B3820,2.519,2.4,0.0,36.33,2.519,5812.799999999999,6394.08,0.0
2011-12-19 05:00:00,B3820,0.214,0.0,0.0,36.33,0.214,5812.799999999999,6394.08,0.0
2011-12-19 06:00:00,B3820,0.787,0.0,0.0,36.33,0.787,5812.799999999999,6394.08,0.0
2011-12-19 07:00:00,B3820,0.215,0.0,0.0,36.33,0.215,5812.799999999999,6394.08,0.0
2011-12-19 08:00:00,B3820,0.12,0.0,0.0,36.33,0.12,5812.799999999999,6394.08,0.0
2011-12-19 09:00:00,B3820,0.12,0.0,0.63,36.33,-0.54,5812.799999999999,6394.08,0.66
2011-12-19 10:00:00,B3820,0.12,0.0,0.61,36.33,-0.51,5812.799999999999,6394.08,0.63
2011-12-19 11:00:00,B3820,0.12,0.0,0.44,36.33,-0.33,5812.799999999999,6394.08,0.45
2011-12-19 12:00:00,B3820,0.787,0.0,0.4,36.33,0.37700000000000006,5812.799999999999,6394.08,0.41
2011-12-19 13:00:00,B3820,0.215,0.0,0.39,36.33,-0.18500000000000003,5812.799999999999,6394.08,0.4
2011-12-19 14:00:00,B3820,0.12,0.0,0.36,36.33,-0.24,5812.799999999999,6394.08,0.36
2011-12-19 15:00:00,B3820,0.12,0.0,0.27,36.33,-0.15000000000000002,5812.799999999999,6394.08,0.27
2011-12-19 16:00:00,B3820,0.12,0.0,0.0,36.33,0.12,5812.799999999999,6394.08,0.0
2011-12-19 17:00:00,B3820,0.215,0.0,0.0,36.33,0.215,5812.799999999999,6394.08,0.0
2011-12-19 18:00:00,B3820,0.787,0.0,0.0,36.33,0.787,5812.799999999999,6394.08,0.0
2011-12-19 19:00:00,B3820,0.978,0.0,0.0,36.33,0.978,5812.799999999999,6394.08,0.0
2011-12-19 20:00:00,B3820,0.215,0.0,0.0,36.33,0.215,5812.799999999999,6394.08,0.0
2011-12-19 21:00:00,B3820,0.214,0.0,0.0,36.33,0.214,5812.799999999999,6394.08,0.0
2011-12-19 22:00:00,B3820,0.214,0.0,0.0,36.33,0.214,5812.799999999999,6394.08,0.0
2011-12-19 23:00:00,B3820,0.119,0.0,0.0,36.33,0.119,5812.799999999999,6394.08,0.0
2011-12-20 00:00:00,B3820,2.519,2.4,0.0,36.33,2.519,5812.799999999999,6394.08,0.0
2011-12-20 01:00:00,B3820,2.519,2.4,0.0,36.33,2.519,5812.799999999999,6394.08,0.0
2011-12-20 02:00:00,B3820,2.519,2.4,0.0,36.33,2.519,5812.799999999999,6394.08,0.0
2011-12-20 03:00:00,B3820,2.519,2.4,0.0,36.33,2.519,5812.799999999999,6394.08,0.0
2011-12-20 04:00:00,B3820,2.519,2.4,0.0,36.33,2.519,5812.799999999999,6394.08,0.0
2011-12-20 05:00:00,B3820,0.214,0.0,0.0,36.33,0.214,5812.799999999999,6394.08,0.0
2011-12-20 06:00:00,B3820,0.787,0.0,0.0,36.33,0.787,5812.799999999999,6394.08,0.0
2011-12-20 07:00:00,B3820,0.215,0.0,0.0,36.33,0.215,5812.799999999999,6394.08,0.0
2011-12-20 08:00:00,B3820,0.12,0.0,0.0,36.33,0.12,5812.799999999999,6394.08,0.0
2011-12-20 09:00:00,B3820,0.12,0.0,0.27,36.33,-0.18,5812.799999999999,6394.08,0.3
2011-12-20 10:00:00,B3820,0.12,0.0,0.35,36.33,-0.25,5812.799999999999,6394.08,0.37
2011-12-20 11:00:00,B3820,0.12,0.0,0.41,36.33,-0.3,5812.799999999999,6394.08,0.42
2011-12-20 12:00:00,B3820,0.787,0.0,0.43,36.33,0.34700000000000003,5812.799999999999,6394.08,0.44
2011-12-20 13:00:00,B3820,0.215,0.0,0.41,36.33,-0.19499999999999998,5812.799999999999,6394.08,0.41
2011-12-20 14:00:00,B3820,0.12,0.0,0.38,36.33,-0.26,5812.799999999999,6394.08,0.38
2011-12-20 15:00:00,B3820,0.12,0.0,0.28,36.33,-0.16000000000000003,5812.799999999999,6394.08,0.28
2011-12-20 16:00:00,B3820,0.12,0.0,0.0,36.33,0.12,5812.799999999999,6394.08,0.0
2011-12-20 17:00:00,B3820,0.215,0.0,0.0,36.33,0.215,5812.799999999999,6394.08,0.0
2011-12-20 18:00:00,B3820,0.787,0.0,0.0,36.33,0.787,5812.799999999999,6394.08,0.0
2011-12-20 19:00:00,B3820,0.978,0.0,0.0,36.33,0.978,5812.799999999999,6394.08,0.0
2011-12-20 20:00:00,B3820,0.215,0.0,0.0,36.33,0.215,5812.799999999999,6394.08,0.0
2011-12-20 21:00:00,B3820,0.214,0.0,0.0,36.33,0.214,5812.799999999999,6394.08,0.0
2011-12-20 22:00:00,B3820,0.214,0.0,0.0,36.33,0.214,5812.799999999999,6394.08,0.0
2011-12-20 23:00:00,B3820,0.119,0.0,0.0,36.33,0.119,5812.799999999999,6394.08,0.0
2011-12-21 00:00:00,B3820,2.519,2.4,0.0,36.33,2.519,5812.799999999999,6394.08,0.0
2011-12-21 01:00:00,B3820,2.519,2.4,0.0,36.33,2.519,5812.799999999999,6394.08,0.0
2011-12-21 02:00:00,B3820,2.519,2.4,0.0,36.33,2.519,5812.799999999999,6394.08,0.0
2011-12-21 03:00:00,B3820,2.519,2.4,0.0,36.33,2.519,5812.799999999999,6394.08,0.0
2011-12-21 04:00:00,B3820,2.519,2.4,0.0,36.33,2.519,5812.799999999999,6394.08,0.0
2011-12-21 05:00:00,B3820,0.214,0.0,0.0,36.33,0.214,5812.799999999999,6394.08,0.0
2011-12-21 06:00:00,B3820,0.787,0.0,0.0,36.33,0.787,5812.799999999999,6394.08,0.0
2011-12-21 07:00:00,B3820,0.215,0.0,0.0,36.33,0.215,5812.799999999999,6394.08,0.0
2011-12-21 08:00:00,B3820,0.12,0.0,0.0,36.33,0.12,5812.799999999999,6394.08,0.0
2011-12-21 09:00:00,B3820,0.12,0.0,0.33,36.33,-0.24,5812.799999999999,6394.08,0.36
2011-12-21 10:00:00,B3820,0.12,0.0,0.48,36.33,-0.38,5812.799999999999,6394.08,0.5
2011-12-21 11:00:00,B3820,0.12,0.0,0.68,36.33,-0.58,5812.799999999999,6394.08,0.7
2011-12-21 12:00:00,B3820,0.786,0.0,0.78,36.33,-0.0040000000000000036,5812.799999999999,6394.08,0.79
2011-12-21 13:00:00,B3820,0.215,0.0,0.66,36.33,-0.45500000000000007,5812.799999999999,6394.08,0.67
2011-12-21 14:00:00,B3820,0.12,0.0,0.5,36.33,-0.38,5812.799999999999,6394.08,0.5
2011-12-21 15:00:00,B3820,0.12,0.0,0.3,36.33,-0.18,5812.799999999999,6394.08,0.3
2011-12-21 16:00:00,B3820,0.12,0.0,0.0,36.33,0.12,5812.799999999999,6394.08,0.0
2011-12-21 17:00:00,B3820,0.215,0.0,0.0,36.33,0.215,5812.799999999999,6394.08,0.0
2011-12-21 18:00:00,B3820,0.787,0.0,0.0,36.33,0.787,5812.799999999999,6394.08,0.0
2011-12-21 19:00:00,B3820,0.977,0.0,0.0,36.33,0.977,5812.799999999999,6394.08,0.0
2011-12-21 20:00:00,B3820,0.215,0.0,0.0,36.33,0.215,5812.799999999999,6394.08,0.0
2011-12-21 21:00:00,B3820,0.214,0.0,0.0,36.33,0.214,5812.799999999999,6394.08,0.0
2011-12-21 22:00:00,B3820,0.214,0.0,0.0,36.33,0.214,5812.799999999999,6394.08,0.0
2011-12-21 23:00:00,B3820,0.119,0.0,0.0,36.33,0.119,5812.799999999999,6394.08,0.0
2011-12-22 00:00:00,B3820,2.519,2.4,0.0,36.33,2.519,5812.799999999999,6394.08,0.0
2011-12-22 01:00:00,B3820,2.519,2.4,0.0,36.33,2.519,5812.799999999999,6394.08,0.0
2011-12-22 02:00:00,B3820,2.519,2.4,0.0,36.33,2.519,5812.799999999999,6394.08,0.0
2011-12-22 03:00:00,B3820,2.519,2.4,0.0,36.33,2.519,5812.799999999999,6394.08,0.0
2011-12-22 04:00:00,B3820,2.519,2.4,0.0,36.33,2.519,5812.799999999999,6394.08,0.0
2011-12-22 05:00:00,B3820,0.214,0.0,0.0,36.33,0.214,5812.799999999999,6394.08,0.0
2011-12-22 06:00:00,B3820,0.787,0.0,0.0,36.33,0.787,5812.799999999999,6394.08,0.0
2011-12-22 07:00:00,B3820,0.215,0.0,0.0,36.33,0.215,5812.799999999999,6394.08,0.0
2011-12-22 08:00:00,B3820,0.12,0.0,0.0,36.33,0.12,5812.799999999999,6394.08,0.0
2011-12-22 09:00:00,B3820,0.12,0.0,0.46,36.33,-0.36,5812.799999999999,6394.08,0.48
2011-12-22 10:00:00,B3820,0.12,0.0,0.65,36.33,-0.55,5812.799999999999,6394.08,0.67
2011-12-22 11:00:00,B3820,0.12,0.0,0.86,36.33,-0.76,5812.799999999999,6394.08,0.88
2011-12-22 12:00:00,B3820,0.786,0.0,0.94,36.33,-0.17399999999999993,5812.799999999999,6394.08,0.96
2011-12-22 13:00:00,B3820,0.215,0.0,0.86,36.33,-0.665,5812.799999999999,6394.08,0.88
2011-12-22 14:00:00,B3820,0.12,0.0,0.68,36.33,-0.57,5812.799999999999,6394.08,0.69
2011-12-22 15:00:00,B3820,0.12,0.0,0.39,36.33,-0.27,5812.799999999999,6394.08,0.39
2011-12-22 16:00:00,B3820,0.12,0.0,0.0,36.33,0.12,5812.799999999999,6394.08,0.0
2011-12-22 17:00:00,B3820,0.215,0.0,0.0,36.33,0.215,5812.799999999999,6394.08,0.0
2011-12-22 18:00:00,B3820,0.787,0.0,0.0,36.33,0.787,5812.799999999999,6394.08,0.0
2011-12-22 19:00:00,B3820,0.977,0.0,0.0,36.33,0.977,5812.799999999999,6394.08,0.0
2011-12-22 20:00:00,B3820,0.215,0.0,0.0,36.33,0.215,5812.799999999999,6394.08,0.0
2011-12-22 21:00:00,B3820,0.214,0.0,0.0,36.33,0.214,5812.799999999999,6394.08,0.0
2011-12-22 22:00:00,B3820,0.214,0.0,0.0,36.33,0.214,5812.799999999999,6394.08,0.0
2011-12-22 23:00:00,B3820,0.119,0.0,0.0,36.33,0.119,5812.799999999999,6394.08,0.0
2011-12-23 00:00:00,B3820,2.519,2.4,0.0,36.33,2.519,5812.799999999999,6394.08,0.0
2011-12-23 01:00:00,B3820,2.519,2.4,0.0,36.33,2.519,5812.799999999999,6394.08,0.0
2011-12-23 02:00:00,B3820,2.519,2.4,0.0,36.33,2.519,5812.799999999999,6394.08,0.0
2011-12-23 03:00:00,B3820,2.519,2.4,0.0,36.33,2.519,5812.799999999999,6394.08,0.0
2011-12-23 04:00:00,B3820,2.519,2.4,0.0,36.33,2.519,5812.799999999999,6394.08,0.0
2011-12-23 05:00:00,B3820,0.214,0.0,0.0,36.33,0.214,5812.799999999999,6394.08,0.0
2011-12-23 06:00:00,B3820,0.787,0.0,0.0,36.33,0.787,5812.799999999999,6394.08,0.0
2011-12-23 07:00:00,B3820,0.215,0.0,0.0,36.33,0.215,5812.799999999999,6394.08,0.0
2011-12-23 08:00:00,B3820,0.12,0.0,0.0,36.33,0.12,5812.799999999999,6394.08,0.0
2011-12-23 09:00:00,B3820,0.12,0.0,0.53,36.33,-0.44000000000000006,5812.799999999999,6394.08,0.56
2011-12-23 10:00:00,B3820,0.12,0.0,0.82,36.33,-0.73,5812.799999999999,6394.08,0.85
2011-12-23 11:00:00,B3820,0.12,0.0,0.95,36.33,-0.86,5812.799999999999,6394.08,0.98
2011-12-23 12:00:00,B3820,0.787,0.0,0.96,36.33,-0.19299999999999995,5812.799999999999,6394.08,0.98
2011-12-23 13:00:00,B3820,0.215,0.0,0.86,36.33,-0.655,5812.799999999999,6394.08,0.87
2011-12-23 14:00:00,B3820,0.12,0.0,0.65,36.33,-0.54,5812.799999999999,6394.08,0.66
2011-12-23 15:00:00,B3820,0.12,0.0,0.38,36.33,-0.26,5812.799999999999,6394.08,0.38
2011-12-23 16:00:00,B3820,0.12,0.0,0.0,36.33,0.12,5812.799999999999,6394.08,0.0
2011-12-23 17:00:00,B3820,0.215,0.0,0.0,36.33,0.215,5812.799999999999,6394.08,0.0
2011-12-23 18:00:00,B3820,0.787,0.0,0.0,36.33,0.787,5812.799999999999,6394.08,0.0
2011-12-23 19:00:00,B3820,0.977,0.0,0.0,36.33,0.977,5812.799999999999,6394.08,0.0
2011-12-23 20:00:00,B3820,0.215,0.0,0.0,36.33,0.215,5812.799999999999,6394.08,0.0
2011-12-23 21:00:00,B3820,0.214,0.0,0.0,36.33,0.214,5812.799999999999,6394.08,0.0
2011-12-23 22:00:00,B3820,0.214,0.0,0.0,36.33,0.214,5812.799999999999,6394.08,0.0
2011-12-23 23:00:00,B3820,0.119,0.0,0.0,36.33,0.119,5812.799999999999,6394.08,0.0
2011-12-24 00:00:00,B3820,0.119,0.0,0.0,36.33,0.119,5812.799999999999,6394.08,0.0
2011-12-24 01:00:00,B3820,0.119,0.0,0.0,36.33,0.119,5812.799999999999,6394.08,0.0
2011-12-24 02:00:00,B3820,0.119,0.0,0.0,36.33,0.119,5812.799999999999,6394.08,0.0
2011-12-24 03:00:00,B3820,0.119,0.0,0.0,36.33,0.119,5812.799999999999,6394.08,0.0
2011-12-24 04:00:00,B3820,0.119,0.0,0.0,36.33,0.119,5812.799999999999,6394.08,0.0
2011-12-24 05:00:00,B3820,0.214,0.0,0.0,36.33,0.214,5812.799999999999,6394.08,0.0
2011-12-24 06:00:00,B3820,0.787,0.0,0.0,36.33,0.787,5812.799999999999,6394.08,0.0
2011-12-24 07:00:00,B3820,0.215,0.0,0.0,36.33,0.215,5812.799999999999,6394.08,0.0
2011-12-24 08:00:00,B3820,2.52,2.4,0.0,36.33,2.52,5812.799999999999,6394.08,0.0
2011-12-24 09:00:00,B3820,2.52,2.4,0.28,36.33,2.21,5812.799999999999,6394.08,0.31
2011-12-24 10:00:00,B3820,2.52,2.4,0.35,36.33,2.15,5812.799999999999,6394.08,0.37
2011-12-24 11:00:00,B3820,2.52,2.4,0.39,36.33,2.12,5812.799999999999,6394.08,0.4
2011-12-24 12:00:00,B3820,3.187,2.4,0.41,36.33,2.767,5812.799999999999,6394.08,0.42
2011-12-24 13:00:00,B3820,0.215,0.0,0.4,36.33,-0.19499999999999998,5812.799999999999,6394.08,0.41
2011-12-24 14:00:00,B3820,0.12,0.0,0.37,36.33,-0.25,5812.799999999999,6394.08,0.37
2011-12-24 15:00:00,B3820,0.12,0.0,0.28,36.33,-0.16000000000000003,5812.799999999999,6394.08,0.28
2011-12-24 16:00:00,B3820,0.12,0.0,0.0,36.33,0.12,5812.799999999999,6394.08,0.0
2011-12-24 17:00:00,B3820,0.215,0.0,0.0,36.33,0.215,5812.799999999999,6394.08,0.0
2011-12-24 18:00:00,B3820,0.787,0.0,0.0,36.33,0.787,5812.799999999999,6394.08,0.0
2011-12-24 19:00:00,B3820,0.977,0.0,0.0,36.33,0.977,5812.799999999999,6394.08,0.0
2011-12-24 20:00:00,B3820,0.215,0.0,0.0,36.33,0.215,5812.799999999999,6394.08,0.0
2011-12-24 21:00:00,B3820,0.214,0.0,0.0,36.33,0.214,5812.799999999999,6394.08,0.0
2011-12-24 22:00:00,B3820,0.214,0.0,0.0,36.33,0.214,5812.799999999999,6394.08,0.0
2011-12-24 23:00:00,B3820,0.119,0.0,0.0,36.33,0.119,5812.799999999999,6394.08,0.0
2011-12-25 00:00:00,B3820,0.119,0.0,0.0,36.33,0.119,5812.799999999999,6394.08,0.0
2011-12-25 01:00:00,B3820,0.119,0.0,0.0,36.33,0.119,5812.799999999999,6394.08,0.0
2011-12-25 02:00:00,B3820,0.119,0.0,0.0,36.33,0.119,5812.799999999999,6394.08,0.0
2011-12-25 03:00:00,B3820,0.119,0.0,0.0,36.33,0.119,5812.799999999999,6394.08,0.0
2011-12-25 04:00:00,B3820,0.119,0.0,0.0,36.33,0.119,5812.799999999999,6394.08,0.0
2011-12-25 05:00:00,B3820,0.214,0.0,0.0,36.33,0.214,5812.799999999999,6394.08,0.0
2011-12-25 06:00:00,B3820,0.787,0.0,0.0,36.33,0.787,5812.799999999999,6394.08,0.0
2011-12-25 07:00:00,B3820,0.215,0.0,0.0,36.33,0.215,5812.799999999999,6394.08,0.0
2011-12-25 08:00:00,B3820,2.52,2.4,0.0,36.33,2.52,5812.799999999999,6394.08,0.0
2011-12-25 09:00:00,B3820,2.52,2.4,0.27,36.33,2.21,5812.799999999999,6394.08,0.31
2011-12-25 10:00:00,B3820,2.52,2.4,0.35,36.33,2.15,5812.799999999999,6394.08,0.37
2011-12-25 11:00:00,B3820,2.52,2.4,0.4,36.33,2.11,5812.799999999999,6394.08,0.41
2011-12-25 12:00:00,B3820,3.187,2.4,0.42,36.33,2.767,5812.799999999999,6394.08,0.42
2011-12-25 13:00:00,B3820,0.215,0.0,0.41,36.33,-0.19499999999999998,5812.799999999999,6394.08,0.41
2011-12-25 14:00:00,B3820,0.12,0.0,0.37,36.33,-0.25,5812.799999999999,6394.08,0.37
2011-12-25 15:00:00,B3820,0.12,0.0,0.28,36.33,-0.16000000000000003,5812.799999999999,6394.08,0.28
2011-12-25 16:00:00,B3820,0.12,0.0,0.0,36.33,0.12,5812.799999999999,6394.08,0.0
2011-12-25 17:00:00,B3820,0.215,0.0,0.0,36.33,0.215,5812.799999999999,6394.08,0.0
2011-12-25 18:00:00,B3820,0.787,0.0,0.0,36.33,0.787,5812.799999999999,6394.08,0.0
2011-12-25 19:00:00,B3820,0.978,0.0,0.0,36.33,0.978,5812.799999999999,6394.08,0.0
2011-12-25 20:00:00,B3820,0.215,0.0,0.0,36.33,0.215,5812.799999999999,6394.08,0.0
2011-12-25 21:00:00,B3820,0.214,0.0,0.0,36.33,0.214,5812.799999999999,6394.08,0.0
2011-12-25 22:00:00,B3820,0.214,0.0,0.0,36.33,0.214,5812.799999999999,6394.08,0.0
2011-12-25 23:00:00,B3820,0.119,0.0,0.0,36.33,0.119,5812.799999999999,6394.08,0.0
2011-12-26 00:00:00,B3820,2.519,2.4,0.0,36.33,2.519,5812.799999999999,6394.08,0.0
2011-12-26 01:00:00,B3820,2.519,2.4,0.0,36.33,2.519,5812.799999999999,6394.08,0.0
2011-12-26 02:00:00,B3820,2.519,2.4,0.0,36.33,2.519,5812.799999999999,6394.08,0.0
2011-12-26 03:00:00,B3820,2.519,2.4,0.0,36.33,2.519,5812.799999999999,6394.08,0.0
2011-12-26 04:00:00,B3820,2.519,2.4,0.0,36.33,2.519,5812.799999999999,6394.08,0.0
2011-12-26 05:00:00,B3820,0.214,0.0,0.0,36.33,0.214,5812.799999999999,6394.08,0.0
2011-12-26 06:00:00,B3820,0.787,0.0,0.0,36.33,0.787,5812.799999999999,6394.08,0.0
2011-12-26 07:00:00,B3820,0.215,0.0,0.0,36.33,0.215,5812.799999999999,6394.08,0.0
2011-12-26 08:00:00,B3820,0.12,0.0,0.0,36.33,0.12,5812.799999999999,6394.08,0.0
2011-12-26 09:00:00,B3820,0.12,0.0,0.27,36.33,-0.18,5812.799999999999,6394.08,0.3
2011-12-26 10:00:00,B3820,0.12,0.0,0.35,36.33,-0.25,5812.799999999999,6394.08,0.37
2011-12-26 11:00:00,B3820,0.12,0.0,0.39,36.33,-0.28,5812.799999999999,6394.08,0.4
2011-12-26 12:00:00,B3820,0.787,0.0,0.41,36.33,0.36700000000000005,5812.799999999999,6394.08,0.42
2011-12-26 13:00:00,B3820,0.215,0.0,0.41,36.33,-0.19499999999999998,5812.799999999999,6394.08,0.41
2011-12-26 14:00:00,B3820,0.12,0.0,0.37,36.33,-0.25,5812.799999999999,6394.08,0.37
2011-12-26 15:00:00,B3820,0.12,0.0,0.28,36.33,-0.16000000000000003,5812.799999999999,6394.08,0.28
2011-12-26 16:00:00,B3820,0.12,0.0,0.0,36.33,0.12,5812.799999999999,6394.08,0.0
2011-12-26 17:00:00,B3820,0.215,0.0,0.0,36.33,0.215,5812.799999999999,6394.08,0.0
2011-12-26 18:00:00,B3820,0.787,0.0,0.0,36.33,0.787,5812.799999999999,6394.08,0.0
2011-12-26 19:00:00,B3820,0.978,0.0,0.0,36.33,0.978,5812.799999999999,6394.08,0.0
2011-12-26 20:00:00,B3820,0.215,0.0,0.0,36.33,0.215,5812.799999999999,6394.08,0.0
2011-12-26 21:00:00,B3820,0.214,0.0,0.0,36.33,0.214,5812.799999999999,6394.08,0.0
2011-12-26 22:00:00,B3820,0.214,0.0,0.0,36.33,0.214,5812.799999999999,6394.08,0.0
2011-12-26 23:00:00,B3820,0.119,0.0,0.0,36.33,0.119,5812.799999999999,6394.08,0.0
2011-12-27 00:00:00,B3820,2.519,2.4,0.0,36.33,2.519,5812.799999999999,6394.08,0.0
2011-12-27 01:00:00,B3820,2.519,2.4,0.0,36.33,2.519,5812.799999999999,6394.08,0.0
2011-12-27 02:00:00,B3820,2.519,2.4,0.0,36.33,2.519,5812.799999999999,6394.08,0.0
2011-12-27 03:00:00,B3820,2.519,2.4,0.0,36.33,2.519,5812.799999999999,6394.08,0.0
2011-12-27 04:00:00,B3820,2.519,2.4,0.0,36.33,2.519,5812.799999999999,6394.08,0.0
2011-12-27 05:00:00,B3820,0.214,0.0,0.0,36.33,0.214,5812.799999999999,6394.08,0.0
2011-12-27 06:00:00,B3820,0.787,0.0,0.0,36.33,0.787,5812.799999999999,6394.08,0.0
2011-12-27 07:00:00,B3820,0.215,0.0,0.0,36.33,0.215,5812.799999999999,6394.08,0.0
2011-12-27 08:00:00,B3820,0.12,0.0,0.0,36.33,0.12,5812.799999999999,6394.08,0.0
2011-12-27 09:00:00,B3820,0.12,0.0,0.27,36.33,-0.19,5812.799999999999,6394.08,0.31
2011-12-27 10:00:00,B3820,0.12,0.0,0.36,36.33,-0.25,5812.799999999999,6394.08,0.37
2011-12-27 11:00:00,B3820,0.12,0.0,0.4,36.33,-0.28,5812.799999999999,6394.08,0.4
2011-12-27 12:00:00,B3820,0.787,0.0,0.42,36.33,0.36700000000000005,5812.799999999999,6394.08,0.42
2011-12-27 13:00:00,B3820,0.215,0.0,0.4,36.33,-0.19499999999999998,5812.799999999999,6394.08,0.41
2011-12-27 14:00:00,B3820,0.12,0.0,0.37,36.33,-0.25,5812.799999999999,6394.08,0.37
2011-12-27 15:00:00,B3820,0.12,0.0,0.27,36.33,-0.15000000000000002,5812.799999999999,6394.08,0.27
2011-12-27 16:00:00,B3820,0.12,0.0,0.0,36.33,0.12,5812.799999999999,6394.08,0.0
2011-12-27 17:00:00,B3820,0.215,0.0,0.0,36.33,0.215,5812.799999999999,6394.08,0.0
2011-12-27 18:00:00,B3820,0.787,0.0,0.0,36.33,0.787,5812.799999999999,6394.08,0.0
2011-12-27 19:00:00,B3820,0.978,0.0,0.0,36.33,0.978,5812.799999999999,6394.08,0.0
2011-12-27 20:00:00,B3820,0.215,0.0,0.0,36.33,0.215,5812.799999999999,6394.08,0.0
2011-12-27 21:00:00,B3820,0.214,0.0,0.0,36.33,0.214,5812.799999999999,6394.08,0.0
2011-12-27 22:00:00,B3820,0.214,0.0,0.0,36.33,0.214,5812.799999999999,6394.08,0.0
2011-12-27 23:00:00,B3820,0.119,0.0,0.0,36.33,0.119,5812.799999999999,6394.08,0.0
2011-12-28 00:00:00,B3820,2.519,2.4,0.0,36.33,2.519,5812.799999999999,6394.08,0.0
2011-12-28 01:00:00,B3820,2.519,2.4,0.0,36.33,2.519,5812.799999999999,6394.08,0.0
2011-12-28 02:00:00,B3820,2.519,2.4,0.0,36.33,2.519,5812.799999999999,6394.08,0.0
2011-12-28 03:00:00,B3820,2.519,2.4,0.0,36.33,2.519,5812.799999999999,6394.08,0.0
2011-12-28 04:00:00,B3820,2.519,2.4,0.0,36.33,2.519,5812.799999999999,6394.08,0.0
2011-12-28 05:00:00,B3820,0.214,0.0,0.0,36.33,0.214,5812.799999999999,6394.08,0.0
2011-12-28 06:00:00,B3820,0.787,0.0,0.0,36.33,0.787,5812.799999999999,6394.08,0.0
2011-12-28 07:00:00,B3820,0.215,0.0,0.0,36.33,0.215,5812.799999999999,6394.08,0.0
2011-12-28 08:00:00,B3820,0.12,0.0,0.0,36.33,0.12,5812.799999999999,6394.08,0.0
2011-12-28 09:00:00,B3820,0.12,0.0,0.27,36.33,-0.18,5812.799999999999,6394.08,0.3
2011-12-28 10:00:00,B3820,0.12,0.0,0.35,36.33,-0.25,5812.799999999999,6394.08,0.37
2011-12-28 11:00:00,B3820,0.12,0.0,0.39,36.33,-0.28,5812.799999999999,6394.08,0.4
2011-12-28 12:00:00,B3820,0.787,0.0,0.41,36.33,0.36700000000000005,5812.799999999999,6394.08,0.42
2011-12-28 13:00:00,B3820,0.215,0.0,0.41,36.33,-0.205,5812.799999999999,6394.08,0.42
2011-12-28 14:00:00,B3820,0.12,0.0,0.38,36.33,-0.26,5812.799999999999,6394.08,0.38
2011-12-28 15:00:00,B3820,0.12,0.0,0.28,36.33,-0.16000000000000003,5812.799999999999,6394.08,0.28
2011-12-28 16:00:00,B3820,0.12,0.0,0.0,36.33,0.12,5812.799999999999,6394.08,0.0
2011-12-28 17:00:00,B3820,0.215,0.0,0.0,36.33,0.215,5812.799999999999,6394.08,0.0
2011-12-28 18:00:00,B3820,0.787,0.0,0.0,36.33,0.787,5812.799999999999,6394.08,0.0
2011-12-28 19:00:00,B3820,0.978,0.0,0.0,36.33,0.978,5812.799999999999,6394.08,0.0
2011-12-28 20:00:00,B3820,0.215,0.0,0.0,36.33,0.215,5812.799999999999,6394.08,0.0
2011-12-28 21:00:00,B3820,0.214,0.0,0.0,36.33,0.214,5812.799999999999,6394.08,0.0
2011-12-28 22:00:00,B3820,0.214,0.0,0.0,36.33,0.214,5812.799999999999,6394.08,0.0
2011-12-28 23:00:00,B3820,0.119,0.0,0.0,36.33,0.119,5812.799999999999,6394.08,0.0
2011-12-29 00:00:00,B3820,2.519,2.4,0.0,36.33,2.519,5812.799999999999,6394.08,0.0
2011-12-29 01:00:00,B3820,2.519,2.4,0.0,36.33,2.519,5812.799999999999,6394.08,0.0
2011-12-29 02:00:00,B3820,2.519,2.4,0.0,36.33,2.519,5812.799999999999,6394.08,0.0
2011-12-29 03:00:00,B3820,2.519,2.4,0.0,36.33,2.519,5812.799999999999,6394.08,0.0
2011-12-29 04:00:00,B3820,2.519,2.4,0.0,36.33,2.519,5812.799999999999,6394.08,0.0
2011-12-29 05:00:00,B3820,0.214,0.0,0.0,36.33,0.214,5812.799999999999,6394.08,0.0
2011-12-29 06:00:00,B3820,0.787,0.0,0.0,36.33,0.787,5812.799999999999,6394.08,0.0
2011-12-29 07:00:00,B3820,0.215,0.0,0.0,36.33,0.215,5812.799999999999,6394.08,0.0
2011-12-29 08:00:00,B3820,0.12,0.0,0.0,36.33,0.12,5812.799999999999,6394.08,0.0
2011-12-29 09:00:00,B3820,0.12,0.0,0.27,36.33,-0.18,5812.799999999999,6394.08,0.3
2011-12-29 10:00:00,B3820,0.12,0.0,0.35,36.33,-0.25,5812.799999999999,6394.08,0.37
2011-12-29 11:00:00,B3820,0.12,0.0,0.39,36.33,-0.28,5812.799999999999,6394.08,0.4
2011-12-29 12:00:00,B3820,0.787,0.0,0.41,36.33,0.36700000000000005,5812.799999999999,6394.08,0.42
2011-12-29 13:00:00,B3820,0.215,0.0,0.4,36.33,-0.19499999999999998,5812.799999999999,6394.08,0.41
2011-12-29 14:00:00,B3820,0.12,0.0,0.37,36.33,-0.25,5812.799999999999,6394.08,0.37
2011-12-29 15:00:00,B3820,0.12,0.0,0.28,36.33,-0.16000000000000003,5812.799999999999,6394.08,0.28
2011-12-29 16:00:00,B3820,0.12,0.0,0.0,36.33,0.12,5812.799999999999,6394.08,0.0
2011-12-29 17:00:00,B3820,0.215,0.0,0.0,36.33,0.215,5812.799999999999,6394.08,0.0
2011-12-29 18:00:00,B3820,0.787,0.0,0.0,36.33,0.787,5812.799999999999,6394.08,0.0
2011-12-29 19:00:00,B3820,0.978,0.0,0.0,36.33,0.978,5812.799999999999,6394.08,0.0
2011-12-29 20:00:00,B3820,0.215,0.0,0.0,36.33,0.215,5812.799999999999,6394.08,0.0
2011-12-29 21:00:00,B3820,0.214,0.0,0.0,36.33,0.214,5812.799999999999,6394.08,0.0
2011-12-29 22:00:00,B3820,0.214,0.0,0.0,36.33,0.214,5812.799999999999,6394.08,0.0
2011-12-29 23:00:00,B3820,0.119,0.0,0.0,36.33,0.119,5812.799999999999,6394.08,0.0
2011-12-30 00:00:00,B3820,2.519,2.4,0.0,36.33,2.519,5812.799999999999,6394.08,0.0
2011-12-30 01:00:00,B3820,2.519,2.4,0.0,36.33,2.519,5812.799999999999,6394.08,0.0
2011-12-30 02:00:00,B3820,2.519,2.4,0.0,36.33,2.519,5812.799999999999,6394.08,0.0
2011-12-30 03:00:00,B3820,2.519,2.4,0.0,36.33,2.519,5812.799999999999,6394.08,0.0
2011-12-30 04:00:00,B3820,2.519,2.4,0.0,36.33,2.519,5812.799999999999,6394.08,0.0
2011-12-30 05:00:00,B3820,0.214,0.0,0.0,36.33,0.214,5812.799999999999,6394.08,0.0
2011-12-30 06:00:00,B3820,0.787,0.0,0.0,36.33,0.787,5812.799999999999,6394.08,0.0
2011-12-30 07:00:00,B3820,0.215,0.0,0.0,36.33,0.215,5812.799999999999,6394.08,0.0
2011-12-30 08:00:00,B3820,0.12,0.0,0.0,36.33,0.12,5812.799999999999,6394.08,0.0
2011-12-30 09:00:00,B3820,0.12,0.0,0.27,36.33,-0.18,5812.799999999999,6394.08,0.3
2011-12-30 10:00:00,B3820,0.12,0.0,0.36,36.33,-0.25,5812.799999999999,6394.08,0.37
2011-12-30 11:00:00,B3820,0.12,0.0,0.39,36.33,-0.28,5812.799999999999,6394.08,0.4
2011-12-30 12:00:00,B3820,0.787,0.0,0.41,36.33,0.36700000000000005,5812.799999999999,6394.08,0.42
2011-12-30 13:00:00,B3820,0.215,0.0,0.41,36.33,-0.19499999999999998,5812.799999999999,6394.08,0.41
2011-12-30 14:00:00,B3820,0.12,0.0,0.37,36.33,-0.25,5812.799999999999,6394.08,0.37
2011-12-30 15:00:00,B3820,0.12,0.0,0.28,36.33,-0.16000000000000003,5812.799999999999,6394.08,0.28
2011-12-30 16:00:00,B3820,0.12,0.0,0.0,36.33,0.12,5812.799999999999,6394.08,0.0
2011-12-30 17:00:00,B3820,0.215,0.0,0.0,36.33,0.215,5812.799999999999,6394.08,0.0
2011-12-30 18:00:00,B3820,0.787,0.0,0.0,36.33,0.787,5812.799999999999,6394.08,0.0
2011-12-30 19:00:00,B3820,0.978,0.0,0.0,36.33,0.978,5812.799999999999,6394.08,0.0
2011-12-30 20:00:00,B3820,0.215,0.0,0.0,36.33,0.215,5812.799999999999,6394.08,0.0
2011-12-30 21:00:00,B3820,0.214,0.0,0.0,36.33,0.214,5812.799999999999,6394.08,0.0
2011-12-30 22:00:00,B3820,0.214,0.0,0.0,36.33,0.214,5812.799999999999,6394.08,0.0
2011-12-30 23:00:00,B3820,0.119,0.0,0.0,36.33,0.119,5812.799999999999,6394.08,0.0
2011-12-31 00:00:00,B3820,0.119,0.0,0.0,36.33,0.119,5812.799999999999,6394.08,0.0
2011-12-31 01:00:00,B3820,0.119,0.0,0.0,36.33,0.119,5812.799999999999,6394.08,0.0
2011-12-31 02:00:00,B3820,0.119,0.0,0.0,36.33,0.119,5812.799999999999,6394.08,0.0
2011-12-31 03:00:00,B3820,0.119,0.0,0.0,36.33,0.119,5812.799999999999,6394.08,0.0
2011-12-31 04:00:00,B3820,0.119,0.0,0.0,36.33,0.119,5812.799999999999,6394.08,0.0
2011-12-31 05:00:00,B3820,0.214,0.0,0.0,36.33,0.214,5812.799999999999,6394.08,0.0
2011-12-31 06:00:00,B3820,0.787,0.0,0.0,36.33,0.787,5812.799999999999,6394.08,0.0
2011-12-31 07:00:00,B3820,0.215,0.0,0.0,36.33,0.215,5812.799999999999,6394.08,0.0
2011-12-31 08:00:00,B3820,2.52,2.4,0.0,36.33,2.52,5812.799999999999,6394.08,0.0
2011-12-31 09:00:00,B3820,2.52,2.4,0.36,36.33,2.12,5812.799999999999,6394.08,0.4
2011-12-31 10:00:00,B3820,2.52,2.4,0.48,36.33,2.02,5812.799999999999,6394.08,0.5
2011-12-31 11:00:00,B3820,2.52,2.4,0.58,36.33,1.9300000000000002,5812.799999999999,6394.08,0.59
2011-12-31 12:00:00,B3820,3.187,2.4,0.61,36.33,2.577,5812.799999999999,6394.08,0.61
2011-12-31 13:00:00,B3820,0.215,0.0,0.57,36.33,-0.365,5812.799999999999,6394.08,0.58
2011-12-31 14:00:00,B3820,0.12,0.0,0.52,36.33,-0.4,5812.799999999999,6394.08,0.52
2011-12-31 15:00:00,B3820,0.12,0.0,0.35,36.33,-0.22999999999999998,5812.799999999999,6394.08,0.35
2011-12-31 16:00:00,B3820,0.12,0.0,0.0,36.33,0.12,5812.799999999999,6394.08,0.0
2011-12-31 17:00:00,B3820,0.215,0.0,0.0,36.33,0.215,5812.799999999999,6394.08,0.0
2011-12-31 18:00:00,B3820,0.787,0.0,0.0,36.33,0.787,5812.799999999999,6394.08,0.0
2011-12-31 19:00:00,B3820,0.978,0.0,0.0,36.33,0.978,5812.799999999999,6394.08,0.0
2011-12-31 20:00:00,B3820,0.215,0.0,0.0,36.33,0.215,5812.799999999999,6394.08,0.0
2011-12-31 21:00:00,B3820,0.214,0.0,0.0,36.33,0.214,5812.799999999999,6394.08,0.0
2011-12-31 22:00:00,B3820,0.214,0.0,0.0,36.33,0.214,5812.799999999999,6394.08,0.0
2011-12-31 23:00:00,B3820,0.119,0.0,0.0,36.33,0.119,5812.799999999999,6394.08,0.0
